"fresh_id","chapter","section","requirement_text","category","implementation_target","verification_type","status","severity","frontend_evidence","backend_evidence","database_evidence","runtime_evidence","governance_evidence","tenant_scope_tested","limitations","finding_id","recommended_next_action"
"C1-1.1-001","1","1.1","This Constitution establishes the governing principles, policies, standards, and mandatory rules for the DX OSE Enterprise ERP Platform.","Descriptive Context","Governance Documentation","Documentation","NOT APPLICABLE","Info","","","","","","None — static audit pass","Category 'Descriptive Context' — no product/runtime enforcement test required.","","None"
"C1-1.1-002","1","1.1","It defines what the platform must do from a governance perspective.","Governance Document Requirement","Governance Documentation","Governance documentation","PASS","Info","","N/A — Ch1 governs constitution document hierarchy, not product runtime.","","","docs/governance/DX_OSE_CONSTITUTION_v2.0_FINAL.pdf (external); Gate A register Ch1 rows. docs/governance/ library present.","None — static audit pass","Governance document existence verified; subordinate doc conformance not re-certified here.","","None"
"C1-1.1-003","1","1.1","It is technology-neutral and shall remain valid regardless of changes to frontend, backend, database, or integration technologies.","Governance Document Requirement","Governance Documentation","Governance documentation","PASS","Info","","N/A — Ch1 governs constitution document hierarchy, not product runtime.","","","docs/governance/DX_OSE_CONSTITUTION_v2.0_FINAL.pdf (external); Gate A register Ch1 rows. docs/governance/ library present.","None — static audit pass","Governance document existence verified; subordinate doc conformance not re-certified here.","","None"
"C1-1.1-004","1","1.1","This Constitution is the Single Source of Truth (SSOT) for governance across the DX OSE ERP Platform.","Descriptive Context","Governance Documentation","Documentation","NOT APPLICABLE","Info","","","","","","None — static audit pass","Category 'Descriptive Context' — no product/runtime enforcement test required.","","None"
"C1-1.1-005","1","1.1","All subordinate governance, UX, workflow, access control, and implementation documents shall conform to this Constitution.","Governance Document Requirement","Governance Documentation","Governance documentation","PASS","Info","","N/A — Ch1 governs constitution document hierarchy, not product runtime.","","","docs/governance/DX_OSE_CONSTITUTION_v2.0_FINAL.pdf (external); Gate A register Ch1 rows. docs/governance/ library present.","None — static audit pass","Governance document existence verified; subordinate doc conformance not re-certified here.","","None"
"C1-1.2-001","1","1.2","When documents conflict, the higher-level document shall always prevail.","Governance Document Requirement","Governance Documentation","Governance documentation","PASS","Info","","N/A — Ch1 governs constitution document hierarchy, not product runtime.","","","docs/governance/DX_OSE_CONSTITUTION_v2.0_FINAL.pdf (external); Gate A register Ch1 rows. docs/governance/ library present.","None — static audit pass","Governance document existence verified; subordinate doc conformance not re-certified here.","","None"
"C1-1.2-002","1","1.2","No subordinate document may override or contradict this Constitution.","Governance Document Requirement","Governance Documentation","Governance documentation","PASS","Info","","N/A — Ch1 governs constitution document hierarchy, not product runtime.","","","docs/governance/DX_OSE_CONSTITUTION_v2.0_FINAL.pdf (external); Gate A register Ch1 rows. docs/governance/ library present.","None — static audit pass","Governance document existence verified; subordinate doc conformance not re-certified here.","","None"
"C1-1.2-003","1","1.2","The official governance library shall maintain, at minimum:","Governance Document Requirement","Governance Documentation","Governance documentation","PASS","Info","","N/A — Ch1 governs constitution document hierarchy, not product runtime.","","","docs/governance/DX_OSE_CONSTITUTION_v2.0_FINAL.pdf (external); Gate A register Ch1 rows. docs/governance/ library present.","None — static audit pass","Governance document existence verified; subordinate doc conformance not re-certified here.","","None"
"C1-1.2-004","1","1.2","● DX OSE Constitution","Governance Definition","Governance Documentation","Documentation","NOT APPLICABLE","Info","","","","","Governance definition — canonical meaning captured in Gate A; not a product gap.","None — static audit pass","Definition row — verify consuming requirements separately.","","None"
"C1-1.2-005","1","1.2","● DX OSE UX Constitution","Governance Definition","Governance Documentation","Documentation","NOT APPLICABLE","Info","","","","","Governance definition — canonical meaning captured in Gate A; not a product gap.","None — static audit pass","Definition row — verify consuming requirements separately.","","None"
"C1-1.2-006","1","1.2","● Business Decision Records (BDR)","Governance Definition","Governance Documentation","Documentation","NOT APPLICABLE","Info","","","","","Governance definition — canonical meaning captured in Gate A; not a product gap.","None — static audit pass","Definition row — verify consuming requirements separately.","","None"
"C1-1.2-007","1","1.2","● Workflow Contracts","Governance Definition","Governance Documentation","Documentation","NOT APPLICABLE","Info","","","","","Governance definition — canonical meaning captured in Gate A; not a product gap.","None — static audit pass","Definition row — verify consuming requirements separately.","","None"
"C1-1.2-008","1","1.2","● Access Control Catalog","Governance Definition","Governance Documentation","Documentation","NOT APPLICABLE","Info","","","","","Governance definition — canonical meaning captured in Gate A; not a product gap.","None — static audit pass","Definition row — verify consuming requirements separately.","","None"
"C1-1.2-009","1","1.2","● Architecture Guide","Governance Definition","Governance Documentation","Documentation","NOT APPLICABLE","Info","","","","","Governance definition — canonical meaning captured in Gate A; not a product gap.","None — static audit pass","Definition row — verify consuming requirements separately.","","None"
"C1-1.2-010","1","1.2","● Implementation Guide","Governance Definition","Governance Documentation","Documentation","NOT APPLICABLE","Info","","","","","Governance definition — canonical meaning captured in Gate A; not a product gap.","None — static audit pass","Definition row — verify consuming requirements separately.","","None"
"C1-1.3-001","1","1.3","Section 1.3 Four Tiers has been removed in its entirety per Master Review Log ratification.","Descriptive Context","Governance Documentation","Documentation","NOT APPLICABLE","Info","","","","","","None — static audit pass","Category 'Descriptive Context' — no product/runtime enforcement test required.","","None"
"C1-1.3-002","1","1.3","This section number is reserved and shall not be reassigned to other content without explicit governance decision.","Governance Document Requirement","Governance Documentation","Governance documentation","PASS","Info","","N/A — Ch1 governs constitution document hierarchy, not product runtime.","","","docs/governance/DX_OSE_CONSTITUTION_v2.0_FINAL.pdf (external); Gate A register Ch1 rows. docs/governance/ library present.","None — static audit pass","Governance document existence verified; subordinate doc conformance not re-certified here.","","None"
"C1-1.4-001","1","1.4","This Constitution applies to all current and future operational modules of the DX OSE ERP Platform.","Governance Definition","Governance Documentation","Documentation","NOT APPLICABLE","Info","","","","","Governance definition — canonical meaning captured in Gate A; not a product gap.","None — static audit pass","Definition row — verify consuming requirements separately.","","None"
"C1-1.4-002","1","1.4","Unless explicitly stated otherwise:","Governance Definition","Governance Documentation","Documentation","NOT APPLICABLE","Info","","","","","Governance definition — canonical meaning captured in Gate A; not a product gap.","None — static audit pass","Definition row — verify consuming requirements separately.","","None"
"C1-1.4-003","1","1.4","Platform-wide chapters apply to all DX OSE modules and shared user experiences.","Governance Definition","Governance Documentation","Documentation","NOT APPLICABLE","Info","","","","","Governance definition — canonical meaning captured in Gate A; not a product gap.","None — static audit pass","Definition row — verify consuming requirements separately.","","None"
"C1-1.4-004","1","1.4","Document-specific chapters apply to operational documents and document entry workflows.","Governance Definition","Governance Documentation","Documentation","NOT APPLICABLE","Info","","","","","Governance definition — canonical meaning captured in Gate A; not a product gap.","None — static audit pass","Definition row — verify consuming requirements separately.","","None"
"C1-1.4-005","1","1.4","Out of scope for this Constitution:","Out of Scope","N/A","N/A","NOT APPLICABLE","Info","","","","","","None — static audit pass","Category 'Out of Scope' — no product/runtime enforcement test required.","","None"
"C1-1.4-006","1","1.4","Technology stack","Out of Scope","N/A","N/A","NOT APPLICABLE","Info","","","","","","None — static audit pass","Category 'Out of Scope' — no product/runtime enforcement test required.","","None"
"C1-1.4-007","1","1.4","Internal implementation details","Out of Scope","N/A","N/A","NOT APPLICABLE","Info","","","","","","None — static audit pass","Category 'Out of Scope' — no product/runtime enforcement test required.","","None"
"C1-1.4-008","1","1.4","Database architecture","Out of Scope","N/A","N/A","NOT APPLICABLE","Info","","","","","","None — static audit pass","Category 'Out of Scope' — no product/runtime enforcement test required.","","None"
"C1-1.4-009","1","1.4","Integration implementation details Implementation detail belongs in Architecture & Implementation Guides.","Governance Definition","Governance Documentation","Documentation","NOT APPLICABLE","Info","","","","","Governance definition — canonical meaning captured in Gate A; not a product gap.","None — static audit pass","Definition row — verify consuming requirements separately.","","None"
"C1-1.5-001","1","1.5","Normative keywords shall be interpreted exactly as defined in this chapter.","Governance Definition","Governance Documentation","Documentation","NOT APPLICABLE","Info","","","","","Governance definition — canonical meaning captured in Gate A; not a product gap.","None — static audit pass","Definition row — verify consuming requirements separately.","","None"
"C1-1.5-002","1","1.5","● Avoid using Must where Should is sufficient.","Constitution Authoring Guidance","Governance Documentation","Authoring guidance","NOT APPLICABLE","Info","","","","","","None — static audit pass","Category 'Constitution Authoring Guidance' — no product/runtime enforcement test required.","","None"
"C1-1.5-003","1","1.5","● Use Must only when a true obligation exists.","Constitution Authoring Guidance","Governance Documentation","Authoring guidance","NOT APPLICABLE","Info","","","","","","None — static audit pass","Category 'Constitution Authoring Guidance' — no product/runtime enforcement test required.","","None"
"C2-2.1-001","2","2.1","DX OSE shall provide one consistent document lifecycle experience across all operational modules.","Product Enforceable Requirement","Multiple","Code / Runtime / UI","PASS","Info","OSE-Frontend/src/app/core/utils/constitution-lifecycle.util.ts; transfer/movement/get-pass mappers","OSE-backend/src/platform/lifecyclePresentation.service.js; module services (grn/breakage/transfer/getPass/inventoryCount)","","Static code review B1; targeted runtime blocked unless noted in runtime scenarios.","","None — static audit pass","Lost-items list/detail still uses raw LOST_ITEMS.STATUS keys (partial label mapping).","","None"
"C2-2.1-002","2","2.1","Principle: The user experience is the contract.","Descriptive Context","N/A","Documentation","NOT APPLICABLE","Info","","","","","","None — static audit pass","Category 'Descriptive Context' — no product/runtime enforcement test required.","","None"
"C2-2.1-003","2","2.1","The implementation is an internal concern.","Descriptive Context","N/A","Documentation","NOT APPLICABLE","Info","","","","","","None — static audit pass","Category 'Descriptive Context' — no product/runtime enforcement test required.","","None"
"C2-2.1-004","2","2.1","Modules may implement different internal workflows, provided that the user-facing lifecycle remains consistent across the platform.","Optional Capability","Runtime Behavior","Runtime","NOT APPLICABLE","Info","OSE-Frontend/src/app/core/utils/constitution-lifecycle.util.ts; transfer/movement/get-pass mappers","OSE-backend/src/platform/lifecyclePresentation.service.js; module services (grn/breakage/transfer/getPass/inventoryCount)","","","","None — static audit pass","Optional capability — not mandatory for v2.0 compliance.","","None"
"C2-2.1-005","2","2.1","Internal workflow implementation, workflow step names, and internal status codes must never be exposed to end users.","Product Enforceable Requirement","Multiple","Code / Runtime / UI","PASS","Info","OSE-Frontend/src/app/core/utils/constitution-lifecycle.util.ts; transfer/movement/get-pass mappers","OSE-backend/src/platform/lifecyclePresentation.service.js; module services (grn/breakage/transfer/getPass/inventoryCount)","","Static code review B1; targeted runtime blocked unless noted in runtime scenarios.","","None — static audit pass","Lost-items list/detail still uses raw LOST_ITEMS.STATUS keys (partial label mapping).","","None"
"C2-2.2-001","2","2.2","Each user-facing lifecycle state shall represent one consistent business meaning across the entire DX OSE ERP Platform.","Product Enforceable Requirement","Multiple","Code / Runtime / UI","PASS","Info","OSE-Frontend/src/app/core/utils/constitution-lifecycle.util.ts; transfer/movement/get-pass mappers","OSE-backend/src/platform/lifecyclePresentation.service.js; module services (grn/breakage/transfer/getPass/inventoryCount)","","Static code review B1; targeted runtime blocked unless noted in runtime scenarios.","","None — static audit pass","Lost-items list/detail still uses raw LOST_ITEMS.STATUS keys (partial label mapping).","","None"
"C2-2.2-002","2","2.2","No module may redefine these meanings.","Product Enforceable Requirement","Multiple","Code / Runtime / UI","PASS","Info","OSE-Frontend/src/app/core/utils/constitution-lifecycle.util.ts; transfer/movement/get-pass mappers","OSE-backend/src/platform/lifecyclePresentation.service.js; module services (grn/breakage/transfer/getPass/inventoryCount)","","Static code review B1; targeted runtime blocked unless noted in runtime scenarios.","","None — static audit pass","Lost-items list/detail still uses raw LOST_ITEMS.STATUS keys (partial label mapping).","","None"
"C2-2.2-003","2","2.2","No module may introduce additional user-facing lifecycle states unless they are first ratified in this Constitution.","Product Enforceable Requirement","Multiple","Code / Runtime / UI","PASS","Info","OSE-Frontend/src/app/core/utils/constitution-lifecycle.util.ts; transfer/movement/get-pass mappers","OSE-backend/src/platform/lifecyclePresentation.service.js; module services (grn/breakage/transfer/getPass/inventoryCount)","","Static code review B1; targeted runtime blocked unless noted in runtime scenarios.","","None — static audit pass","Lost-items list/detail still uses raw LOST_ITEMS.STATUS keys (partial label mapping).","","None"
"C2-2.2-004","2","2.2","Draft Editable; no official operational or financial effect","Governance Definition","Governance Documentation","Documentation","NOT APPLICABLE","Info","","","","","Governance definition — canonical meaning captured in Gate A; not a product gap.","None — static audit pass","Definition row — verify consuming requirements separately.","","None"
"C2-2.2-005","2","2.2","Submitted Sent into review","Descriptive Context","N/A","Documentation","NOT APPLICABLE","Info","","","","","","None — static audit pass","Category 'Descriptive Context' — no product/runtime enforcement test required.","","None"
"C2-2.2-006","2","2.2","In Review In an approval chain","Descriptive Context","N/A","Documentation","NOT APPLICABLE","Info","","","","","","None — static audit pass","Category 'Descriptive Context' — no product/runtime enforcement test required.","","None"
"C2-2.2-007","2","2.2","Approved *Optional.* Used only when a document has a distinct business stage between final approval and posting","Descriptive Context","N/A","Documentation","NOT APPLICABLE","Info","","","","","","None — static audit pass","Category 'Descriptive Context' — no product/runtime enforcement test required.","","None"
"C2-2.2-008","2","2.2","Posted Official operational and financial effects applied","Governance Definition","Governance Documentation","Documentation","NOT APPLICABLE","Info","","","","","Governance definition — canonical meaning captured in Gate A; not a product gap.","None — static audit pass","Definition row — verify consuming requirements separately.","","None"
"C2-2.2-009","2","2.2","Rejected Terminated; no resubmission of the same document","Descriptive Context","N/A","Documentation","NOT APPLICABLE","Info","","","","","","None — static audit pass","Category 'Descriptive Context' — no product/runtime enforcement test required.","","None"
"C2-2.2-010","2","2.2","Returned Sent back to creator for correction (Send Back)","Descriptive Context","N/A","Documentation","NOT APPLICABLE","Info","","","","","","None — static audit pass","Category 'Descriptive Context' — no product/runtime enforcement test required.","","None"
"C2-2.2-011","2","2.2","Void Formally cancelled before becoming part of the permanent business record","Descriptive Context","N/A","Documentation","NOT APPLICABLE","Info","","","","","","None — static audit pass","Category 'Descriptive Context' — no product/runtime enforcement test required.","","None"
"C2-2.2-012","2","2.2","Cancel is an action.","Descriptive Context","N/A","Documentation","NOT APPLICABLE","Info","","","","","","None — static audit pass","Category 'Descriptive Context' — no product/runtime enforcement test required.","","None"
"C2-2.2-013","2","2.2","Void is the lifecycle state resulting from cancellation before the document enters the governed permanent record.","Descriptive Context","N/A","Documentation","NOT APPLICABLE","Info","","","","","","None — static audit pass","Category 'Descriptive Context' — no product/runtime enforcement test required.","","None"
"C2-2.2-014","2","2.2","A separate user-facing state named Cancelled shall not be introduced unless ratified in this Constitution (*see BDR-007*).","Excluded Pending Ratification","Governance Documentation","Exclusion register","NOT APPLICABLE","Info","","","","","","None — static audit pass","Excluded Pending Ratification (BDR-007).","","None"
"C2-2.3-001","2","2.3","Each module shall provide a consistent mapping between internal workflow states and standardized user-facing lifecycle states.","Product Enforceable Requirement","Multiple","Code / Runtime / UI","PASS","Info","OSE-Frontend/src/app/core/utils/constitution-lifecycle.util.ts; transfer/movement/get-pass mappers","OSE-backend/src/platform/lifecyclePresentation.service.js; module services (grn/breakage/transfer/getPass/inventoryCount)","","Static code review B1; targeted runtime blocked unless noted in runtime scenarios.","","None — static audit pass","Lost-items list/detail still uses raw LOST_ITEMS.STATUS keys (partial label mapping).","","None"
"C2-2.3-002","2","2.3","Internal workflow identifiers, status codes, enum names, workflow step names, and other implementation details must never be exposed to end users.","Product Enforceable Requirement","Multiple","Code / Runtime / UI","PASS","Info","OSE-Frontend/src/app/core/utils/constitution-lifecycle.util.ts; transfer/movement/get-pass mappers","OSE-backend/src/platform/lifecyclePresentation.service.js; module services (grn/breakage/transfer/getPass/inventoryCount)","","Static code review B1; targeted runtime blocked unless noted in runtime scenarios.","","None — static audit pass","Lost-items list/detail still uses raw LOST_ITEMS.STATUS keys (partial label mapping).","","None"
"C2-2.3-003","2","2.3","Identical business outcomes shall always resolve to the same standardized user-facing lifecycle state across the DX OSE platform.","Product Enforceable Requirement","Multiple","Code / Runtime / UI","PASS","Info","OSE-Frontend/src/app/core/utils/constitution-lifecycle.util.ts; transfer/movement/get-pass mappers","OSE-backend/src/platform/lifecyclePresentation.service.js; module services (grn/breakage/transfer/getPass/inventoryCount)","","Static code review B1; targeted runtime blocked unless noted in runtime scenarios.","","None — static audit pass","Lost-items list/detail still uses raw LOST_ITEMS.STATUS keys (partial label mapping).","","None"
"C2-2.4.1-001","2","2.4.1","Posting is the single business commit point for all operational and financial effects within the DX OSE ERP Platform.","Descriptive Context","N/A","Documentation","NOT APPLICABLE","Info","","","","","","None — static audit pass","Category 'Descriptive Context' — no product/runtime enforcement test required.","","None"
"C2-2.4.1-002","2","2.4.1","No operational or financial effect shall be considered official before Posting unless this Constitution explicitly states otherwise.","Product Enforceable Requirement","Multiple","Code / Runtime / UI","PASS","Info","OSE-Frontend/src/app/core/utils/constitution-lifecycle.util.ts; transfer/movement/get-pass mappers","OSE-backend/src/platform/lifecyclePresentation.service.js; module services (grn/breakage/transfer/getPass/inventoryCount)","","Static code review B1; targeted runtime blocked unless noted in runtime scenarios.","","None — static audit pass","Lost-items list/detail still uses raw LOST_ITEMS.STATUS keys (partial label mapping).","","None"
"C2-2.4.2-001","2","2.4.2","Operational reports represent official business results, including stock balance, inventory ledger, inventory movement history, inventory valuation, and financial inventory reports.","Descriptive Context","N/A","Documentation","NOT APPLICABLE","Info","","","","","","None — static audit pass","Category 'Descriptive Context' — no product/runtime enforcement test required.","","None"
"C2-2.4.2-002","2","2.4.2","Rule: Operational reports shall derive operational and financial results exclusively from Posted documents.","Product Enforceable Requirement","Multiple","Code / Runtime / UI","PASS","Info","OSE-Frontend/src/app/core/utils/constitution-lifecycle.util.ts; transfer/movement/get-pass mappers","OSE-backend/src/platform/lifecyclePresentation.service.js; module services (grn/breakage/transfer/getPass/inventoryCount)","","Static code review B1; targeted runtime blocked unless noted in runtime scenarios.","","None — static audit pass","Lost-items list/detail still uses raw LOST_ITEMS.STATUS keys (partial label mapping).","","None"
"C2-2.4.3-001","2","2.4.3","Workflow reports represent workflow progress and operational monitoring (pending approvals, finance/GM queues, reviewer packs, SLA dashboards, draft monitoring).","Descriptive Context","N/A","Documentation","NOT APPLICABLE","Info","","","","","","None — static audit pass","Category 'Descriptive Context' — no product/runtime enforcement test required.","","None"
"C2-2.4.3-002","2","2.4.3","Rule: Workflow reports may include Draft, Submitted, In Review, Returned, Rejected, Posted, and other lifecycle states according to business requirements.","Optional Capability","Runtime Behavior","Runtime","NOT APPLICABLE","Info","OSE-Frontend/src/app/core/utils/constitution-lifecycle.util.ts; transfer/movement/get-pass mappers","OSE-backend/src/platform/lifecyclePresentation.service.js; module services (grn/breakage/transfer/getPass/inventoryCount)","","","","None — static audit pass","Optional capability — not mandatory for v2.0 compliance.","","None"
"C2-2.4.4-001","2","2.4.4","Evidence Package is not a reporting category.","Descriptive Context","N/A","Documentation","NOT APPLICABLE","Info","","","","","","None — static audit pass","Category 'Descriptive Context' — no product/runtime enforcement test required.","","None"
"C2-2.4.4-002","2","2.4.4","It comprises document-level proof artifacts (PDF, print output, evidence export, timeline, audit trail, supporting attachments) for one document.","Descriptive Context","N/A","Documentation","NOT APPLICABLE","Info","","","","","","None — static audit pass","Category 'Descriptive Context' — no product/runtime enforcement test required.","","None"
"C2-2.4.4-003","2","2.4.4","It is governed under Document Composition and Audit chapters.","Descriptive Context","N/A","Documentation","NOT APPLICABLE","Info","","","","","","None — static audit pass","Category 'Descriptive Context' — no product/runtime enforcement test required.","","None"
"C2-2.4.5-001","2","2.4.5","Inventory reservation is governed by business policy.","Descriptive Context","N/A","Documentation","NOT APPLICABLE","Info","","","","","","None — static audit pass","Category 'Descriptive Context' — no product/runtime enforcement test required.","","None"
"C2-2.4.5-002","2","2.4.5","The default DX OSE behavior is no reservation before Posting unless explicitly defined by a ratified business policy.","Descriptive Context","N/A","Documentation","NOT APPLICABLE","Info","","","","","","None — static audit pass","Category 'Descriptive Context' — no product/runtime enforcement test required.","","None"
"C2-2.5-001","2","2.5","Editability shall be governed exclusively by document lifecycle state, not by individual screen implementations.","Product Enforceable Requirement","Multiple","Code / Runtime / UI","PASS","Info","OSE-Frontend/src/app/core/utils/constitution-lifecycle.util.ts; transfer/movement/get-pass mappers","OSE-backend/src/platform/lifecyclePresentation.service.js; module services (grn/breakage/transfer/getPass/inventoryCount)","","Static code review B1; targeted runtime blocked unless noted in runtime scenarios.","","None — static audit pass","Lost-items list/detail still uses raw LOST_ITEMS.STATUS keys (partial label mapping).","","None"
"C2-2.6-001","2","2.6","Delete is permitted only while the document is in Draft.","Descriptive Context","N/A","Documentation","NOT APPLICABLE","Info","","","","","","None — static audit pass","Category 'Descriptive Context' — no product/runtime enforcement test required.","","None"
"C2-2.6-002","2","2.6","Once a document leaves Draft, Delete must not be available.","Product Enforceable Requirement","Multiple","Code / Runtime / UI","PASS","Info","OSE-Frontend/src/app/core/utils/constitution-lifecycle.util.ts; transfer/movement/get-pass mappers","OSE-backend/src/platform/lifecyclePresentation.service.js; module services (grn/breakage/transfer/getPass/inventoryCount)","","Static code review B1; targeted runtime blocked unless noted in runtime scenarios.","","None — static audit pass","Lost-items list/detail still uses raw LOST_ITEMS.STATUS keys (partial label mapping).","","None"
"C2-2.6-003","2","2.6","Business termination shall use governed lifecycle actions (Cancel, Reject, Void, Close, etc.).","Product Enforceable Requirement","Multiple","Code / Runtime / UI","PASS","Info","OSE-Frontend/src/app/core/utils/constitution-lifecycle.util.ts; transfer/movement/get-pass mappers","OSE-backend/src/platform/lifecyclePresentation.service.js; module services (grn/breakage/transfer/getPass/inventoryCount)","","Static code review B1; targeted runtime blocked unless noted in runtime scenarios.","","None — static audit pass","Lost-items list/detail still uses raw LOST_ITEMS.STATUS keys (partial label mapping).","","None"
"C2-2.6-004","2","2.6","Deletion permanently removes a document before it becomes part of the business record.","Descriptive Context","N/A","Documentation","NOT APPLICABLE","Info","","","","","","None — static audit pass","Category 'Descriptive Context' — no product/runtime enforcement test required.","","None"
"C2-2.6-005","2","2.6","Once a document enters the governed lifecycle, business termination actions shall replace deletion.","Product Enforceable Requirement","Multiple","Code / Runtime / UI","PASS","Info","OSE-Frontend/src/app/core/utils/constitution-lifecycle.util.ts; transfer/movement/get-pass mappers","OSE-backend/src/platform/lifecyclePresentation.service.js; module services (grn/breakage/transfer/getPass/inventoryCount)","","Static code review B1; targeted runtime blocked unless noted in runtime scenarios.","","None — static audit pass","Lost-items list/detail still uses raw LOST_ITEMS.STATUS keys (partial label mapping).","","None"
"C2-2.7-001","2","2.7","After Return: Edit → Submit.","Descriptive Context","N/A","Documentation","NOT APPLICABLE","Info","","","","","","None — static audit pass","Category 'Descriptive Context' — no product/runtime enforcement test required.","","None"
"C2-2.7-002","2","2.7","There shall be no separate action named Re-submit.","Product Enforceable Requirement","Multiple","Code / Runtime / UI","PASS","Info","OSE-Frontend/src/app/core/utils/constitution-lifecycle.util.ts; transfer/movement/get-pass mappers","OSE-backend/src/platform/lifecyclePresentation.service.js; module services (grn/breakage/transfer/getPass/inventoryCount)","","Static code review B1; targeted runtime blocked unless noted in runtime scenarios.","","None — static audit pass","Lost-items list/detail still uses raw LOST_ITEMS.STATUS keys (partial label mapping).","","None"
"C2-2.7-003","2","2.7","Submit always represents entering the workflow, whether for the first time or after Return.","Descriptive Context","N/A","Documentation","NOT APPLICABLE","Info","","","","","","None — static audit pass","Category 'Descriptive Context' — no product/runtime enforcement test required.","","None"
"C2-2.7-004","2","2.7","After Reject, the same document must not re-enter workflow.","Product Enforceable Requirement","Multiple","Code / Runtime / UI","PASS","Info","OSE-Frontend/src/app/core/utils/constitution-lifecycle.util.ts; transfer/movement/get-pass mappers","OSE-backend/src/platform/lifecyclePresentation.service.js; module services (grn/breakage/transfer/getPass/inventoryCount)","","Static code review B1; targeted runtime blocked unless noted in runtime scenarios.","","None — static audit pass","Lost-items list/detail still uses raw LOST_ITEMS.STATUS keys (partial label mapping).","","None"
"C2-2.7-005","2","2.7","A new document is required.","Descriptive Context","N/A","Documentation","NOT APPLICABLE","Info","","","","","","None — static audit pass","Category 'Descriptive Context' — no product/runtime enforcement test required.","","None"
"C2-2.8-001","2","2.8","Every document detail view shall present a unified timeline showing, as applicable: current state, workflow step, actor, date and time, mandatory reasons, workflow comments, system events, and duration (when applicable).","Product Enforceable Requirement","Multiple","Code / Runtime / UI","PASS","Info","OSE-Frontend/src/app/core/utils/constitution-lifecycle.util.ts; transfer/movement/get-pass mappers","OSE-backend/src/platform/lifecyclePresentation.service.js; module services (grn/breakage/transfer/getPass/inventoryCount)","","Static code review B1; targeted runtime blocked unless noted in runtime scenarios.","","None — static audit pass","Lost-items list/detail still uses raw LOST_ITEMS.STATUS keys (partial label mapping).","","None"
"C2-2.9-001","2","2.9","Cancel Creator action Void (per Ch. 2.2)","Descriptive Context","N/A","Documentation","NOT APPLICABLE","Info","","","","","","None — static audit pass","Category 'Descriptive Context' — no product/runtime enforcement test required.","","None"
"C2-2.9-002","2","2.9","Reject Reviewer workflow action Rejected","Descriptive Context","N/A","Documentation","NOT APPLICABLE","Info","","","","","","None — static audit pass","Category 'Descriptive Context' — no product/runtime enforcement test required.","","None"
"C2-2.9-003","2","2.9","Close Lifecycle completion action Closed","Descriptive Context","N/A","Documentation","NOT APPLICABLE","Info","","","","","","None — static audit pass","Category 'Descriptive Context' — no product/runtime enforcement test required.","","None"
"C2-2.10-001","2","2.10","Workflow engine implementation, state machine design, database schema, API contracts, technical implementation details — Architecture & Implementation Guides.","Out of Scope","N/A","N/A","NOT APPLICABLE","Info","","","","","","None — static audit pass","Category 'Out of Scope' — no product/runtime enforcement test required.","","None"
"C3-3.1-001","3","3.1","Users shall see only the actions they need for their role and document state.","Product Enforceable Requirement","Multiple","Code / Runtime / UI","PARTIAL","Low","OSE-Frontend action visibility via has-permission directive and route guards","OSE-backend/src/platform/movementApprovalAction.guard.js; acc-authority/step-permission-enforcement.js","","Static code review B1; targeted runtime blocked unless noted in runtime scenarios.","","None — static audit pass","","FIND-011","None"
"C3-3.1-002","3","3.1","Action behavior shall remain consistent across all DX OSE modules regardless of workflow implementation.","Product Enforceable Requirement","Multiple","Code / Runtime / UI","PARTIAL","Low","OSE-Frontend action visibility via has-permission directive and route guards","OSE-backend/src/platform/movementApprovalAction.guard.js; acc-authority/step-permission-enforcement.js","","Static code review B1; targeted runtime blocked unless noted in runtime scenarios.","","None — static audit pass","","FIND-011","None"
"C3-3.1-003","3","3.1","No module may invent alternative names for standard actions unless ratified in this Constitution.","Product Enforceable Requirement","Multiple","Code / Runtime / UI","PARTIAL","Low","OSE-Frontend action visibility via has-permission directive and route guards","OSE-backend/src/platform/movementApprovalAction.guard.js; acc-authority/step-permission-enforcement.js","","Static code review B1; targeted runtime blocked unless noted in runtime scenarios.","","None — static audit pass","","FIND-011","None"
"C3-3.2-001","3","3.2","Save Draft, Submit, Cancel.","Descriptive Context","N/A","Documentation","NOT APPLICABLE","Info","","","","","","None — static audit pass","Category 'Descriptive Context' — no product/runtime enforcement test required.","","None"
"C3-3.2-002","3","3.2","Cancel is an action, not a lifecycle state.","Descriptive Context","N/A","Documentation","NOT APPLICABLE","Info","","","","","","None — static audit pass","Category 'Descriptive Context' — no product/runtime enforcement test required.","","None"
"C3-3.2-003","3","3.2","Alternative labels with the same meaning (Abort, Discard, Cancel Document) must not be used.","Product Enforceable Requirement","Multiple","Code / Runtime / UI","PARTIAL","Low","OSE-Frontend action visibility via has-permission directive and route guards","OSE-backend/src/platform/movementApprovalAction.guard.js; acc-authority/step-permission-enforcement.js","","Static code review B1; targeted runtime blocked unless noted in runtime scenarios.","","None — static audit pass","","FIND-011","None"
"C3-3.3-001","3","3.3","Approve, Send Back, Reject.","Descriptive Context","N/A","Documentation","NOT APPLICABLE","Info","","","","","","None — static audit pass","Category 'Descriptive Context' — no product/runtime enforcement test required.","","None"
"C3-3.3-002","3","3.3","Reviewer actions shall be available only while the document is actively assigned to the current reviewer according to workflow definition and the permission model.","Product Enforceable Requirement","Multiple","Code / Runtime / UI","PARTIAL","Low","OSE-Frontend action visibility via has-permission directive and route guards","OSE-backend/src/platform/movementApprovalAction.guard.js; acc-authority/step-permission-enforcement.js","","Static code review B1; targeted runtime blocked unless noted in runtime scenarios.","","None — static audit pass","","FIND-011","None"
"C3-3.4-001","3","3.4","Ends document No Yes","Descriptive Context","N/A","Documentation","NOT APPLICABLE","Info","","","","","","None — static audit pass","Category 'Descriptive Context' — no product/runtime enforcement test required.","","None"
"C3-3.4-002","3","3.4","Allows edit Yes No","Descriptive Context","N/A","Documentation","NOT APPLICABLE","Info","","","","","","None — static audit pass","Category 'Descriptive Context' — no product/runtime enforcement test required.","","None"
"C3-3.4-003","3","3.4","Reason required Yes Yes","Descriptive Context","N/A","Documentation","NOT APPLICABLE","Info","","","","","","None — static audit pass","Category 'Descriptive Context' — no product/runtime enforcement test required.","","None"
"C3-3.4-004","3","3.4","Next step Edit → Submit New document if operation repeats","Governance Definition","Governance Documentation","Documentation","NOT APPLICABLE","Info","","","","","Governance definition — canonical meaning captured in Gate A; not a product gap.","None — static audit pass","Definition row — verify consuming requirements separately.","","None"
"C3-3.4-005","3","3.4","Business transaction Continues Terminates","Descriptive Context","N/A","Documentation","NOT APPLICABLE","Info","","","","","","None — static audit pass","Category 'Descriptive Context' — no product/runtime enforcement test required.","","None"
"C3-3.5-001","3","3.5","There shall be only one primary action for the current document state.","Product Enforceable Requirement","Multiple","Code / Runtime / UI","PARTIAL","Low","OSE-Frontend action visibility via has-permission directive and route guards","OSE-backend/src/platform/movementApprovalAction.guard.js; acc-authority/step-permission-enforcement.js","","Static code review B1; targeted runtime blocked unless noted in runtime scenarios.","","None — static audit pass","","FIND-011","None"
"C3-3.6-001","3","3.6","Primary → Secondary → Neutral → Danger","Descriptive Context","N/A","Documentation","NOT APPLICABLE","Info","","","","","","None — static audit pass","Category 'Descriptive Context' — no product/runtime enforcement test required.","","None"
"C3-3.7-001","3","3.7","Workflow Contracts & ACC | Who; when; routing; next step","Governance Definition","Governance Documentation","Documentation","NOT APPLICABLE","Info","","","","","Governance definition — canonical meaning captured in Gate A; not a product gap.","None — static audit pass","Definition row — verify consuming requirements separately.","","None"
"C3-3.7-002","3","3.7","This Constitution | Meaning; behavior; terminology; confirmation rules; mandatory reasons; user expectations","Governance Definition","Governance Documentation","Documentation","NOT APPLICABLE","Info","","","","","Governance definition — canonical meaning captured in Gate A; not a product gap.","None — static audit pass","Definition row — verify consuming requirements separately.","","None"
"C3-3.8-001","3","3.8","Icons, colors, visual styling, animations — DX OSE UX Constitution.","Out of Scope","N/A","N/A","NOT APPLICABLE","Info","","","","","","None — static audit pass","Category 'Out of Scope' — no product/runtime enforcement test required.","","None"
"C4-4.1-001","4","4.1","Operation permissions govern authorization only and shall never replace workflow validation, lifecycle validation, or business rule enforcement.","Product Enforceable Requirement","Multiple","Code / Runtime / UI","PASS","Info","OSE-Frontend/src/app/core/guards/permission.guard.ts; core/directives/has-permission.directive.ts","OSE-backend/src/middleware/authorize.js; acc-runtime/resolveSession.js; movementDocumentPermission.middleware.js","","Static code review B1; targeted runtime blocked unless noted in runtime scenarios.","","None — static audit pass","","","None"
"C4-4.1-002","4","4.1","The Access Control Catalog (ACC) is the single source of truth for permissions.","Descriptive Context","N/A","Documentation","NOT APPLICABLE","Info","","","","","","None — static audit pass","Category 'Descriptive Context' — no product/runtime enforcement test required.","","None"
"C4-4.2-001","4","4.2","View","Governance Definition","Governance Documentation","Documentation","NOT APPLICABLE","Info","","","","","Governance definition — canonical meaning captured in Gate A; not a product gap.","None — static audit pass","Definition row — verify consuming requirements separately.","","None"
"C4-4.2-002","4","4.2","Create","Governance Definition","Governance Documentation","Documentation","NOT APPLICABLE","Info","","","","","Governance definition — canonical meaning captured in Gate A; not a product gap.","None — static audit pass","Definition row — verify consuming requirements separately.","","None"
"C4-4.2-003","4","4.2","Edit","Governance Definition","Governance Documentation","Documentation","NOT APPLICABLE","Info","","","","","Governance definition — canonical meaning captured in Gate A; not a product gap.","None — static audit pass","Definition row — verify consuming requirements separately.","","None"
"C4-4.2-004","4","4.2","Delete","Governance Definition","Governance Documentation","Documentation","NOT APPLICABLE","Info","","","","","Governance definition — canonical meaning captured in Gate A; not a product gap.","None — static audit pass","Definition row — verify consuming requirements separately.","","None"
"C4-4.2-005","4","4.2","Submit","Governance Definition","Governance Documentation","Documentation","NOT APPLICABLE","Info","","","","","Governance definition — canonical meaning captured in Gate A; not a product gap.","None — static audit pass","Definition row — verify consuming requirements separately.","","None"
"C4-4.2-006","4","4.2","Approve","Governance Definition","Governance Documentation","Documentation","NOT APPLICABLE","Info","","","","","Governance definition — canonical meaning captured in Gate A; not a product gap.","None — static audit pass","Definition row — verify consuming requirements separately.","","None"
"C4-4.2-007","4","4.2","Reject","Governance Definition","Governance Documentation","Documentation","NOT APPLICABLE","Info","","","","","Governance definition — canonical meaning captured in Gate A; not a product gap.","None — static audit pass","Definition row — verify consuming requirements separately.","","None"
"C4-4.2-008","4","4.2","Send Back","Governance Definition","Governance Documentation","Documentation","NOT APPLICABLE","Info","","","","","Governance definition — canonical meaning captured in Gate A; not a product gap.","None — static audit pass","Definition row — verify consuming requirements separately.","","None"
"C4-4.2-009","4","4.2","Cancel","Governance Definition","Governance Documentation","Documentation","NOT APPLICABLE","Info","","","","","Governance definition — canonical meaning captured in Gate A; not a product gap.","None — static audit pass","Definition row — verify consuming requirements separately.","","None"
"C4-4.2-010","4","4.2","Post","Governance Definition","Governance Documentation","Documentation","NOT APPLICABLE","Info","","","","","Governance definition — canonical meaning captured in Gate A; not a product gap.","None — static audit pass","Definition row — verify consuming requirements separately.","","None"
"C4-4.2-011","4","4.2","Reopen","Governance Definition","Governance Documentation","Documentation","NOT APPLICABLE","Info","","","","","Governance definition — canonical meaning captured in Gate A; not a product gap.","None — static audit pass","Definition row — verify consuming requirements separately.","","None"
"C4-4.2-012","4","4.2","Close","Governance Definition","Governance Documentation","Documentation","NOT APPLICABLE","Info","","","","","Governance definition — canonical meaning captured in Gate A; not a product gap.","None — static audit pass","Definition row — verify consuming requirements separately.","","None"
"C4-4.2-013","4","4.2","Archive","Governance Definition","Governance Documentation","Documentation","NOT APPLICABLE","Info","","","","","Governance definition — canonical meaning captured in Gate A; not a product gap.","None — static audit pass","Definition row — verify consuming requirements separately.","","None"
"C4-4.2-014","4","4.2","Print","Governance Definition","Governance Documentation","Documentation","NOT APPLICABLE","Info","","","","","Governance definition — canonical meaning captured in Gate A; not a product gap.","None — static audit pass","Definition row — verify consuming requirements separately.","","None"
"C4-4.2-015","4","4.2","Export","Governance Definition","Governance Documentation","Documentation","NOT APPLICABLE","Info","","","","","Governance definition — canonical meaning captured in Gate A; not a product gap.","None — static audit pass","Definition row — verify consuming requirements separately.","","None"
"C4-4.2-016","4","4.2","Attach","Governance Definition","Governance Documentation","Documentation","NOT APPLICABLE","Info","","","","","Governance definition — canonical meaning captured in Gate A; not a product gap.","None — static audit pass","Definition row — verify consuming requirements separately.","","None"
"C4-4.2-017","4","4.2","View Audit.","Governance Definition","Governance Documentation","Documentation","NOT APPLICABLE","Info","","","","","Governance definition — canonical meaning captured in Gate A; not a product gap.","None — static audit pass","Definition row — verify consuming requirements separately.","","None"
"C4-4.2-018","4","4.2","Evidence Package is part of document representation, not an independent business operation, and does not require a separate permission in the current DX OSE release.","Descriptive Context","N/A","Documentation","NOT APPLICABLE","Info","","","","","","None — static audit pass","Category 'Descriptive Context' — no product/runtime enforcement test required.","","None"
"C4-4.3-001","4","4.3","Permissions shall never bypass document lifecycle rules.","Product Enforceable Requirement","Multiple","Code / Runtime / UI","PASS","Info","OSE-Frontend/src/app/core/guards/permission.guard.ts; core/directives/has-permission.directive.ts","OSE-backend/src/middleware/authorize.js; acc-runtime/resolveSession.js; movementDocumentPermission.middleware.js","","Static code review B1; targeted runtime blocked unless noted in runtime scenarios.","","None — static audit pass","","","None"
"C4-4.3-002","4","4.3","Permissions grant eligibility, not execution authority.","Product Enforceable Requirement","Multiple","Code / Runtime / UI","PASS","Info","OSE-Frontend/src/app/core/guards/permission.guard.ts; core/directives/has-permission.directive.ts","OSE-backend/src/middleware/authorize.js; acc-runtime/resolveSession.js; movementDocumentPermission.middleware.js","","Static code review B1; targeted runtime blocked unless noted in runtime scenarios.","","None — static audit pass","","","None"
"C4-4.3-003","4","4.3","Action Allowed = Permission + Workflow + Lifecycle + Business Rules + Scope.","Product Enforceable Requirement","Multiple","Code / Runtime / UI","PASS","Info","OSE-Frontend/src/app/core/guards/permission.guard.ts; core/directives/has-permission.directive.ts","OSE-backend/src/middleware/authorize.js; acc-runtime/resolveSession.js; movementDocumentPermission.middleware.js","","Static code review B1; targeted runtime blocked unless noted in runtime scenarios.","","None — static audit pass","","","None"
"C4-4.3-004","4","4.3","Modules shall not introduce alternative operation names for standardized operations.","Product Enforceable Requirement","Multiple","Code / Runtime / UI","PASS","Info","OSE-Frontend/src/app/core/guards/permission.guard.ts; core/directives/has-permission.directive.ts","OSE-backend/src/middleware/authorize.js; acc-runtime/resolveSession.js; movementDocumentPermission.middleware.js","","Static code review B1; targeted runtime blocked unless noted in runtime scenarios.","","None — static audit pass","","","None"
"C4-4.4-001","4","4.4","Permission key naming, role matrix maintenance, role hierarchy, permission inheritance, technical authorization implementation — ACC.","Out of Scope","N/A","N/A","NOT APPLICABLE","Info","","","","","","None — static audit pass","Category 'Out of Scope' — no product/runtime enforcement test required.","","None"
"C5-5.1-001","5","5.1","Posting is the single irreversible business commit point for all operational and financial effects within the DX OSE Platform.","Descriptive Context","N/A","Documentation","NOT APPLICABLE","Info","","","","","","None — static audit pass","Category 'Descriptive Context' — no product/runtime enforcement test required.","","None"
"C5-5.1-002","5","5.1","Posting is the only operation permitted to create official operational and financial business effects.","Product Enforceable Requirement","Runtime Behavior","Documentation","PARTIAL","High","","OSE-backend/src/services/posting.service.js; postingGoverned*.service.js; postingEngine.service.js","prisma/schema.prisma — POSTED enums, postingDate, assignedPostingPeriod; no DB immutability trigger","Static code review B1; targeted runtime blocked unless noted in runtime scenarios.","","None — static audit pass","Posted immutability enforced in application layer only. Posted immutability not DB-enforced.","FIND-010","None"
"C5-5.1-003","5","5.1","Documents become business-immutable after Posting except through formally governed reversal or adjustment procedures.","Product Enforceable Requirement","Multiple","Documentation","PARTIAL","High","","OSE-backend/src/services/posting.service.js; postingGoverned*.service.js; postingEngine.service.js","prisma/schema.prisma — POSTED enums, postingDate, assignedPostingPeriod; no DB immutability trigger","Static code review B1; targeted runtime blocked unless noted in runtime scenarios.","","None — static audit pass","Posted immutability enforced in application layer only. Posted immutability not DB-enforced.","FIND-010","None"
"C5-5.2-001","5","5.2","Before Posting, the platform shall verify: user authority","Product Enforceable Requirement","Multiple","Code / Runtime / UI","PARTIAL","High","","OSE-backend/src/services/posting.service.js; postingGoverned*.service.js; postingEngine.service.js","prisma/schema.prisma — POSTED enums, postingDate, assignedPostingPeriod; no DB immutability trigger","Static code review B1; targeted runtime blocked unless noted in runtime scenarios.","","None — static audit pass","Posted immutability enforced in application layer only. Posted immutability not DB-enforced.","FIND-010","None"
"C5-5.2-002","5","5.2","Before Posting, the platform shall verify: valid workflow state","Product Enforceable Requirement","Multiple","Code / Runtime / UI","PARTIAL","High","","OSE-backend/src/services/posting.service.js; postingGoverned*.service.js; postingEngine.service.js","prisma/schema.prisma — POSTED enums, postingDate, assignedPostingPeriod; no DB immutability trigger","Static code review B1; targeted runtime blocked unless noted in runtime scenarios.","","None — static audit pass","Posted immutability enforced in application layer only. Posted immutability not DB-enforced.","FIND-010","None"
"C5-5.2-003","5","5.2","Before Posting, the platform shall verify: open inventory/financial period (Posting Date)","Product Enforceable Requirement","Multiple","Code / Runtime / UI","PARTIAL","High","","OSE-backend/src/services/posting.service.js; postingGoverned*.service.js; postingEngine.service.js","prisma/schema.prisma — POSTED enums, postingDate, assignedPostingPeriod; no DB immutability trigger","Static code review B1; targeted runtime blocked unless noted in runtime scenarios.","","None — static audit pass","Posted immutability enforced in application layer only. Posted immutability not DB-enforced.","FIND-010","None"
"C5-5.2-004","5","5.2","Before Posting, the platform shall verify: full document revalidation","Product Enforceable Requirement","Multiple","Code / Runtime / UI","PARTIAL","High","","OSE-backend/src/services/posting.service.js; postingGoverned*.service.js; postingEngine.service.js","prisma/schema.prisma — POSTED enums, postingDate, assignedPostingPeriod; no DB immutability trigger","Static code review B1; targeted runtime blocked unless noted in runtime scenarios.","","None — static audit pass","Posted immutability enforced in application layer only. Posted immutability not DB-enforced.","FIND-010","None"
"C5-5.2-005","5","5.2","Before Posting, the platform shall verify: stock availability for outbound documents","Product Enforceable Requirement","Multiple","Code / Runtime / UI","PARTIAL","High","","OSE-backend/src/services/posting.service.js; postingGoverned*.service.js; postingEngine.service.js","prisma/schema.prisma — POSTED enums, postingDate, assignedPostingPeriod; no DB immutability trigger","Static code review B1; targeted runtime blocked unless noted in runtime scenarios.","","None — static audit pass","Posted immutability enforced in application layer only. Posted immutability not DB-enforced.","FIND-010","None"
"C5-5.2-006","5","5.2","Final validation — full revalidation immediately before Posting regardless of prior validation.","Product Enforceable Requirement","Multiple","Code / Runtime / UI","PARTIAL","High","","OSE-backend/src/services/posting.service.js; postingGoverned*.service.js; postingEngine.service.js","prisma/schema.prisma — POSTED enums, postingDate, assignedPostingPeriod; no DB immutability trigger","Static code review B1; targeted runtime blocked unless noted in runtime scenarios.","","None — static audit pass","Posted immutability enforced in application layer only. Posted immutability not DB-enforced.","FIND-010","None"
"C5-5.2-007","5","5.2","Transaction boundary — single transactional boundary","Product Enforceable Requirement","Multiple","Code / Runtime / UI","PARTIAL","High","","OSE-backend/src/services/posting.service.js; postingGoverned*.service.js; postingEngine.service.js","prisma/schema.prisma — POSTED enums, postingDate, assignedPostingPeriod; no DB immutability trigger","Static code review B1; targeted runtime blocked unless noted in runtime scenarios.","","None — static audit pass","Posted immutability enforced in application layer only. Posted immutability not DB-enforced.","FIND-010","None"
"C5-5.2-008","5","5.2","Atomicity — any failure leaves document and related business data completely unchanged.","Product Enforceable Requirement","Multiple","Code / Runtime / UI","PARTIAL","High","","OSE-backend/src/services/posting.service.js; postingGoverned*.service.js; postingEngine.service.js","prisma/schema.prisma — POSTED enums, postingDate, assignedPostingPeriod; no DB immutability trigger","Static code review B1; targeted runtime blocked unless noted in runtime scenarios.","","None — static audit pass","Posted immutability enforced in application layer only. Posted immutability not DB-enforced.","FIND-010","None"
"C5-5.2-009","5","5.2","Idempotency — repeating the same posting request shall never create additional effects.","Product Enforceable Requirement","Multiple","Code / Runtime / UI","PARTIAL","High","","OSE-backend/src/services/posting.service.js; postingGoverned*.service.js; postingEngine.service.js","prisma/schema.prisma — POSTED enums, postingDate, assignedPostingPeriod; no DB immutability trigger","Static code review B1; targeted runtime blocked unless noted in runtime scenarios.","","None — static audit pass","Posted immutability enforced in application layer only. Posted immutability not DB-enforced.","FIND-010","None"
"C5-5.2-010","5","5.2","Posting trigger — Posting is automatically triggered upon successful final workflow approval unless a document-specific governance policy defines otherwise.","Product Enforceable Requirement","Multiple","Code / Runtime / UI","PARTIAL","High","","OSE-backend/src/services/posting.service.js; postingGoverned*.service.js; postingEngine.service.js","prisma/schema.prisma — POSTED enums, postingDate, assignedPostingPeriod; no DB immutability trigger","Static code review B1; targeted runtime blocked unless noted in runtime scenarios.","","None — static audit pass","Posted immutability enforced in application layer only. Posted immutability not DB-enforced.","FIND-010","None"
"C5-5.2-011","5","5.2","Final Workflow Approval = business authorization for Posting.","Product Enforceable Requirement","Multiple","Code / Runtime / UI","PARTIAL","High","","OSE-backend/src/services/posting.service.js; postingGoverned*.service.js; postingEngine.service.js","prisma/schema.prisma — POSTED enums, postingDate, assignedPostingPeriod; no DB immutability trigger","Static code review B1; targeted runtime blocked unless noted in runtime scenarios.","","None — static audit pass","Posted immutability enforced in application layer only. Posted immutability not DB-enforced.","FIND-010","None"
"C5-5.2-012","5","5.2","No additional posting confirmation is required by default.","Product Enforceable Requirement","Multiple","Code / Runtime / UI","PARTIAL","High","","OSE-backend/src/services/posting.service.js; postingGoverned*.service.js; postingEngine.service.js","prisma/schema.prisma — POSTED enums, postingDate, assignedPostingPeriod; no DB immutability trigger","Static code review B1; targeted runtime blocked unless noted in runtime scenarios.","","None — static audit pass","Posted immutability enforced in application layer only. Posted immutability not DB-enforced.","FIND-010","None"
"C5-5.2-013","5","5.2","Posting behavior shall remain deterministic and repeat-safe throughout the platform.","Product Enforceable Requirement","Multiple","Code / Runtime / UI","PARTIAL","High","","OSE-backend/src/services/posting.service.js; postingGoverned*.service.js; postingEngine.service.js","prisma/schema.prisma — POSTED enums, postingDate, assignedPostingPeriod; no DB immutability trigger","Static code review B1; targeted runtime blocked unless noted in runtime scenarios.","","None — static audit pass","Posted immutability enforced in application layer only. Posted immutability not DB-enforced.","FIND-010","None"
"C5-5.3-001","5","5.3","Approval authorizes progression within workflow.","Descriptive Context","N/A","Documentation","NOT APPLICABLE","Info","","","","","","None — static audit pass","Category 'Descriptive Context' — no product/runtime enforcement test required.","","None"
"C5-5.3-002","5","5.3","Posting applies official operational and financial effects.","Descriptive Context","N/A","Documentation","NOT APPLICABLE","Info","","","","","","None — static audit pass","Category 'Descriptive Context' — no product/runtime enforcement test required.","","None"
"C5-5.3-003","5","5.3","Workflow Contracts define whether final approval leads directly to Posting or to an optional Approved stage.","Descriptive Context","N/A","Documentation","NOT APPLICABLE","Info","","","","","","None — static audit pass","Category 'Descriptive Context' — no product/runtime enforcement test required.","","None"
"C5-5.4-001","5","5.4","Reversal procedures, inventory recalculation, ledger repair, historical data correction — separate governance documents.","Out of Scope","N/A","N/A","NOT APPLICABLE","Info","","","","","","None — static audit pass","Category 'Out of Scope' — no product/runtime enforcement test required.","","None"
"C6-6.1-001","6","6.1","Period Management preserves inventory integrity, financial integrity, audit integrity, and reporting consistency.","Descriptive Context","N/A","Documentation","NOT APPLICABLE","Info","","","","","","None — static audit pass","Category 'Descriptive Context' — no product/runtime enforcement test required.","","None"
"C6-6.1-002","6","6.1","It governs when transactions may officially affect inventory and financial records.","Descriptive Context","N/A","Runtime","NOT APPLICABLE","Info","","","","","","None — static audit pass","Category 'Descriptive Context' — no product/runtime enforcement test required.","","None"
"C6-6.2-001","6","6.2","DX OSE formally recognizes Inventory Period and Financial Period.","Descriptive Context","N/A","Documentation","NOT APPLICABLE","Info","","","","","","None — static audit pass","Category 'Descriptive Context' — no product/runtime enforcement test required.","","None"
"C6-6.2-002","6","6.2","The current implementation may manage both using a shared calendar while allowing future separation.","Optional Capability","Runtime Behavior","Runtime","NOT APPLICABLE","Info","","OSE-backend/src/services/periodGuard.service.js; periodClose.service.js; platform/postingPeriod.util.js","prisma/schema.prisma — PeriodClose, period snapshots","","","None — static audit pass","Optional capability — not mandatory for v2.0 compliance.","","None"
"C6-6.3-001","6","6.3","Each document shall permanently maintain Document Date, Posting Date, and Assigned Posting Period.","Product Enforceable Requirement","Multiple","Code / Runtime / UI","PASS","Info","","OSE-backend/src/services/periodGuard.service.js; periodClose.service.js; platform/postingPeriod.util.js","prisma/schema.prisma — PeriodClose, period snapshots","Static code review B1; targeted runtime blocked unless noted in runtime scenarios.","","None — static audit pass","","","None"
"C6-6.3-002","6","6.3","Document Date — actual business event date.","Descriptive Context","N/A","Documentation","NOT APPLICABLE","Info","","","","","","None — static audit pass","Category 'Descriptive Context' — no product/runtime enforcement test required.","","None"
"C6-6.3-003","6","6.3","Posting Date — official accounting and inventory recognition date.","Descriptive Context","N/A","Documentation","NOT APPLICABLE","Info","","","","","","None — static audit pass","Category 'Descriptive Context' — no product/runtime enforcement test required.","","None"
"C6-6.3-004","6","6.3","Assigned Posting Period — determined at Posting, permanently recorded.","Descriptive Context","N/A","Documentation","NOT APPLICABLE","Info","","","","","","None — static audit pass","Category 'Descriptive Context' — no product/runtime enforcement test required.","","None"
"C6-6.3-005","6","6.3","Document Date and Posting Date are independent and must never be treated as interchangeable.","Product Enforceable Requirement","Multiple","Code / Runtime / UI","PASS","Info","","OSE-backend/src/services/periodGuard.service.js; periodClose.service.js; platform/postingPeriod.util.js","prisma/schema.prisma — PeriodClose, period snapshots","Static code review B1; targeted runtime blocked unless noted in runtime scenarios.","","None — static audit pass","","","None"
"C6-6.4-001","6","6.4","Open, Closing, Closed, Archived.","Descriptive Context","N/A","Documentation","NOT APPLICABLE","Info","","","","","","None — static audit pass","Category 'Descriptive Context' — no product/runtime enforcement test required.","","None"
"C6-6.4-002","6","6.4","Closing — controlled validation phase before period may close.","Governance Definition","N/A","Runtime","NOT APPLICABLE","Info","","","","","Governance definition — canonical meaning captured in Gate A; not a product gap.","None — static audit pass","Definition row — verify consuming requirements separately.","","None"
"C6-6.5-001","6","6.5","Posting permitted only when Posting Period is Open and all validations pass.","Product Enforceable Requirement","Multiple","Documentation","PASS","Info","","OSE-backend/src/services/periodGuard.service.js; periodClose.service.js; platform/postingPeriod.util.js","prisma/schema.prisma — PeriodClose, period snapshots","Static code review B1; targeted runtime blocked unless noted in runtime scenarios.","","None — static audit pass","","","None"
"C6-6.5-002","6","6.5","Future posting restrictions apply to Posting Date only, not Document Date.","Product Enforceable Requirement","Multiple","Documentation","PASS","Info","","OSE-backend/src/services/periodGuard.service.js; periodClose.service.js; platform/postingPeriod.util.js","prisma/schema.prisma — PeriodClose, period snapshots","Static code review B1; targeted runtime blocked unless noted in runtime scenarios.","","None — static audit pass","","","None"
"C6-6.5-003","6","6.5","Historical Document Date may be accepted if business policy allows and posting period is open.","Optional Capability","Runtime Behavior","Runtime","NOT APPLICABLE","Info","","OSE-backend/src/services/periodGuard.service.js; periodClose.service.js; platform/postingPeriod.util.js","prisma/schema.prisma — PeriodClose, period snapshots","","","None — static audit pass","Optional capability — not mandatory for v2.0 compliance.","","None"
"C6-6.5-004","6","6.5","Posting into Closed period prohibited.","Product Enforceable Requirement","Multiple","Code / Runtime / UI","PASS","Info","","OSE-backend/src/services/periodGuard.service.js; periodClose.service.js; platform/postingPeriod.util.js","prisma/schema.prisma — PeriodClose, period snapshots","Static code review B1; targeted runtime blocked unless noted in runtime scenarios.","","None — static audit pass","","","None"
"C6-6.5-005","6","6.5","Periods close sequentially","Descriptive Context","N/A","Documentation","NOT APPLICABLE","Info","","","","","","None — static audit pass","Category 'Descriptive Context' — no product/runtime enforcement test required.","","None"
"C6-6.5-006","6","6.5","periods must not overlap.","Product Enforceable Requirement","Multiple","Code / Runtime / UI","PASS","Info","","OSE-backend/src/services/periodGuard.service.js; periodClose.service.js; platform/postingPeriod.util.js","prisma/schema.prisma — PeriodClose, period snapshots","Static code review B1; targeted runtime blocked unless noted in runtime scenarios.","","None — static audit pass","","","None"
"C6-6.5-007","6","6.5","Period validation is centralized","Descriptive Context","N/A","Documentation","NOT APPLICABLE","Info","","","","","","None — static audit pass","Category 'Descriptive Context' — no product/runtime enforcement test required.","","None"
"C6-6.5-008","6","6.5","modules shall not implement independent period logic.","Product Enforceable Requirement","Multiple","Code / Runtime / UI","PASS","Info","","OSE-backend/src/services/periodGuard.service.js; periodClose.service.js; platform/postingPeriod.util.js","prisma/schema.prisma — PeriodClose, period snapshots","Static code review B1; targeted runtime blocked unless noted in runtime scenarios.","","None — static audit pass","","","None"
"C6-6.5-009","6","6.5","Assigned Posting Period is immutable after Posting.","Product Enforceable Requirement","Database Integrity","Documentation","PASS","Info","","OSE-backend/src/services/periodGuard.service.js; periodClose.service.js; platform/postingPeriod.util.js","prisma/schema.prisma — PeriodClose, period snapshots","Static code review B1; targeted runtime blocked unless noted in runtime scenarios.","","None — static audit pass","","","None"
"C6-6.6-001","6","6.6","Period Close is a governed business process, not a simple validation failure.","Descriptive Context","N/A","Documentation","NOT APPLICABLE","Info","","","","","","None — static audit pass","Category 'Descriptive Context' — no product/runtime enforcement test required.","","None"
"C6-6.6-002","6","6.6","Validation phase: centralized validation with progress indication when Close Period is initiated.","Descriptive Context","N/A","Documentation","NOT APPLICABLE","Info","","","","","","None — static audit pass","Category 'Descriptive Context' — no product/runtime enforcement test required.","","None"
"C6-6.6-003","6","6.6","Resolution workspace when blocking conditions exist:","Descriptive Context","N/A","Documentation","NOT APPLICABLE","Info","","","","","","None — static audit pass","Category 'Descriptive Context' — no product/runtime enforcement test required.","","None"
"C6-6.6-004","6","6.6","Tab 1 — Close Validation: draft documents, pending workflow, approved-not-posted, validation failures, integrity issues","Descriptive Context","N/A","Documentation","NOT APPLICABLE","Info","","","","","","None — static audit pass","Category 'Descriptive Context' — no product/runtime enforcement test required.","","None"
"C6-6.6-005","6","6.6","Tab 2 — Closed Periods: history (period, closed by, closed at, notes, audit).","Descriptive Context","N/A","Documentation","NOT APPLICABLE","Info","","","","","","None — static audit pass","Category 'Descriptive Context' — no product/runtime enforcement test required.","","None"
"C6-6.6-006","6","6.6","Principle: The platform shall provide governed period-close resolution whenever blocking conditions exist, rather than merely rejecting the request.","Product Enforceable Requirement","Multiple","Code / Runtime / UI","PASS","Info","","OSE-backend/src/services/periodGuard.service.js; periodClose.service.js; platform/postingPeriod.util.js","prisma/schema.prisma — PeriodClose, period snapshots","Static code review B1; targeted runtime blocked unless noted in runtime scenarios.","","None — static audit pass","","","None"
"C6-6.6-007","6","6.6","Integrates with Draft Governance (Chapter 7).","Descriptive Context","N/A","Documentation","NOT APPLICABLE","Info","","","","","","None — static audit pass","Category 'Descriptive Context' — no product/runtime enforcement test required.","","None"
"C6-6.7-001","6","6.7","Prevent invalid Posting Dates proactively where possible.","Product Enforceable Requirement","Runtime Behavior","Documentation","PASS","Info","","OSE-backend/src/services/periodGuard.service.js; periodClose.service.js; platform/postingPeriod.util.js","prisma/schema.prisma — PeriodClose, period snapshots","Static code review B1; targeted runtime blocked unless noted in runtime scenarios.","","None — static audit pass","","","None"
"C6-6.8-001","6","6.8","Governed by separate financial governance policy — intentionally deferred from this Constitution.","Descriptive Context","N/A","Documentation","NOT APPLICABLE","Info","","","","","","None — static audit pass","Category 'Descriptive Context' — no product/runtime enforcement test required.","","None"
"C6-6.9-001","6","6.9","Fiscal calendar configuration, accounting policies, year-end financial closing, financial reopening policies.","Out of Scope","N/A","N/A","NOT APPLICABLE","Info","","","","","","None — static audit pass","Category 'Out of Scope' — no product/runtime enforcement test required.","","None"
"C7-7.1-001","7","7.1","These must remain separate policies.","Product Enforceable Requirement","Multiple","Code / Runtime / UI","PARTIAL","Low","","OSE-backend/src/platform/draftGovernance.service.js; movementRegisterGuard.service.js","","Static code review B1; targeted runtime blocked unless noted in runtime scenarios.","","None — static audit pass","","FIND-011","None"
"C7-7.2-001","7","7.2","Every operational document shall begin as a server-recognized draft unless Workflow Contracts define otherwise.","Product Enforceable Requirement","Multiple","Code / Runtime / UI","PARTIAL","Low","","OSE-backend/src/platform/draftGovernance.service.js; movementRegisterGuard.service.js","","Static code review B1; targeted runtime blocked unless noted in runtime scenarios.","","None — static audit pass","","FIND-011","None"
"C7-7.3-001","7","7.3","Temporary buffer (not official draft) → Server draft → Workflow document after Submit.","Descriptive Context","N/A","Documentation","NOT APPLICABLE","Info","","","","","","None — static audit pass","Category 'Descriptive Context' — no product/runtime enforcement test required.","","None"
"C7-7.4-001","7","7.4","The platform shall define: draft owner","Product Enforceable Requirement","Multiple","Code / Runtime / UI","PARTIAL","Low","","OSE-backend/src/platform/draftGovernance.service.js; movementRegisterGuard.service.js","","Static code review B1; targeted runtime blocked unless noted in runtime scenarios.","","None — static audit pass","","FIND-011","None"
"C7-7.4-002","7","7.4","access rights","Product Enforceable Requirement","Multiple","Documentation","PARTIAL","Low","","OSE-backend/src/platform/draftGovernance.service.js; movementRegisterGuard.service.js","","Static code review B1; targeted runtime blocked unless noted in runtime scenarios.","","None — static audit pass","","FIND-011","None"
"C7-7.4-003","7","7.4","ownership transfer (if permitted)","Product Enforceable Requirement","Multiple","Documentation","PARTIAL","Low","","OSE-backend/src/platform/draftGovernance.service.js; movementRegisterGuard.service.js","","Static code review B1; targeted runtime blocked unless noted in runtime scenarios.","","None — static audit pass","","FIND-011","None"
"C7-7.4-004","7","7.4","handling of drafts for inactive or departed users.","Product Enforceable Requirement","Multiple","Documentation","PARTIAL","Low","","OSE-backend/src/platform/draftGovernance.service.js; movementRegisterGuard.service.js","","Static code review B1; targeted runtime blocked unless noted in runtime scenarios.","","None — static audit pass","","FIND-011","None"
"C7-7.5-001","7","7.5","Rules for opening the same draft from multiple sessions or devices shall align with Chapter 8 (Concurrency).","Product Enforceable Requirement","Multiple","Code / Runtime / UI","PARTIAL","Low","","OSE-backend/src/platform/draftGovernance.service.js; movementRegisterGuard.service.js","","Static code review B1; targeted runtime blocked unless noted in runtime scenarios.","","None — static audit pass","","FIND-011","None"
"C7-7.6-001","7","7.6","Internal draft lifecycle states (e.g. active, submitted, discarded, expired) may exist","Optional Capability","Runtime Behavior","Runtime","NOT APPLICABLE","Info","","OSE-backend/src/platform/draftGovernance.service.js; movementRegisterGuard.service.js","","","","None — static audit pass","Optional capability — not mandatory for v2.0 compliance.","","None"
"C7-7.6-002","7","7.6","not all need be user-visible.","Descriptive Context","N/A","Documentation","NOT APPLICABLE","Info","","","","","","None — static audit pass","Category 'Descriptive Context' — no product/runtime enforcement test required.","","None"
"C7-7.7-001","7","7.7","Auto-save shall occur on meaningful business events (add/delete row, qty/price change, supplier/warehouse change, attachment, notes, before navigation).","Product Enforceable Requirement","Multiple","Code / Runtime / UI","PARTIAL","Low","","OSE-backend/src/platform/draftGovernance.service.js; movementRegisterGuard.service.js","","Static code review B1; targeted runtime blocked unless noted in runtime scenarios.","","None — static audit pass","","FIND-011","None"
"C7-7.7-002","7","7.7","Not on fixed timers defined in this Constitution.","Descriptive Context","N/A","Documentation","NOT APPLICABLE","Info","","","","","","None — static audit pass","Category 'Descriptive Context' — no product/runtime enforcement test required.","","None"
"C7-7.8-001","7","7.8","Recovered drafts shall not bypass current validation.","Product Enforceable Requirement","Multiple","Code / Runtime / UI","PARTIAL","Low","","OSE-backend/src/platform/draftGovernance.service.js; movementRegisterGuard.service.js","","Static code review B1; targeted runtime blocked unless noted in runtime scenarios.","","None — static audit pass","","FIND-011","None"
"C7-7.8-002","7","7.8","Restored documents must be revalidated before continue or submit.","Product Enforceable Requirement","Multiple","Code / Runtime / UI","PARTIAL","Low","","OSE-backend/src/platform/draftGovernance.service.js; movementRegisterGuard.service.js","","Static code review B1; targeted runtime blocked unless noted in runtime scenarios.","","None — static audit pass","","FIND-011","None"
"C7-7.8-003","7","7.8","Recovery prompt: Continue or Discard.","Product Enforceable Requirement","Multiple","Code / Runtime / UI","PARTIAL","Low","","OSE-backend/src/platform/draftGovernance.service.js; movementRegisterGuard.service.js","","Static code review B1; targeted runtime blocked unless noted in runtime scenarios.","","None — static audit pass","","FIND-011","None"
"C7-7.8-004","7","7.8","Last saved indicator should be visible.","Product Enforceable Requirement","Multiple","Code / Runtime / UI","PARTIAL","Low","","OSE-backend/src/platform/draftGovernance.service.js; movementRegisterGuard.service.js","","Static code review B1; targeted runtime blocked unless noted in runtime scenarios.","","None — static audit pass","","FIND-011","None"
"C7-7.9-001","7","7.9","Draft registry required per document family.","Product Enforceable Requirement","Multiple","Code / Runtime / UI","PARTIAL","Low","","OSE-backend/src/platform/draftGovernance.service.js; movementRegisterGuard.service.js","","Static code review B1; targeted runtime blocked unless noted in runtime scenarios.","","None — static audit pass","","FIND-011","None"
"C7-7.9-002","7","7.9","Default retention 30 days.","Product Enforceable Requirement","Multiple","Code / Runtime / UI","PARTIAL","Low","","OSE-backend/src/platform/draftGovernance.service.js; movementRegisterGuard.service.js","","Static code review B1; targeted runtime blocked unless noted in runtime scenarios.","","None — static audit pass","","FIND-011","None"
"C7-7.9-003","7","7.9","Expiration policy (delete, archive, expired state) shall be defined by platform policy.","Product Enforceable Requirement","Multiple","Code / Runtime / UI","PARTIAL","Low","","OSE-backend/src/platform/draftGovernance.service.js; movementRegisterGuard.service.js","","Static code review B1; targeted runtime blocked unless noted in runtime scenarios.","","None — static audit pass","","FIND-011","None"
"C7-7.10-001","7","7.10","Applies to: route navigation, browser refresh, browser/tab close, back navigation, session expiration with unsaved changes.","Descriptive Context","N/A","Documentation","NOT APPLICABLE","Info","","","","","","None — static audit pass","Category 'Descriptive Context' — no product/runtime enforcement test required.","","None"
"C7-7.10-002","7","7.10","Successful Save Draft or Submit returns to clean state.","Descriptive Context","N/A","Documentation","NOT APPLICABLE","Info","","","","","","None — static audit pass","Category 'Descriptive Context' — no product/runtime enforcement test required.","","None"
"C7-7.11-001","7","7.11","Upon successful creation of the first Server Draft, the System Document Number becomes permanently reserved per Chapter 9.","Product Enforceable Requirement","Multiple","Code / Runtime / UI","PARTIAL","Low","","OSE-backend/src/platform/draftGovernance.service.js; movementRegisterGuard.service.js","","Static code review B1; targeted runtime blocked unless noted in runtime scenarios.","","None — static audit pass","","FIND-011","None"
"C7-7.12-001","7","7.12","Not supported — cloud ERP.","Descriptive Context","N/A","Documentation","NOT APPLICABLE","Info","","","","","","None — static audit pass","Category 'Descriptive Context' — no product/runtime enforcement test required.","","None"
"C7-7.13-001","7","7.13","Storage technology, sync intervals, local cache design.","Out of Scope","N/A","N/A","NOT APPLICABLE","Info","","","","","","None — static audit pass","Category 'Out of Scope' — no product/runtime enforcement test required.","","None"
"C8-8.1-001","8","8.1","Prevent silent overwrites when multiple users affect the same document.","Descriptive Context","N/A","Documentation","NOT APPLICABLE","Info","","","","","","None — static audit pass","Category 'Descriptive Context' — no product/runtime enforcement test required.","","None"
"C8-8.2-001","8","8.2","Every editable document shall maintain a Concurrency Version for conflict detection.","Product Enforceable Requirement","Multiple","Code / Runtime / UI","PASS","Info","","OSE-backend/src/platform/concurrency.service.js; posting.service.js optimistic version checks","migration 20260626120000_constitution_v2_foundation — concurrencyVersion columns","Static code review B1; targeted runtime blocked unless noted in runtime scenarios.","","None — static audit pass","","","None"
"C8-8.2-002","8","8.2","The Constitution does not mandate a specific technical mechanism.","Descriptive Context","N/A","Documentation","NOT APPLICABLE","Info","","","","","","None — static audit pass","Category 'Descriptive Context' — no product/runtime enforcement test required.","","None"
"C8-8.3-001","8","8.3","Concurrency applies to the entire governed document, not isolated fields only.","Product Enforceable Requirement","Multiple","Code / Runtime / UI","PASS","Info","","OSE-backend/src/platform/concurrency.service.js; posting.service.js optimistic version checks","migration 20260626120000_constitution_v2_foundation — concurrencyVersion columns","Static code review B1; targeted runtime blocked unless noted in runtime scenarios.","","None — static audit pass","","","None"
"C8-8.5-001","8","8.5","Document is read-only except via Return workflow.","Product Enforceable Requirement","Multiple","Code / Runtime / UI","PASS","Info","","OSE-backend/src/platform/concurrency.service.js; posting.service.js optimistic version checks","migration 20260626120000_constitution_v2_foundation — concurrencyVersion columns","Static code review B1; targeted runtime blocked unless noted in runtime scenarios.","","None — static audit pass","","","None"
"C8-8.6-001","8","8.6","Save Draft, Submit, Approve, Reject, Send Back, Cancel, Post — must not execute twice on the same version without detection.","Product Enforceable Requirement","Multiple","Code / Runtime / UI","PASS","Info","","OSE-backend/src/platform/concurrency.service.js; posting.service.js optimistic version checks","migration 20260626120000_constitution_v2_foundation — concurrencyVersion columns","Static code review B1; targeted runtime blocked unless noted in runtime scenarios.","","None — static audit pass","","","None"
"C8-8.7-001","8","8.7","Posting must not execute except on the latest valid document version after concurrency verification.","Product Enforceable Requirement","Multiple","Code / Runtime / UI","PASS","Info","","OSE-backend/src/platform/concurrency.service.js; posting.service.js optimistic version checks","migration 20260626120000_constitution_v2_foundation — concurrencyVersion columns","Static code review B1; targeted runtime blocked unless noted in runtime scenarios.","","None — static audit pass","","","None"
"C8-8.8-001","8","8.8","Reject conflicting update","Product Enforceable Requirement","Multiple","Code / Runtime / UI","PASS","Info","","OSE-backend/src/platform/concurrency.service.js; posting.service.js optimistic version checks","migration 20260626120000_constitution_v2_foundation — concurrencyVersion columns","Static code review B1; targeted runtime blocked unless noted in runtime scenarios.","","None — static audit pass","","","None"
"C8-8.8-002","8","8.8","do not overwrite another user's changes","Product Enforceable Requirement","Multiple","Code / Runtime / UI","PASS","Info","","OSE-backend/src/platform/concurrency.service.js; posting.service.js optimistic version checks","migration 20260626120000_constitution_v2_foundation — concurrencyVersion columns","Static code review B1; targeted runtime blocked unless noted in runtime scenarios.","","None — static audit pass","","","None"
"C8-8.8-003","8","8.8","require reload before retry.","Product Enforceable Requirement","Multiple","Code / Runtime / UI","PASS","Info","","OSE-backend/src/platform/concurrency.service.js; posting.service.js optimistic version checks","migration 20260626120000_constitution_v2_foundation — concurrencyVersion columns","Static code review B1; targeted runtime blocked unless noted in runtime scenarios.","","None — static audit pass","","","None"
"C8-8.8-004","8","8.8","The platform shall reject conflicting updates using the platform's concurrency mechanism (implementation: Architecture Guide).","Product Enforceable Requirement","Multiple","Code / Runtime / UI","PASS","Info","","OSE-backend/src/platform/concurrency.service.js; posting.service.js optimistic version checks","migration 20260626120000_constitution_v2_foundation — concurrencyVersion columns","Static code review B1; targeted runtime blocked unless noted in runtime scenarios.","","None — static audit pass","","","None"
"C8-8.9-001","8","8.9","Draft ownership and draft locking — Chapter 7.","Descriptive Context","N/A","Documentation","NOT APPLICABLE","Info","","","","","","None — static audit pass","Category 'Descriptive Context' — no product/runtime enforcement test required.","","None"
"C8-8.9-002","8","8.9","Conflict detection during operations — this chapter.","Descriptive Context","N/A","Documentation","NOT APPLICABLE","Info","","","","","","None — static audit pass","Category 'Descriptive Context' — no product/runtime enforcement test required.","","None"
"C8-8.10-001","8","8.10","Concurrency conflicts shall be recorded in audit when appropriate.","Product Enforceable Requirement","Multiple","Code / Runtime / UI","PASS","Info","","OSE-backend/src/platform/concurrency.service.js; posting.service.js optimistic version checks","migration 20260626120000_constitution_v2_foundation — concurrencyVersion columns","Static code review B1; targeted runtime blocked unless noted in runtime scenarios.","","None — static audit pass","","","None"
"C8-8.11-001","8","8.11","Specific HTTP codes, database locking mechanisms.","Out of Scope","N/A","N/A","NOT APPLICABLE","Info","","","","","","None — static audit pass","Category 'Out of Scope' — no product/runtime enforcement test required.","","None"
"C9-9.1-001","9","9.1","One auditable numbering policy for all document types.","Descriptive Context","N/A","Documentation","NOT APPLICABLE","Info","","","","","","None — static audit pass","Category 'Descriptive Context' — no product/runtime enforcement test required.","","None"
"C9-9.2-001","9","9.2","Assigned by the platform only","Descriptive Context","N/A","Documentation","NOT APPLICABLE","Info","","","","","","None — static audit pass","Category 'Descriptive Context' — no product/runtime enforcement test required.","","None"
"C9-9.2-002","9","9.2","users must not enter or edit.","Product Enforceable Requirement","Multiple","Code / Runtime / UI","PASS","Info","","OSE-backend/src/services/docNumbering.service.js — tenant+prefix+year sequence","DocSequence @@unique([tenantId, prefix, year]); document @@unique([tenantId, documentNo])","Static code review B1; targeted runtime blocked unless noted in runtime scenarios.","","None — static audit pass","","","None"
"C9-9.2-003","9","9.2","Assigned at first Server Draft Save (Chapter 7.11).","Descriptive Context","N/A","Documentation","NOT APPLICABLE","Info","","","","","","None — static audit pass","Category 'Descriptive Context' — no product/runtime enforcement test required.","","None"
"C9-9.2-004","9","9.2","Format: `{Type Prefix}-{Year}-{Sequence}` (e.g. GRN-2026-00001).","Descriptive Context","N/A","Documentation","NOT APPLICABLE","Info","","","","","","None — static audit pass","Category 'Descriptive Context' — no product/runtime enforcement test required.","","None"
"C9-9.2-005","9","9.2","External references (e.g. supplier invoice number) are separate fields.","Descriptive Context","N/A","Documentation","NOT APPLICABLE","Info","","","","","","None — static audit pass","Category 'Descriptive Context' — no product/runtime enforcement test required.","","None"
"C9-9.3-001","9","9.3","Uniqueness — unique within governed numbering scope.","Product Enforceable Requirement","Multiple","Documentation","PASS","Info","","OSE-backend/src/services/docNumbering.service.js — tenant+prefix+year sequence","DocSequence @@unique([tenantId, prefix, year]); document @@unique([tenantId, documentNo])","Static code review B1; targeted runtime blocked unless noted in runtime scenarios.","","None — static audit pass","","","None"
"C9-9.3-002","9","9.3","Reservation — upon first Server Draft, number permanently reserved.","Product Enforceable Requirement","Multiple","Documentation","PASS","Info","","OSE-backend/src/services/docNumbering.service.js — tenant+prefix+year sequence","DocSequence @@unique([tenantId, prefix, year]); document @@unique([tenantId, documentNo])","Static code review B1; targeted runtime blocked unless noted in runtime scenarios.","","None — static audit pass","","","None"
"C9-9.3-003","9","9.3","Deleted drafts — number never released or recycled.","Product Enforceable Requirement","Multiple","Documentation","PASS","Info","","OSE-backend/src/services/docNumbering.service.js — tenant+prefix+year sequence","DocSequence @@unique([tenantId, prefix, year]); document @@unique([tenantId, documentNo])","Static code review B1; targeted runtime blocked unless noted in runtime scenarios.","","None — static audit pass","","","None"
"C9-9.3-004","9","9.3","Gap policy — gaps acceptable","Governance Definition","N/A","Documentation","NOT APPLICABLE","Info","","","","","Governance definition — canonical meaning captured in Gate A; not a product gap.","None — static audit pass","Definition row — verify consuming requirements separately.","","None"
"C9-9.3-005","9","9.3","Unified engine — all creation channels (manual, import, integration, future) use same numbering governance.","Product Enforceable Requirement","Multiple","Documentation","PASS","Info","","OSE-backend/src/services/docNumbering.service.js — tenant+prefix+year sequence","DocSequence @@unique([tenantId, prefix, year]); document @@unique([tenantId, documentNo])","Static code review B1; targeted runtime blocked unless noted in runtime scenarios.","","None — static audit pass","","","None"
"C9-9.3-006","9","9.3","Prefix governance — prefixes governed centrally","Product Enforceable Requirement","Multiple","Documentation","PASS","Info","","OSE-backend/src/services/docNumbering.service.js — tenant+prefix+year sequence","DocSequence @@unique([tenantId, prefix, year]); document @@unique([tenantId, documentNo])","Static code review B1; targeted runtime blocked unless noted in runtime scenarios.","","None — static audit pass","","","None"
"C9-9.3-007","9","9.3","Failed allocation — gaps from failed/rolled-back operations acceptable.","Governance Definition","Governance Documentation","Documentation","NOT APPLICABLE","Info","","","","","Governance definition — canonical meaning captured in Gate A; not a product gap.","None — static audit pass","Definition row — verify consuming requirements separately.","","None"
"C9-9.3-008","9","9.3","Immutability — once assigned, number immutable for entire lifecycle.","Product Enforceable Requirement","Multiple","Documentation","PASS","Info","","OSE-backend/src/services/docNumbering.service.js — tenant+prefix+year sequence","DocSequence @@unique([tenantId, prefix, year]); document @@unique([tenantId, documentNo])","Static code review B1; targeted runtime blocked unless noted in runtime scenarios.","","None — static audit pass","","","None"
"C9-9.3-009","9","9.3","Audit — allocation traceable through platform audit mechanisms.","Product Enforceable Requirement","Multiple","Documentation","PASS","Info","","OSE-backend/src/services/docNumbering.service.js — tenant+prefix+year sequence","DocSequence @@unique([tenantId, prefix, year]); document @@unique([tenantId, documentNo])","Static code review B1; targeted runtime blocked unless noted in runtime scenarios.","","None — static audit pass","","","None"
"C9-9.3-010","9","9.3","Manual override — prohibited.","Product Enforceable Requirement","Multiple","Code / Runtime / UI","PASS","Info","","OSE-backend/src/services/docNumbering.service.js — tenant+prefix+year sequence","DocSequence @@unique([tenantId, prefix, year]); document @@unique([tenantId, documentNo])","Static code review B1; targeted runtime blocked unless noted in runtime scenarios.","","None — static audit pass","","","None"
"C9-9.3-011","9","9.3","Annual reset — per prefix per year (or fiscal year per platform policy).","Governance Definition","N/A","Documentation","NOT APPLICABLE","Info","","","","","Governance definition — canonical meaning captured in Gate A; not a product gap.","None — static audit pass","Definition row — verify consuming requirements separately.","","None"
"C9-9.4-001","9","9.4","Branch or property prefixes embedded in document numbers.","Out of Scope","N/A","N/A","NOT APPLICABLE","Info","","","","","","None — static audit pass","Category 'Out of Scope' — no product/runtime enforcement test required.","","None"
"C10-10.2-001","10","10.2","Stock availability validated against latest committed inventory state at Posting.","Product Enforceable Requirement","Multiple","Code / Runtime / UI","PASS","Info","","OSE-backend/src/services/posting.service.js stock checks; postingGovernedGrn/Movement/Transfer/GetPass","","Static code review B1; targeted runtime blocked unless noted in runtime scenarios.","","None — static audit pass","","","None"
"C10-10.2-002","10","10.2","Negative inventory prohibited in DX OSE v2.0.","Product Enforceable Requirement","Multiple","Code / Runtime / UI","PASS","Info","","OSE-backend/src/services/posting.service.js stock checks; postingGovernedGrn/Movement/Transfer/GetPass","","Static code review B1; targeted runtime blocked unless noted in runtime scenarios.","","None — static audit pass","","","None"
"C10-10.2-003","10","10.2","Quantity must be greater than zero","Product Enforceable Requirement","Multiple","Code / Runtime / UI","PASS","Info","","OSE-backend/src/services/posting.service.js stock checks; postingGovernedGrn/Movement/Transfer/GetPass","","Static code review B1; targeted runtime blocked unless noted in runtime scenarios.","","None — static audit pass","","","None"
"C10-10.2-004","10","10.2","zero-quantity lines prohibited.","Product Enforceable Requirement","Multiple","Code / Runtime / UI","PASS","Info","","OSE-backend/src/services/posting.service.js stock checks; postingGovernedGrn/Movement/Transfer/GetPass","","Static code review B1; targeted runtime blocked unless noted in runtime scenarios.","","None — static audit pass","","","None"
"C10-10.2-005","10","10.2","Quantity precision per platform settings","Product Enforceable Requirement","Multiple","Code / Runtime / UI","PASS","Info","","OSE-backend/src/services/posting.service.js stock checks; postingGovernedGrn/Movement/Transfer/GetPass","","Static code review B1; targeted runtime blocked unless noted in runtime scenarios.","","None — static audit pass","","","None"
"C10-10.2-006","10","10.2","validation uses precise values.","Product Enforceable Requirement","Multiple","Code / Runtime / UI","PASS","Info","","OSE-backend/src/services/posting.service.js stock checks; postingGovernedGrn/Movement/Transfer/GetPass","","Static code review B1; targeted runtime blocked unless noted in runtime scenarios.","","None — static audit pass","","","None"
"C10-10.2-007","10","10.2","Stock validation against source inventory location defined by transaction.","Product Enforceable Requirement","Multiple","Code / Runtime / UI","PASS","Info","","OSE-backend/src/services/posting.service.js stock checks; postingGovernedGrn/Movement/Transfer/GetPass","","Static code review B1; targeted runtime blocked unless noted in runtime scenarios.","","None — static audit pass","","","None"
"C10-10.2-008","10","10.2","All calculations use base unit.","Product Enforceable Requirement","Multiple","Code / Runtime / UI","PASS","Info","","OSE-backend/src/services/posting.service.js stock checks; postingGovernedGrn/Movement/Transfer/GetPass","","Static code review B1; targeted runtime blocked unless noted in runtime scenarios.","","None — static audit pass","","","None"
"C10-10.2-009","10","10.2","Batch-controlled and serial-controlled inventory — Out of Scope v2.0.","Out of Scope","N/A","Code / Runtime / UI","NOT APPLICABLE","Info","","","","","","None — static audit pass","Explicit Out of Scope v2.0 — batch/serial not implemented by design.","","None"
"C10-10.2-010","10","10.2","No transaction shall violate constitutional stock integrity rules.","Product Enforceable Requirement","Multiple","Code / Runtime / UI","PASS","Info","","OSE-backend/src/services/posting.service.js stock checks; postingGovernedGrn/Movement/Transfer/GetPass","","Static code review B1; targeted runtime blocked unless noted in runtime scenarios.","","None — static audit pass","","","None"
"C10-10.2-011","10","10.2","Inventory movements generated exclusively by Posted transactions.","Product Enforceable Requirement","Multiple","Code / Runtime / UI","PASS","Info","","OSE-backend/src/services/posting.service.js stock checks; postingGovernedGrn/Movement/Transfer/GetPass","","Static code review B1; targeted runtime blocked unless noted in runtime scenarios.","","None — static audit pass","","","None"
"C10-10.2-012","10","10.2","Posted inventory movements shall never be edited","Product Enforceable Requirement","Multiple","Code / Runtime / UI","PASS","Info","","OSE-backend/src/services/posting.service.js stock checks; postingGovernedGrn/Movement/Transfer/GetPass","","Static code review B1; targeted runtime blocked unless noted in runtime scenarios.","","None — static audit pass","","","None"
"C10-10.2-013","10","10.2","corrections via new governed transactions.","Product Enforceable Requirement","Multiple","Code / Runtime / UI","PASS","Info","","OSE-backend/src/services/posting.service.js stock checks; postingGovernedGrn/Movement/Transfer/GetPass","","Static code review B1; targeted runtime blocked unless noted in runtime scenarios.","","None — static audit pass","","","None"
"C10-10.2-014","10","10.2","Inbound: ●  no stock check","Product Enforceable Requirement","Multiple","Code / Runtime / UI","PASS","Info","","OSE-backend/src/services/posting.service.js stock checks; postingGovernedGrn/Movement/Transfer/GetPass","","Static code review B1; targeted runtime blocked unless noted in runtime scenarios.","","None — static audit pass","","","None"
"C10-10.2-015","10","10.2","Outbound: authoritative on platform","Product Enforceable Requirement","Multiple","Code / Runtime / UI","PASS","Info","","OSE-backend/src/services/posting.service.js stock checks; postingGovernedGrn/Movement/Transfer/GetPass","","Static code review B1; targeted runtime blocked unless noted in runtime scenarios.","","None — static audit pass","","","None"
"C10-10.3-001","10","10.3","Unit conversion within inventory movements","Out of Scope","N/A","N/A","NOT APPLICABLE","Info","","","","","","None — static audit pass","Category 'Out of Scope' — no product/runtime enforcement test required.","","None"
"C10-10.3-002","10","10.3","reservation (Chapter 2.4.5).","Out of Scope","N/A","N/A","NOT APPLICABLE","Info","","","","","","None — static audit pass","Category 'Out of Scope' — no product/runtime enforcement test required.","","None"
"C11-11.1-001","11","11.1","Display formatting only — not accounting or conversion.","Descriptive Context","N/A","Documentation","NOT APPLICABLE","Info","","","","","","None — static audit pass","Category 'Descriptive Context' — no product/runtime enforcement test required.","","None"
"C11-11.2-001","11","11.2","Property-level display currency.","Descriptive Context","N/A","Documentation","NOT APPLICABLE","Info","","","","","","None — static audit pass","Category 'Descriptive Context' — no product/runtime enforcement test required.","","None"
"C11-11.3-001","11","11.3","Changing display currency changes symbol and format only.","Descriptive Context","N/A","Documentation","NOT APPLICABLE","Info","","","","","","None — static audit pass","Category 'Descriptive Context' — no product/runtime enforcement test required.","","None"
"C11-11.3-002","11","11.3","It must not convert amounts, alter stored values, ledger, valuation, historical posted documents, or participate in financial calculations, inventory valuation, posting logic, taxation, or accounting transactions.","Product Enforceable Requirement","Multiple","Code / Runtime / UI","PASS","Info","","Display currency isolation in posting paths (grep display currency guards in posting.service.js)","","Static code review B1; targeted runtime blocked unless noted in runtime scenarios.","","None — static audit pass","Full financial display-currency matrix not re-runtime-tested in this audit pass.","","None"
"C11-11.4-001","11","11.4","Display Currency shall apply consistently across all user interfaces, reports, dashboards, exported documents, and printed outputs unless explicitly governed otherwise.","Product Enforceable Requirement","Multiple","Code / Runtime / UI","PASS","Info","","Display currency isolation in posting paths (grep display currency guards in posting.service.js)","","Static code review B1; targeted runtime blocked unless noted in runtime scenarios.","","None — static audit pass","Full financial display-currency matrix not re-runtime-tested in this audit pass.","","None"
"C11-11.4-002","11","11.4","Reports and PDF shall use property display currency as each channel is brought under this standard.","Product Enforceable Requirement","Multiple","Code / Runtime / UI","PASS","Info","","Display currency isolation in posting paths (grep display currency guards in posting.service.js)","","Static code review B1; targeted runtime blocked unless noted in runtime scenarios.","","None — static audit pass","Full financial display-currency matrix not re-runtime-tested in this audit pass.","","None"
"C11-11.5-001","11","11.5","Decimal places per currency rules (SAR/USD 2, JPY 0, KWD 3).","Descriptive Context","N/A","Documentation","NOT APPLICABLE","Info","","","","","","None — static audit pass","Category 'Descriptive Context' — no product/runtime enforcement test required.","","None"
"C11-11.6-001","11","11.6","Changing Property Display Currency must not modify historical posted documents or stored business data.","Product Enforceable Requirement","Multiple","Code / Runtime / UI","PASS","Info","","Display currency isolation in posting paths (grep display currency guards in posting.service.js)","","Static code review B1; targeted runtime blocked unless noted in runtime scenarios.","","None — static audit pass","Full financial display-currency matrix not re-runtime-tested in this audit pass.","","None"
"C11-11.7-001","11","11.7","Property settings — not inventory module settings.","Descriptive Context","N/A","Documentation","NOT APPLICABLE","Info","","","","","","None — static audit pass","Category 'Descriptive Context' — no product/runtime enforcement test required.","","None"
"C11-11.8-001","11","11.8","Exchange rates, multi-currency purchasing, multi-currency accounting.","Out of Scope","N/A","N/A","NOT APPLICABLE","Info","","","","","","None — static audit pass","Category 'Out of Scope' — no product/runtime enforcement test required.","","None"
"C12-12.1-001","12","12.1","The document header represents the business identity of the document throughout its lifecycle.","Descriptive Context","N/A","Documentation","NOT APPLICABLE","Info","","","","","","None — static audit pass","Category 'Descriptive Context' — no product/runtime enforcement test required.","","None"
"C12-12.2-001","12","12.2","Fixed order where applicable: document number, status, workflow step, created by/date, property, department, warehouse, related party, period, display currency, total value, quick actions.","Descriptive Context","N/A","Documentation","NOT APPLICABLE","Info","","","","","","None — static audit pass","Category 'Descriptive Context' — no product/runtime enforcement test required.","","None"
"C12-12.2-002","12","12.2","Optional fields omitted when not applicable","UX / Presentation Requirement","UI / UX","Documentation","PASS","Info","OSE-Frontend shared/styles/_document-page-shell.scss; document-header-order.registry.ts","","","Static code review B1; interactive UI verification limited in B3.","","None — static audit pass","","","None"
"C12-12.2-003","12","12.2","positions must not shift arbitrarily.","Product Enforceable Requirement","Multiple","Code / Runtime / UI","PASS","Info","OSE-Frontend shared/styles/_document-page-shell.scss; document-header-order.registry.ts","","","Static code review B1; targeted runtime blocked unless noted in runtime scenarios.","","None — static audit pass","","","None"
"C12-12.3-001","12","12.3","System fields (document number, status, created by/at, posted by/at, etc.) — must not be usereditable.","Product Enforceable Requirement","Multiple","Code / Runtime / UI","PASS","Info","OSE-Frontend shared/styles/_document-page-shell.scss; document-header-order.registry.ts","","","Static code review B1; targeted runtime blocked unless noted in runtime scenarios.","","None — static audit pass","","","None"
"C12-12.3-002","12","12.3","Business fields — subject to document rules and lifecycle.","Descriptive Context","N/A","Documentation","NOT APPLICABLE","Info","","","","","","None — static audit pass","Category 'Descriptive Context' — no product/runtime enforcement test required.","","None"
"C12-12.3-003","12","12.3","Mandatory vs optional — per document type in Workflow Contracts / module policy.","Descriptive Context","N/A","Documentation","NOT APPLICABLE","Info","","","","","","None — static audit pass","Category 'Descriptive Context' — no product/runtime enforcement test required.","","None"
"C12-12.4-001","12","12.4","Header fields shall become read-only once the document enters a non-editable lifecycle state unless explicitly governed otherwise.","Product Enforceable Requirement","Multiple","Code / Runtime / UI","PASS","Info","OSE-Frontend shared/styles/_document-page-shell.scss; document-header-order.registry.ts","","","Static code review B1; targeted runtime blocked unless noted in runtime scenarios.","","None — static audit pass","","","None"
"C12-12.5-001","12","12.5","Changes to property, department, warehouse after lines exist or after workflow progress must require confirmation and shall follow document business rules (see BDR for line-clear policies).","Product Enforceable Requirement","Multiple","Code / Runtime / UI","PASS","Info","OSE-Frontend shared/styles/_document-page-shell.scss; document-header-order.registry.ts","","","Static code review B1; targeted runtime blocked unless noted in runtime scenarios.","","None — static audit pass","","","None"
"C12-12.6-001","12","12.6","Header information and document lines shall remain logically consistent throughout the lifecycle unless explicitly governed otherwise.","Product Enforceable Requirement","Multiple","Code / Runtime / UI","PASS","Info","OSE-Frontend shared/styles/_document-page-shell.scss; document-header-order.registry.ts","","","Static code review B1; targeted runtime blocked unless noted in runtime scenarios.","","None — static audit pass","","","None"
"C12-12.7-001","12","12.7","Modules may add header fields provided standard header order and positions are preserved.","Optional Capability","Runtime Behavior","Runtime","NOT APPLICABLE","Info","OSE-Frontend shared/styles/_document-page-shell.scss; document-header-order.registry.ts","","","","","None — static audit pass","Optional capability — not mandatory for v2.0 compliance.","","None"
"C13-13.1-001","13","13.1","Unified grid behavior for all line-based documents.","Descriptive Context","N/A","Documentation","NOT APPLICABLE","Info","","","","","","None — static audit pass","Category 'Descriptive Context' — no product/runtime enforcement test required.","","None"
"C13-13.2-001","13","13.2","Each line shall maintain a unique internal identity independent of display order or row number.","Product Enforceable Requirement","Multiple","Code / Runtime / UI","PARTIAL","High","","Module services block line mutation after POSTED; DB lacks line immutability constraint","","Static code review B1; targeted runtime blocked unless noted in runtime scenarios.","","None — static audit pass","Posted immutability not DB-enforced.","FIND-010","None"
"C13-13.2-002","13","13.2","Display order is presentation only.","Descriptive Context","N/A","Documentation","NOT APPLICABLE","Info","","","","","","None — static audit pass","Category 'Descriptive Context' — no product/runtime enforcement test required.","","None"
"C13-13.3-001","13","13.3","Column order, alignment, editable vs read-only, required columns, row validation, footer totals, add/delete, empty state, large datasets, keyboard navigation (Chapter 17).","Descriptive Context","N/A","Documentation","NOT APPLICABLE","Info","","","","","","None — static audit pass","Category 'Descriptive Context' — no product/runtime enforcement test required.","","None"
"C13-13.4-001","13","13.4","Posted document lines shall be immutable.","Product Enforceable Requirement","Multiple","Code / Runtime / UI","PARTIAL","High","","Module services block line mutation after POSTED; DB lacks line immutability constraint","","Static code review B1; targeted runtime blocked unless noted in runtime scenarios.","","None — static audit pass","Posted immutability not DB-enforced.","FIND-010","None"
"C13-13.4-002","13","13.4","Corrections via new governed business transactions.","Descriptive Context","N/A","Documentation","NOT APPLICABLE","Info","","","","","","None — static audit pass","Category 'Descriptive Context' — no product/runtime enforcement test required.","","None"
"C13-13.5-001","13","13.5","Line values and calculated fields shall recalculate automatically per governed business rules when relevant data changes.","Product Enforceable Requirement","Multiple","Code / Runtime / UI","PARTIAL","High","","Module services block line mutation after POSTED; DB lacks line immutability constraint","","Static code review B1; targeted runtime blocked unless noted in runtime scenarios.","","None — static audit pass","Posted immutability not DB-enforced.","FIND-010","None"
"C13-13.6-001","13","13.6","All lines shall remain consistent with governing business context in the header unless explicitly governed otherwise.","Product Enforceable Requirement","Multiple","Code / Runtime / UI","PARTIAL","High","","Module services block line mutation after POSTED; DB lacks line immutability constraint","","Static code review B1; targeted runtime blocked unless noted in runtime scenarios.","","None — static audit pass","Posted immutability not DB-enforced.","FIND-010","None"
"C13-13.7-001","13","13.7","Document and line totals are system-calculated","Descriptive Context","N/A","Documentation","NOT APPLICABLE","Info","","","","","","None — static audit pass","Category 'Descriptive Context' — no product/runtime enforcement test required.","","None"
"C13-13.7-002","13","13.7","must not be directly user-editable.","Governance Definition","Governance Documentation","Documentation","NOT APPLICABLE","Info","","","","","Governance definition — canonical meaning captured in Gate A; not a product gap.","None — static audit pass","Definition row — verify consuming requirements separately.","","None"
"C13-13.8-001","13","13.8","Duplicate line behavior shall be defined by each business document according to functional requirements (not one global merge/prevent policy).","Product Enforceable Requirement","Multiple","Code / Runtime / UI","PARTIAL","High","","Module services block line mutation after POSTED; DB lacks line immutability constraint","","Static code review B1; targeted runtime blocked unless noted in runtime scenarios.","","None — static audit pass","Posted immutability not DB-enforced.","FIND-010","None"
"C13-13.9-001","13","13.9","Significant line-level business changes shall be auditable per platform audit policy.","Product Enforceable Requirement","Multiple","Code / Runtime / UI","PARTIAL","High","","Module services block line mutation after POSTED; DB lacks line immutability constraint","","Static code review B1; targeted runtime blocked unless noted in runtime scenarios.","","None — static audit pass","Posted immutability not DB-enforced.","FIND-010","None"
"C13-13.10-001","13","13.10","Large datasets shall not degrade usability (Chapter 27).","Product Enforceable Requirement","Multiple","Code / Runtime / UI","PARTIAL","High","","Module services block line mutation after POSTED; DB lacks line immutability constraint","","Static code review B1; targeted runtime blocked unless noted in runtime scenarios.","","None — static audit pass","Posted immutability not DB-enforced.","FIND-010","None"
"C14-14.1-001","14","14.1","Consistent attachment experience via unified platform attachment capability (one behavior, module configuration only).","Descriptive Context","N/A","Documentation","NOT APPLICABLE","Info","","","","","","None — static audit pass","Category 'Descriptive Context' — no product/runtime enforcement test required.","","None"
"C14-14.2-001","14","14.2","Invoice, evidence, supporting document, line photo, excel import, generated report, other — per module.","Descriptive Context","N/A","Documentation","NOT APPLICABLE","Info","","","","","","None — static audit pass","Category 'Descriptive Context' — no product/runtime enforcement test required.","","None"
"C14-14.3-001","14","14.3","State Typical rights Draft Add, replace, delete In review View, download Posted Read-only Posted attachments shall not be modified, replaced, or deleted.","Product Enforceable Requirement","Multiple","Code / Runtime / UI","PASS","Info","","Attachment services/controllers — module-specific; spot-check only in audit","","Static code review B1; targeted runtime blocked unless noted in runtime scenarios.","","None — static audit pass","","","None"
"C14-14.3-002","14","14.3","Required attachments must block submit when missing.","Product Enforceable Requirement","Multiple","Code / Runtime / UI","PASS","Info","","Attachment services/controllers — module-specific; spot-check only in audit","","Static code review B1; targeted runtime blocked unless noted in runtime scenarios.","","None — static audit pass","","","None"
"C14-14.4-001","14","14.4","Platform shall enforce allowed types, maximum size, and maximum count (values in platform policy, not this Constitution).","Product Enforceable Requirement","Multiple","Code / Runtime / UI","PASS","Info","","Attachment services/controllers — module-specific; spot-check only in audit","","Static code review B1; targeted runtime blocked unless noted in runtime scenarios.","","None — static audit pass","","","None"
"C14-14.5-001","14","14.5","Uploaded files shall comply with platform security validation policy.","Product Enforceable Requirement","Multiple","Code / Runtime / UI","PASS","Info","","Attachment services/controllers — module-specific; spot-check only in audit","","Static code review B1; targeted runtime blocked unless noted in runtime scenarios.","","None — static audit pass","","","None"
"C14-14.6-001","14","14.6","Download subject to same authorization as document view (and finer where required).","Descriptive Context","N/A","Documentation","NOT APPLICABLE","Info","","","","","","None — static audit pass","Category 'Descriptive Context' — no product/runtime enforcement test required.","","None"
"C14-14.7-001","14","14.7","Attachment lifecycle follows linked entity (document or line).","Descriptive Context","N/A","Documentation","NOT APPLICABLE","Info","","","","","","None — static audit pass","Category 'Descriptive Context' — no product/runtime enforcement test required.","","None"
"C14-14.8-001","14","14.8","Original filename may display","Optional Capability","Runtime Behavior","Runtime","NOT APPLICABLE","Info","","Attachment services/controllers — module-specific; spot-check only in audit","","","","None — static audit pass","Optional capability — not mandatory for v2.0 compliance.","","None"
"C14-14.8-002","14","14.8","platform defines internal storage identity — filenames must not serve as internal identifiers.","Product Enforceable Requirement","Multiple","Code / Runtime / UI","PASS","Info","","Attachment services/controllers — module-specific; spot-check only in audit","","Static code review B1; targeted runtime blocked unless noted in runtime scenarios.","","None — static audit pass","","","None"
"C14-14.9-001","14","14.9","All attachment operations auditable.","Descriptive Context","N/A","Documentation","NOT APPLICABLE","Info","","","","","","None — static audit pass","Category 'Descriptive Context' — no product/runtime enforcement test required.","","None"
"C14-14.10-001","14","14.10","Preview UX details — UX Constitution.","Out of Scope","N/A","N/A","NOT APPLICABLE","Info","","","","","","None — static audit pass","Category 'Out of Scope' — no product/runtime enforcement test required.","","None"
"C15-15.1-001","15","15.1","Workflow comment, internal note, system note, audit comment.","Descriptive Context","N/A","Documentation","NOT APPLICABLE","Info","","","","","","None — static audit pass","Category 'Descriptive Context' — no product/runtime enforcement test required.","","None"
"C15-15.2-001","15","15.2","Reject, Send Back, Cancel — reason required where defined.","Product Enforceable Requirement","Multiple","Code / Runtime / UI","PASS","Info","","Notes/comments modules — spot-check only","","Static code review B1; targeted runtime blocked unless noted in runtime scenarios.","","None — static audit pass","","","None"
"C15-15.3-001","15","15.3","Workflow comments, system notes, and audit comments shall become immutable once recorded.","Product Enforceable Requirement","Multiple","Code / Runtime / UI","PASS","Info","","Notes/comments modules — spot-check only","","Static code review B1; targeted runtime blocked unless noted in runtime scenarios.","","None — static audit pass","","","None"
"C15-15.3-002","15","15.3","Internal notes visibility governed by platform authorization model.","Descriptive Context","N/A","Documentation","NOT APPLICABLE","Info","","","","","","None — static audit pass","Category 'Descriptive Context' — no product/runtime enforcement test required.","","None"
"C15-15.4-001","15","15.4","Generated exclusively by the platform","Descriptive Context","N/A","Documentation","NOT APPLICABLE","Info","","","","","","None — static audit pass","Category 'Descriptive Context' — no product/runtime enforcement test required.","","None"
"C15-15.4-002","15","15.4","users must not manually create or modify.","Product Enforceable Requirement","Multiple","Code / Runtime / UI","PASS","Info","","Notes/comments modules — spot-check only","","Static code review B1; targeted runtime blocked unless noted in runtime scenarios.","","None — static audit pass","","","None"
"C15-15.5-001","15","15.5","Notes and comments in chronological order within unified timeline (Chapter 22).","Descriptive Context","N/A","Documentation","NOT APPLICABLE","Info","","","","","","None — static audit pass","Category 'Descriptive Context' — no product/runtime enforcement test required.","","None"
"C15-15.6-001","15","15.6","Per type policy","Descriptive Context","N/A","Documentation","NOT APPLICABLE","Info","","","","","","None — static audit pass","Category 'Descriptive Context' — no product/runtime enforcement test required.","","None"
"C15-15.6-002","15","15.6","workflow comments in timeline","Descriptive Context","N/A","Documentation","NOT APPLICABLE","Info","","","","","","None — static audit pass","Category 'Descriptive Context' — no product/runtime enforcement test required.","","None"
"C15-15.6-003","15","15.6","print inclusion per module policy.","Descriptive Context","N/A","Documentation","NOT APPLICABLE","Info","","","","","","None — static audit pass","Category 'Descriptive Context' — no product/runtime enforcement test required.","","None"
"C16-16.1-001","16","16.1","Images support operational accuracy (especially count), not decoration.","Descriptive Context","N/A","Documentation","NOT APPLICABLE","Info","","","","","","None — static audit pass","Category 'Descriptive Context' — no product/runtime enforcement test required.","","None"
"C16-16.2-001","16","16.2","Item images are Item Master data","Descriptive Context","N/A","Documentation","NOT APPLICABLE","Info","","","","","","None — static audit pass","Category 'Descriptive Context' — no product/runtime enforcement test required.","","None"
"C16-16.2-002","16","16.2","must not be created or modified through transactional documents.","Product Enforceable Requirement","Multiple","Documentation","PASS","Info","Item images via item master; item-form/item import paths","","","Static code review B1; targeted runtime blocked unless noted in runtime scenarios.","","None — static audit pass","","","None"
"C16-16.3-001","16","16.3","Single source: Item Master","Descriptive Context","N/A","Documentation","NOT APPLICABLE","Info","","","","","","None — static audit pass","Category 'Descriptive Context' — no product/runtime enforcement test required.","","None"
"C16-16.3-002","16","16.3","Thumbnails in operational screens where valuable","UX / Presentation Requirement","UI / UX","Documentation","PASS","Info","Item images via item master; item-form/item import paths","","","Static code review B1; interactive UI verification limited in B3.","","None — static audit pass","","","None"
"C16-16.3-003","16","16.3","Standardized placeholder when no image","UX / Presentation Requirement","UI / UX","Documentation","PASS","Info","Item images via item master; item-form/item import paths","","","Static code review B1; interactive UI verification limited in B3.","","None — static audit pass","","","None"
"C16-16.3-004","16","16.3","Bulk upload may be supported","Optional Capability","Runtime Behavior","Runtime","NOT APPLICABLE","Info","Item images via item master; item-form/item import paths","","","","","None — static audit pass","Optional capability — not mandatory for v2.0 compliance.","","None"
"C16-16.3-005","16","16.3","Count sheet export/import compatibility when images included","Descriptive Context","N/A","Documentation","NOT APPLICABLE","Info","","","","","","None — static audit pass","Category 'Descriptive Context' — no product/runtime enforcement test required.","","None"
"C16-16.3-006","16","16.3","Thumbnails in grids","UX / Presentation Requirement","UI / UX","Documentation","PASS","Info","Item images via item master; item-form/item import paths","","","Static code review B1; interactive UI verification limited in B3.","","None — static audit pass","","","None"
"C16-16.3-007","16","16.3","not full resolution","UX / Presentation Requirement","UI / UX","Documentation","PASS","Info","Item images via item master; item-form/item import paths","","","Static code review B1; interactive UI verification limited in B3.","","None — static audit pass","","","None"
"C16-16.3-008","16","16.3","Maximum 1 MB per image","Product Enforceable Requirement","Multiple","Documentation","PASS","Info","Item images via item master; item-form/item import paths","","","Static code review B1; targeted runtime blocked unless noted in runtime scenarios.","","None — static audit pass","","","None"
"C16-16.3-009","16","16.3","Supported formats/dimensions per platform media policy","Product Enforceable Requirement","Multiple","Documentation","PASS","Info","Item images via item master; item-form/item import paths","","","Static code review B1; targeted runtime blocked unless noted in runtime scenarios.","","None — static audit pass","","","None"
"C16-16.3-010","16","16.3","Unified export behavior when image absent","Product Enforceable Requirement","Multiple","Documentation","PASS","Info","Item images via item master; item-form/item import paths","","","Static code review B1; targeted runtime blocked unless noted in runtime scenarios.","","None — static audit pass","","","None"
"C17-17.1-001","17","17.1","All modules and shared experiences: documents, master data, settings, reports, dialogs.","UX / Presentation Requirement","N/A","UI / UX","PARTIAL","Medium","keyboard-navigation.directive.ts + keyboard-shortcut.registry.ts exist; limited template adoption","","","Static code review B1; interactive UI verification limited in B3.","","None — static audit pass","appKeyboardNav not wired on governed document shells.","FIND-001","None"
"C17-17.2-001","17","17.2","Keyboard-first","UX / Presentation Requirement","UI / UX","UI / UX","PARTIAL","Medium","","","","","","None — static audit pass","","FIND-001","None"
"C17-17.2-002","17","17.2","Enter → next field (not submit/post/delete)","UX / Presentation Requirement","UI / UX","UI / UX","PARTIAL","Medium","keyboard-navigation.directive.ts + keyboard-shortcut.registry.ts exist; limited template adoption","","","Static code review B1; interactive UI verification limited in B3.","","None — static audit pass","appKeyboardNav not wired on governed document shells.","FIND-001","None"
"C17-17.2-003","17","17.2","Enter at row end → next row or add row","UX / Presentation Requirement","UI / UX","UI / UX","PARTIAL","Medium","keyboard-navigation.directive.ts + keyboard-shortcut.registry.ts exist; limited template adoption","","","Static code review B1; interactive UI verification limited in B3.","","None — static audit pass","appKeyboardNav not wired on governed document shells.","FIND-001","None"
"C17-17.2-004","17","17.2","Shift+Enter → previous","UX / Presentation Requirement","UI / UX","UI / UX","PARTIAL","Medium","keyboard-navigation.directive.ts + keyboard-shortcut.registry.ts exist; limited template adoption","","","Static code review B1; interactive UI verification limited in B3.","","None — static audit pass","appKeyboardNav not wired on governed document shells.","FIND-001","None"
"C17-17.2-005","17","17.2","Enter in textarea → new line","UX / Presentation Requirement","UI / UX","UI / UX","PARTIAL","Medium","keyboard-navigation.directive.ts + keyboard-shortcut.registry.ts exist; limited template adoption","","","Static code review B1; interactive UI verification limited in B3.","","None — static audit pass","appKeyboardNav not wired on governed document shells.","FIND-001","None"
"C17-17.2-006","17","17.2","Esc closes lookup/calendar/small overlay","UX / Presentation Requirement","UI / UX","UI / UX","PARTIAL","Medium","keyboard-navigation.directive.ts + keyboard-shortcut.registry.ts exist; limited template adoption","","","Static code review B1; interactive UI verification limited in B3.","","None — static audit pass","appKeyboardNav not wired on governed document shells.","FIND-001","None"
"C17-17.2-007","17","17.2","Tab standard browser order","UX / Presentation Requirement","UI / UX","UI / UX","PARTIAL","Medium","keyboard-navigation.directive.ts + keyboard-shortcut.registry.ts exist; limited template adoption","","","Static code review B1; interactive UI verification limited in B3.","","None — static audit pass","appKeyboardNav not wired on governed document shells.","FIND-001","None"
"C17-17.3-001","17","17.3","Keyboard behavior consistent across all modules","UX / Presentation Requirement","UI / UX","UI / UX","PARTIAL","Medium","keyboard-navigation.directive.ts + keyboard-shortcut.registry.ts exist; limited template adoption","","","Static code review B1; interactive UI verification limited in B3.","","None — static audit pass","appKeyboardNav not wired on governed document shells.","FIND-001","None"
"C17-17.3-002","17","17.3","Focus visually distinguishable","UX / Presentation Requirement","UI / UX","UI / UX","PARTIAL","Medium","keyboard-navigation.directive.ts + keyboard-shortcut.registry.ts exist; limited template adoption","","","Static code review B1; interactive UI verification limited in B3.","","None — static audit pass","appKeyboardNav not wired on governed document shells.","FIND-001","None"
"C17-17.3-003","17","17.3","Skip disabled and hidden controls","UX / Presentation Requirement","UI / UX","UI / UX","PARTIAL","Medium","keyboard-navigation.directive.ts + keyboard-shortcut.registry.ts exist; limited template adoption","","","Static code review B1; interactive UI verification limited in B3.","","None — static audit pass","appKeyboardNav not wired on governed document shells.","FIND-001","None"
"C17-17.3-004","17","17.3","Dialogs assign initial focus to primary interactive element","UX / Presentation Requirement","UI / UX","UI / UX","PARTIAL","Medium","keyboard-navigation.directive.ts + keyboard-shortcut.registry.ts exist; limited template adoption","","","Static code review B1; interactive UI verification limited in B3.","","None — static audit pass","appKeyboardNav not wired on governed document shells.","FIND-001","None"
"C17-17.3-005","17","17.3","Global shortcuts centrally governed — modules must not introduce independent global shortcuts","Product Enforceable Requirement","Multiple","UI / UX","PASS","Info","keyboard-navigation.directive.ts + keyboard-shortcut.registry.ts exist; limited template adoption","","","Static code review B1; targeted runtime blocked unless noted in runtime scenarios.","","None — static audit pass","appKeyboardNav not wired on governed document shells.","","None"
"C17-17.4-001","17","17.4","Global shortcut catalog (future amendment).","Out of Scope","N/A","N/A","NOT APPLICABLE","Info","","","","","","None — static audit pass","Category 'Out of Scope' — no product/runtime enforcement test required.","","None"
"C18-18.1-001","18","18.1","One error type → one display channel.","UX / Presentation Requirement","UI / UX","UI / UX","PARTIAL","Medium","validation-channel.registry.ts; validation-orchestrator.service.ts; document-form-validation.util.ts","","","Static code review B1; interactive UI verification limited in B3.","","None — static audit pass","runGovernedFormValidation not integrated across all document forms.","FIND-002","None"
"C18-18.1-002","18","18.1","Field validation maps to Inline display channel.","UX / Presentation Requirement","UI / UX","UI / UX","PARTIAL","Medium","validation-channel.registry.ts; validation-orchestrator.service.ts; document-form-validation.util.ts","","","Static code review B1; interactive UI verification limited in B3.","","None — static audit pass","runGovernedFormValidation not integrated across all document forms.","FIND-002","None"
"C18-18.1-003","18","18.1","Row validation maps to On row display channel.","UX / Presentation Requirement","UI / UX","UI / UX","PARTIAL","Medium","validation-channel.registry.ts; validation-orchestrator.service.ts; document-form-validation.util.ts","","","Static code review B1; interactive UI verification limited in B3.","","None — static audit pass","runGovernedFormValidation not integrated across all document forms.","FIND-002","None"
"C18-18.1-004","18","18.1","Document validation maps to Summary banner display channel.","UX / Presentation Requirement","UI / UX","UI / UX","PARTIAL","Medium","validation-channel.registry.ts; validation-orchestrator.service.ts; document-form-validation.util.ts","","","Static code review B1; interactive UI verification limited in B3.","","None — static audit pass","runGovernedFormValidation not integrated across all document forms.","FIND-002","None"
"C18-18.1-005","18","18.1","Confirmation maps to Dialog and is not validation.","UX / Presentation Requirement","UI / UX","UI / UX","PARTIAL","Medium","validation-channel.registry.ts; validation-orchestrator.service.ts; document-form-validation.util.ts","","","Static code review B1; interactive UI verification limited in B3.","","None — static audit pass","runGovernedFormValidation not integrated across all document forms.","FIND-002","None"
"C18-18.1-006","18","18.1","Success feedback governed by Chapter 20.","UX / Presentation Requirement","UI / UX","UI / UX","PARTIAL","Medium","validation-channel.registry.ts; validation-orchestrator.service.ts; document-form-validation.util.ts","","","Static code review B1; interactive UI verification limited in B3.","","None — static audit pass","runGovernedFormValidation not integrated across all document forms.","FIND-002","None"
"C18-18.1-007","18","18.1","System failure governed by Chapter 19.","UX / Presentation Requirement","UI / UX","UI / UX","PARTIAL","Medium","validation-channel.registry.ts; validation-orchestrator.service.ts; document-form-validation.util.ts","","","Static code review B1; interactive UI verification limited in B3.","","None — static audit pass","runGovernedFormValidation not integrated across all document forms.","FIND-002","None"
"C18-18.2-001","18","18.2","Errors disappear when fixed","UX / Presentation Requirement","UI / UX","UI / UX","PARTIAL","Medium","validation-channel.registry.ts; validation-orchestrator.service.ts; document-form-validation.util.ts","","","Static code review B1; interactive UI verification limited in B3.","","None — static audit pass","runGovernedFormValidation not integrated across all document forms.","FIND-002","None"
"C18-18.2-002","18","18.2","submit → focus first error","Product Enforceable Requirement","Multiple","UI / UX","PARTIAL","Medium","","","","","","None — static audit pass","","FIND-002","None"
"C18-18.2-003","18","18.2","Many errors: banner shows count","UX / Presentation Requirement","UI / UX","UI / UX","PARTIAL","Medium","validation-channel.registry.ts; validation-orchestrator.service.ts; document-form-validation.util.ts","","","Static code review B1; interactive UI verification limited in B3.","","None — static audit pass","runGovernedFormValidation not integrated across all document forms.","FIND-002","None"
"C18-18.2-003b","18","18.2","details at fields/rows","UX / Presentation Requirement","UI / UX","UI / UX","PARTIAL","Medium","validation-channel.registry.ts; validation-orchestrator.service.ts; document-form-validation.util.ts","","","Static code review B1; interactive UI verification limited in B3.","","None — static audit pass","runGovernedFormValidation not integrated across all document forms.","FIND-002","None"
"C18-18.2-004","18","18.2","All messages support localization","Product Enforceable Requirement","Multiple","UI / UX","PASS","Info","validation-channel.registry.ts; validation-orchestrator.service.ts; document-form-validation.util.ts","","","Static code review B1; targeted runtime blocked unless noted in runtime scenarios.","","None — static audit pass","runGovernedFormValidation not integrated across all document forms.","","None"
"C18-18.2-005","18","18.2","Backend returns codes","Product Enforceable Requirement","Multiple","UI / UX","PASS","Info","validation-channel.registry.ts; validation-orchestrator.service.ts; document-form-validation.util.ts","","","Static code review B1; targeted runtime blocked unless noted in runtime scenarios.","","None — static audit pass","runGovernedFormValidation not integrated across all document forms.","","None"
"C18-18.2-005b","18","18.2","platform presents translated text","Product Enforceable Requirement","Multiple","UI / UX","PASS","Info","validation-channel.registry.ts; validation-orchestrator.service.ts; document-form-validation.util.ts","","","Static code review B1; targeted runtime blocked unless noted in runtime scenarios.","","None — static audit pass","runGovernedFormValidation not integrated across all document forms.","","None"
"C18-18.2-006","18","18.2","Deterministic — same input + conditions → same result","Product Enforceable Requirement","Multiple","UI / UX","PASS","Info","validation-channel.registry.ts; validation-orchestrator.service.ts; document-form-validation.util.ts","","","Static code review B1; targeted runtime blocked unless noted in runtime scenarios.","","None — static audit pass","runGovernedFormValidation not integrated across all document forms.","","None"
"C18-18.2-007","18","18.2","Validation at data entry, workflow actions, posting per business rules","Product Enforceable Requirement","Multiple","UI / UX","PASS","Info","validation-channel.registry.ts; validation-orchestrator.service.ts; document-form-validation.util.ts","","","Static code review B1; targeted runtime blocked unless noted in runtime scenarios.","","None — static audit pass","runGovernedFormValidation not integrated across all document forms.","","None"
"C18-18.2-008","18","18.2","Client-side assists","Product Enforceable Requirement","Multiple","UI / UX","PASS","Info","validation-channel.registry.ts; validation-orchestrator.service.ts; document-form-validation.util.ts","","","Static code review B1; targeted runtime blocked unless noted in runtime scenarios.","","None — static audit pass","runGovernedFormValidation not integrated across all document forms.","","None"
"C18-18.2-008b","18","18.2","server-side authoritative","Product Enforceable Requirement","Multiple","UI / UX","PASS","Info","validation-channel.registry.ts; validation-orchestrator.service.ts; document-form-validation.util.ts","","","Static code review B1; targeted runtime blocked unless noted in runtime scenarios.","","None — static audit pass","runGovernedFormValidation not integrated across all document forms.","","None"
"C18-18.2-009","18","18.2","Messages in logical order (header → lines → document)","Product Enforceable Requirement","Multiple","UI / UX","PASS","Info","validation-channel.registry.ts; validation-orchestrator.service.ts; document-form-validation.util.ts","","","Static code review B1; targeted runtime blocked unless noted in runtime scenarios.","","None — static audit pass","runGovernedFormValidation not integrated across all document forms.","","None"
"C18-18.2-010","18","18.2","Warnings informational unless governed","Product Enforceable Requirement","Multiple","UI / UX","PASS","Info","validation-channel.registry.ts; validation-orchestrator.service.ts; document-form-validation.util.ts","","","Static code review B1; targeted runtime blocked unless noted in runtime scenarios.","","None — static audit pass","runGovernedFormValidation not integrated across all document forms.","","None"
"C18-18.2-010b","18","18.2","validation errors block operation","Product Enforceable Requirement","Multiple","UI / UX","PASS","Info","validation-channel.registry.ts; validation-orchestrator.service.ts; document-form-validation.util.ts","","","Static code review B1; targeted runtime blocked unless noted in runtime scenarios.","","None — static audit pass","runGovernedFormValidation not integrated across all document forms.","","None"
"C18-18.2-011","18","18.2","Must not duplicate same error across channels","Product Enforceable Requirement","Multiple","Code / Runtime / UI","PASS","Info","validation-channel.registry.ts; validation-orchestrator.service.ts; document-form-validation.util.ts","","","Static code review B1; targeted runtime blocked unless noted in runtime scenarios.","","None — static audit pass","runGovernedFormValidation not integrated across all document forms.","","None"
"C18-18.3-001","18","18.3","Individual message wording catalog.","Out of Scope","N/A","N/A","NOT APPLICABLE","Info","","","","","","None — static audit pass","Category 'Out of Scope' — no product/runtime enforcement test required.","","None"
"C19-19.1-001","19","19.1","Information, warning, validation error, blocking business error, system error.","Descriptive Context","N/A","Documentation","NOT APPLICABLE","Info","","","","","","None — static audit pass","Category 'Descriptive Context' — no product/runtime enforcement test required.","","None"
"C19-19.2-001","19","19.2","Matches severity","Descriptive Context","N/A","Documentation","NOT APPLICABLE","Info","","","","","","None — static audit pass","Category 'Descriptive Context' — no product/runtime enforcement test required.","","None"
"C19-19.2-002","19","19.2","no duplicate channels.","Product Enforceable Requirement","Multiple","Documentation","PARTIAL","Medium","","","","","","None — static audit pass","","FIND-003","None"
"C19-19.3-001","19","19.3","Clear, actionable, free of technical implementation details.","Descriptive Context","N/A","Documentation","NOT APPLICABLE","Info","","","","","","None — static audit pass","Category 'Descriptive Context' — no product/runtime enforcement test required.","","None"
"C19-19.3-002","19","19.3","Sensitive information (stack traces, SQL, internal IDs) must never be exposed to end users.","Product Enforceable Requirement","Multiple","Code / Runtime / UI","PARTIAL","Low","api-error.interceptor.ts; error-severity-placement.service.ts","Structured error responses in services; sensitive detail filtering in controllers","","Static code review B1; targeted runtime blocked unless noted in runtime scenarios.","","None — static audit pass","","FIND-011","None"
"C19-19.4-001","19","19.4","Suggest next action","Descriptive Context","N/A","Documentation","NOT APPLICABLE","Info","","","","","","None — static audit pass","Category 'Descriptive Context' — no product/runtime enforcement test required.","","None"
"C19-19.4-002","19","19.4","retry only when safe and meaningful.","Governance Definition","Governance Documentation","Documentation","NOT APPLICABLE","Info","","","","","Governance definition — canonical meaning captured in Gate A; not a product gap.","None — static audit pass","Definition row — verify consuming requirements separately.","","None"
"C19-19.5-001","19","19.5","Equivalent conditions → consistent codes and experience.","Descriptive Context","N/A","Documentation","NOT APPLICABLE","Info","","","","","","None — static audit pass","Category 'Descriptive Context' — no product/runtime enforcement test required.","","None"
"C19-19.5-002","19","19.5","Structured error codes and families are defined in the Architecture & Implementation Guide, not in this Constitution.","Descriptive Context","N/A","Documentation","NOT APPLICABLE","Info","","","","","","None — static audit pass","Category 'Descriptive Context' — no product/runtime enforcement test required.","","None"
"C19-19.6-001","19","19.6","System errors logged per platform operational logging policy.","Descriptive Context","N/A","Documentation","NOT APPLICABLE","Info","","","","","","None — static audit pass","Category 'Descriptive Context' — no product/runtime enforcement test required.","","None"
"C19-19.7-001","19","19.7","First error focusable and announced to assistive technology.","UX / Presentation Requirement","UI / UX","Documentation","PASS","Info","api-error.interceptor.ts; error-severity-placement.service.ts","Structured error responses in services; sensitive detail filtering in controllers","","Static code review B1; interactive UI verification limited in B3.","","None — static audit pass","","","None"
"C20-20.1-001","20","20.1","Success, information, warning, error, progress, reminder.","Descriptive Context","N/A","Documentation","NOT APPLICABLE","Info","","","","","","None — static audit pass","Category 'Descriptive Context' — no product/runtime enforcement test required.","","None"
"C20-20.2-001","20","20.2","Unified dictionary","Descriptive Context","N/A","Documentation","NOT APPLICABLE","Info","","","","","","None — static audit pass","Category 'Descriptive Context' — no product/runtime enforcement test required.","","None"
"C20-20.3-001","20","20.3","Critical > Error > Warning > Success > Info.","Descriptive Context","N/A","Documentation","NOT APPLICABLE","Info","","","","","","None — static audit pass","Category 'Descriptive Context' — no product/runtime enforcement test required.","","None"
"C20-20.4-001","20","20.4","Transient notifications expire","Descriptive Context","N/A","Documentation","NOT APPLICABLE","Info","","","","","","None — static audit pass","Category 'Descriptive Context' — no product/runtime enforcement test required.","","None"
"C20-20.4-002","20","20.4","critical items persist until user interaction where appropriate.","Descriptive Context","N/A","Documentation","NOT APPLICABLE","Info","","","","","","None — static audit pass","Category 'Descriptive Context' — no product/runtime enforcement test required.","","None"
"C20-20.5-001","20","20.5","Must not notify user to open document they cannot access.","Product Enforceable Requirement","Runtime Behavior","Documentation","PARTIAL","Low","","Notification services; getPass/grn notification paths — partial module coverage","","Static code review B1; targeted runtime blocked unless noted in runtime scenarios.","","None — static audit pass","","FIND-011","None"
"C20-20.6-001","20","20.6","Notifications ≠ Validation ≠ Error Handling.","Descriptive Context","N/A","Documentation","NOT APPLICABLE","Info","","","","","","None — static audit pass","Category 'Descriptive Context' — no product/runtime enforcement test required.","","None"
"C21-21.1-001","21","21.1","Loading scope matches operation","Governance Definition","Governance Documentation","Documentation","NOT APPLICABLE","Info","","","","","Governance definition — canonical meaning captured in Gate A; not a product gap.","None — static audit pass","Definition row — verify consuming requirements separately.","","None"
"C21-21.2-001","21","21.2","Skeleton (content), inline (buttons, lookups), progress (upload/import/export/print).","Descriptive Context","N/A","Documentation","NOT APPLICABLE","Info","","","","","","None — static audit pass","Category 'Descriptive Context' — no product/runtime enforcement test required.","","None"
"C21-21.2-002","21","21.2","Must not block entire application for partial operations (aligned with UX Constitution).","Product Enforceable Requirement","UI / UX","Documentation","PARTIAL","Medium","","","","","","None — static audit pass","","FIND-004","None"
"C21-21.3-001","21","21.3","If loading exceeds reasonable duration, user shall be informed operation continues.","Product Enforceable Requirement","Multiple","Code / Runtime / UI","PARTIAL","Low","Skeleton/spin patterns dashboard, lists, details; long-running-operation.service.ts underused","","","Static code review B1; targeted runtime blocked unless noted in runtime scenarios.","","None — static audit pass","","FIND-004","None"
"C21-21.4-001","21","21.4","Long operations should support cancel where safe","Strong Recommendation","UI / UX","UI / Runtime","PARTIAL","Low","Skeleton/spin patterns dashboard, lists, details; long-running-operation.service.ts underused","","","","","None — static audit pass","Strong recommendation — implementation optional; spot-check only.","FIND-004","Evaluate during remediation planning; not a release blocker."
"C21-21.4-002","21","21.4","pages should render progressively.","Strong Recommendation","UI / UX","UI / Runtime","PARTIAL","Low","Skeleton/spin patterns dashboard, lists, details; long-running-operation.service.ts underused","","","","","None — static audit pass","Strong recommendation — implementation optional; spot-check only.","FIND-004","Evaluate during remediation planning; not a release blocker."
"C21-21.5-001","21","21.5","Exact timeout values — Architecture Guide.","Out of Scope","N/A","N/A","NOT APPLICABLE","Info","","","","","","None — static audit pass","Category 'Out of Scope' — no product/runtime enforcement test required.","","None"
"C22-22.1-001","22","22.1","The platform shall maintain actor and timestamp, where applicable, for created, last modified, submitted, approved, rejected, and posted events.","Product Enforceable Requirement","Multiple","Code / Runtime / DB","PASS","Info","","auditTrail.service.js; auditWriter.service.js; auditGoverned.service.js; timeline builders","AuditLog model tenant-scoped; InventoryLedger insert-only by convention","Static code review B1; targeted runtime blocked unless noted in runtime scenarios.","","None — static audit pass","","","None"
"C22-22.2-001","22","22.2","Every workflow action and significant attachment/line change must generate audit record.","Product Enforceable Requirement","Multiple","Code / Runtime / DB","PASS","Info","","auditTrail.service.js; auditWriter.service.js; auditGoverned.service.js; timeline builders","AuditLog model tenant-scoped; InventoryLedger insert-only by convention","Static code review B1; targeted runtime blocked unless noted in runtime scenarios.","","None — static audit pass","","","None"
"C22-22.3-001","22","22.3","Single chronological timeline","Product Enforceable Requirement","Database Integrity","Code / Runtime / DB","PASS","Info","","auditTrail.service.js; auditWriter.service.js; auditGoverned.service.js; timeline builders","AuditLog model tenant-scoped; InventoryLedger insert-only by convention","Static code review B1; targeted runtime blocked unless noted in runtime scenarios.","","None — static audit pass","","","None"
"C22-22.3-002","22","22.3","immutable audit records","Product Enforceable Requirement","Database Integrity","Code / Runtime / DB","PASS","Info","","auditTrail.service.js; auditWriter.service.js; auditGoverned.service.js; timeline builders","AuditLog model tenant-scoped; InventoryLedger insert-only by convention","Static code review B1; targeted runtime blocked unless noted in runtime scenarios.","","None — static audit pass","","","None"
"C22-22.3-003","22","22.3","UTC internally, display per user time zone.","Product Enforceable Requirement","Database Integrity","Code / Runtime / DB","PASS","Info","","auditTrail.service.js; auditWriter.service.js; auditGoverned.service.js; timeline builders","AuditLog model tenant-scoped; InventoryLedger insert-only by convention","Static code review B1; targeted runtime blocked unless noted in runtime scenarios.","","None — static audit pass","","","None"
"C22-22.3-004","22","22.3","Timeline filtering permitted without altering records.","Product Enforceable Requirement","Runtime Behavior","Code / Runtime / DB","PASS","Info","","auditTrail.service.js; auditWriter.service.js; auditGoverned.service.js; timeline builders","AuditLog model tenant-scoped; InventoryLedger insert-only by convention","Static code review B1; targeted runtime blocked unless noted in runtime scenarios.","","None — static audit pass","","","None"
"C22-22.3-005","22","22.3","Concurrency conflicts recorded when appropriate (Chapter 8.10).","Product Enforceable Requirement","Multiple","Code / Runtime / DB","PASS","Info","","auditTrail.service.js; auditWriter.service.js; auditGoverned.service.js; timeline builders","AuditLog model tenant-scoped; InventoryLedger insert-only by convention","Static code review B1; targeted runtime blocked unless noted in runtime scenarios.","","None — static audit pass","","","None"
"C22-22.4-001","22","22.4","Official print should include approval/audit summary where appropriate.","Product Enforceable Requirement","Multiple","Code / Runtime / DB","PASS","Info","","auditTrail.service.js; auditWriter.service.js; auditGoverned.service.js; timeline builders","AuditLog model tenant-scoped; InventoryLedger insert-only by convention","Static code review B1; targeted runtime blocked unless noted in runtime scenarios.","","None — static audit pass","","","None"
"C23-23.1-001","23","23.1","One lookup behavior for items, parties, locations, and references.","UX / Presentation Requirement","UI / UX","UI / Runtime","PARTIAL","Medium","shared-lookup.service.ts; lookup-profile.registry.ts; GRN create inline lookup","","","Static code review B1; interactive UI verification limited in B3.","","None — static audit pass","LookupOpenRegistry/keyboard util not fully wired outside GRN.","FIND-011","None"
"C23-23.2-001","23","23.2","Receiving, stock-based, catalog, issue — same UX","UX / Presentation Requirement","UI / UX","UI / Runtime","PARTIAL","Medium","shared-lookup.service.ts; lookup-profile.registry.ts; GRN create inline lookup","","","Static code review B1; interactive UI verification limited in B3.","","None — static audit pass","LookupOpenRegistry/keyboard util not fully wired outside GRN.","FIND-011","None"
"C23-23.3-001","23","23.3","Code, name, barcode","UX / Presentation Requirement","UI / UX","UI / Runtime","PARTIAL","Medium","shared-lookup.service.ts; lookup-profile.registry.ts; GRN create inline lookup","","","Static code review B1; interactive UI verification limited in B3.","","None — static audit pass","LookupOpenRegistry/keyboard util not fully wired outside GRN.","FIND-011","None"
"C23-23.3-002","23","23.3","ranking: exact code → exact barcode → prefix → contains","UX / Presentation Requirement","UI / UX","UI / Runtime","PARTIAL","Medium","shared-lookup.service.ts; lookup-profile.registry.ts; GRN create inline lookup","","","Static code review B1; interactive UI verification limited in B3.","","None — static audit pass","LookupOpenRegistry/keyboard util not fully wired outside GRN.","FIND-011","None"
"C23-23.3-003","23","23.3","debounce before search","UX / Presentation Requirement","UI / UX","UI / Runtime","PARTIAL","Medium","shared-lookup.service.ts; lookup-profile.registry.ts; GRN create inline lookup","","","Static code review B1; interactive UI verification limited in B3.","","None — static audit pass","LookupOpenRegistry/keyboard util not fully wired outside GRN.","FIND-011","None"
"C23-23.3-004","23","23.3","normalization (case/space insensitive).","UX / Presentation Requirement","UI / UX","UI / Runtime","PARTIAL","Medium","shared-lookup.service.ts; lookup-profile.registry.ts; GRN create inline lookup","","","Static code review B1; interactive UI verification limited in B3.","","None — static audit pass","LookupOpenRegistry/keyboard util not fully wired outside GRN.","FIND-011","None"
"C23-23.4-001","23","23.4","Keyboard ↑↓ Enter Esc Tab","UX / Presentation Requirement","UI / UX","UI / Runtime","PARTIAL","Medium","shared-lookup.service.ts; lookup-profile.registry.ts; GRN create inline lookup","","","Static code review B1; interactive UI verification limited in B3.","","None — static audit pass","LookupOpenRegistry/keyboard util not fully wired outside GRN.","FIND-011","None"
"C23-23.4-002","23","23.4","close on select, outside click, field exit","UX / Presentation Requirement","UI / UX","UI / Runtime","PARTIAL","Medium","shared-lookup.service.ts; lookup-profile.registry.ts; GRN create inline lookup","","","Static code review B1; interactive UI verification limited in B3.","","None — static audit pass","LookupOpenRegistry/keyboard util not fully wired outside GRN.","FIND-011","None"
"C23-23.4-003","23","23.4","one lookup open","UX / Presentation Requirement","UI / UX","UI / Runtime","PARTIAL","Medium","shared-lookup.service.ts; lookup-profile.registry.ts; GRN create inline lookup","","","Static code review B1; interactive UI verification limited in B3.","","None — static audit pass","LookupOpenRegistry/keyboard util not fully wired outside GRN.","FIND-011","None"
"C23-23.4-004","23","23.4","focus to quantity after item pick in line entry.","UX / Presentation Requirement","UI / UX","UI / Runtime","PARTIAL","Medium","shared-lookup.service.ts; lookup-profile.registry.ts; GRN create inline lookup","","","Static code review B1; interactive UI verification limited in B3.","","None — static audit pass","LookupOpenRegistry/keyboard util not fully wired outside GRN.","FIND-011","None"
"C23-23.5-001","23","23.5","Loading, no results, error+retry — unified messaging","UX / Presentation Requirement","UI / UX","UI / Runtime","PARTIAL","Medium","shared-lookup.service.ts; lookup-profile.registry.ts; GRN create inline lookup","","","Static code review B1; interactive UI verification limited in B3.","","None — static audit pass","LookupOpenRegistry/keyboard util not fully wired outside GRN.","FIND-011","None"
"C23-23.6-001","23","23.6","Permission filtering — only authorized data","UX / Presentation Requirement","UI / UX","UI / Runtime","PARTIAL","Medium","shared-lookup.service.ts; lookup-profile.registry.ts; GRN create inline lookup","","","Static code review B1; interactive UI verification limited in B3.","","None — static audit pass","LookupOpenRegistry/keyboard util not fully wired outside GRN.","FIND-011","None"
"C23-23.6-002","23","23.6","Tenant isolation — no cross-tenant data","Product Enforceable Requirement","Database Integrity","UI / Runtime","PASS","Info","shared-lookup.service.ts; lookup-profile.registry.ts; GRN create inline lookup","","","Static code review B1; targeted runtime blocked unless noted in runtime scenarios.","","None — static audit pass","LookupOpenRegistry/keyboard util not fully wired outside GRN.","","None"
"C23-23.6-003","23","23.6","Large results — paging or infinite scroll per platform policy","UX / Presentation Requirement","UI / UX","UI / Runtime","PARTIAL","Medium","shared-lookup.service.ts; lookup-profile.registry.ts; GRN create inline lookup","","","Static code review B1; interactive UI verification limited in B3.","","None — static audit pass","LookupOpenRegistry/keyboard util not fully wired outside GRN.","FIND-011","None"
"C23-23.6-004","23","23.6","Large catalogs — server-side search","UX / Presentation Requirement","UI / UX","UI / Runtime","PARTIAL","Medium","shared-lookup.service.ts; lookup-profile.registry.ts; GRN create inline lookup","","","Static code review B1; interactive UI verification limited in B3.","","None — static audit pass","LookupOpenRegistry/keyboard util not fully wired outside GRN.","FIND-011","None"
"C23-23.7-001","23","23.7","Recent items, favorites.","Out of Scope","N/A","N/A","NOT APPLICABLE","Info","","","","","","None — static audit pass","Category 'Out of Scope' — no product/runtime enforcement test required.","","None"
"C24-24.1-001","24","24.1","Desktop only for v2.0 operational data entry.","UX / Presentation Requirement","UI / UX","UI / QA","UNVERIFIED / BLOCKED","Info","Document shells + registry canvas; responsive QA checklist docs/governance/assets/ch24.6-responsive-matrix/","","","Runtime/QA verification not executed in Gate B audit session.","","None — static audit pass","Full 1366/1440/1600/1920 @ 80-125% release matrix not executed in this audit session.","","Schedule targeted QA/runtime pass with evidence capture."
"C24-24.1-002","24","24.1","Mobile/tablet entry out of scope unless future amendment.","Out of Scope","N/A","UI / QA","NOT APPLICABLE","Info","","","","","","None — static audit pass","Mobile/tablet entry out of scope v2.0.","","None"
"C24-24.2-001","24","24.2","Minimum 1366×768","UX / Presentation Requirement","UI / UX","UI / QA","UNVERIFIED / BLOCKED","Info","Document shells + registry canvas; responsive QA checklist docs/governance/assets/ch24.6-responsive-matrix/","","","Runtime/QA verification not executed in Gate B audit session.","","None — static audit pass","Full 1366/1440/1600/1920 @ 80-125% release matrix not executed in this audit session.","","Schedule targeted QA/runtime pass with evidence capture."
"C24-24.2-002","24","24.2","reference design 1920×1080 @ 100%","UX / Presentation Requirement","UI / UX","UI / QA","UNVERIFIED / BLOCKED","Info","Document shells + registry canvas; responsive QA checklist docs/governance/assets/ch24.6-responsive-matrix/","","","Runtime/QA verification not executed in Gate B audit session.","","None — static audit pass","Full 1366/1440/1600/1920 @ 80-125% release matrix not executed in this audit session.","","Schedule targeted QA/runtime pass with evidence capture."
"C24-24.2-003","24","24.2","supported 1440, 1600, 1920.","UX / Presentation Requirement","UI / UX","UI / QA","UNVERIFIED / BLOCKED","Info","Document shells + registry canvas; responsive QA checklist docs/governance/assets/ch24.6-responsive-matrix/","","","Runtime/QA verification not executed in Gate B audit session.","","None — static audit pass","Full 1366/1440/1600/1920 @ 80-125% release matrix not executed in this audit session.","","Schedule targeted QA/runtime pass with evidence capture."
"C24-24.3-001","24","24.3","80%–125%: required for release acceptance.","QA / Release Requirement","QA / Release Gate","UI / QA","UNVERIFIED / BLOCKED","Info","Document shells + registry canvas; responsive QA checklist docs/governance/assets/ch24.6-responsive-matrix/","","","Runtime/QA verification not executed in Gate B audit session.","","None — static audit pass","Full 1366/1440/1600/1920 @ 80-125% release matrix not executed in this audit session.","","Schedule targeted QA/runtime pass with evidence capture."
"C24-24.3-002","24","24.3","150%: best effort — not release gate.","Descriptive Context","N/A","UI / QA","NOT APPLICABLE","Info","","","","","","None — static audit pass","Category 'Descriptive Context' — no product/runtime enforcement test required.","","None"
"C24-24.4-001","24","24.4","No horizontal page scroll except inside grids","UX / Presentation Requirement","UI / UX","UI / QA","UNVERIFIED / BLOCKED","Info","Document shells + registry canvas; responsive QA checklist docs/governance/assets/ch24.6-responsive-matrix/","","","Runtime/QA verification not executed in Gate B audit session.","","None — static audit pass","Full 1366/1440/1600/1920 @ 80-125% release matrix not executed in this audit session.","","Schedule targeted QA/runtime pass with evidence capture."
"C24-24.4-002","24","24.4","no clipped titles/overlapping buttons","UX / Presentation Requirement","UI / UX","UI / QA","UNVERIFIED / BLOCKED","Info","Document shells + registry canvas; responsive QA checklist docs/governance/assets/ch24.6-responsive-matrix/","","","Runtime/QA verification not executed in Gate B audit session.","","None — static audit pass","Full 1366/1440/1600/1920 @ 80-125% release matrix not executed in this audit session.","","Schedule targeted QA/runtime pass with evidence capture."
"C24-24.4-003","24","24.4","create screens primary actions visible @ 1366/100%","UX / Presentation Requirement","UI / UX","UI / QA","UNVERIFIED / BLOCKED","Info","Document shells + registry canvas; responsive QA checklist docs/governance/assets/ch24.6-responsive-matrix/","","","Runtime/QA verification not executed in Gate B audit session.","","None — static audit pass","Full 1366/1440/1600/1920 @ 80-125% release matrix not executed in this audit session.","","Schedule targeted QA/runtime pass with evidence capture."
"C24-24.4-004","24","24.4","dialogs fit viewport with internal scroll","UX / Presentation Requirement","UI / UX","UI / QA","UNVERIFIED / BLOCKED","Info","Document shells + registry canvas; responsive QA checklist docs/governance/assets/ch24.6-responsive-matrix/","","","Runtime/QA verification not executed in Gate B audit session.","","None — static audit pass","Full 1366/1440/1600/1920 @ 80-125% release matrix not executed in this audit session.","","Schedule targeted QA/runtime pass with evidence capture."
"C24-24.4-005","24","24.4","tables scroll internally.","UX / Presentation Requirement","UI / UX","UI / QA","UNVERIFIED / BLOCKED","Info","Document shells + registry canvas; responsive QA checklist docs/governance/assets/ch24.6-responsive-matrix/","","","Runtime/QA verification not executed in Gate B audit session.","","None — static audit pass","Full 1366/1440/1600/1920 @ 80-125% release matrix not executed in this audit session.","","Schedule targeted QA/runtime pass with evidence capture."
"C24-24.5-001","24","24.5","Supported browsers per platform browser support matrix (Architecture Guide).","UX / Presentation Requirement","UI / UX","UI / QA","UNVERIFIED / BLOCKED","Info","Document shells + registry canvas; responsive QA checklist docs/governance/assets/ch24.6-responsive-matrix/","","","Runtime/QA verification not executed in Gate B audit session.","","None — static audit pass","Full 1366/1440/1600/1920 @ 80-125% release matrix not executed in this audit session.","","Schedule targeted QA/runtime pass with evidence capture."
"C24-24.5-002","24","24.5","High DPI (2K/4K) supported.","UX / Presentation Requirement","UI / UX","UI / QA","UNVERIFIED / BLOCKED","Info","Document shells + registry canvas; responsive QA checklist docs/governance/assets/ch24.6-responsive-matrix/","","","Runtime/QA verification not executed in Gate B audit session.","","None — static audit pass","Full 1366/1440/1600/1920 @ 80-125% release matrix not executed in this audit session.","","Schedule targeted QA/runtime pass with evidence capture."
"C24-24.5-003","24","24.5","Multi-monitor consistency.","UX / Presentation Requirement","UI / UX","UI / QA","UNVERIFIED / BLOCKED","Info","Document shells + registry canvas; responsive QA checklist docs/governance/assets/ch24.6-responsive-matrix/","","","Runtime/QA verification not executed in Gate B audit session.","","None — static audit pass","Full 1366/1440/1600/1920 @ 80-125% release matrix not executed in this audit session.","","Schedule targeted QA/runtime pass with evidence capture."
"C24-24.6-001","24","24.6","1366×768 @ 80/90/100/110/125%","QA / Release Requirement","QA / Release Gate","UI / QA","UNVERIFIED / BLOCKED","Info","Document shells + registry canvas; responsive QA checklist docs/governance/assets/ch24.6-responsive-matrix/","","","Runtime/QA verification not executed in Gate B audit session.","","None — static audit pass","Full 1366/1440/1600/1920 @ 80-125% release matrix not executed in this audit session.","","Schedule targeted QA/runtime pass with evidence capture."
"C24-24.6-002","24","24.6","1440/1600/1920 @ 100% — Definition of Done (Chapter 29).","QA / Release Requirement","QA / Release Gate","UI / QA","UNVERIFIED / BLOCKED","Info","Document shells + registry canvas; responsive QA checklist docs/governance/assets/ch24.6-responsive-matrix/","","","Runtime/QA verification not executed in Gate B audit session.","","None — static audit pass","Full 1366/1440/1600/1920 @ 80-125% release matrix not executed in this audit session.","","Schedule targeted QA/runtime pass with evidence capture."
"C24-24.7-001","24","24.7","Geometry tokens — UX Constitution","UX / Presentation Requirement","UI / UX","UI / QA","UNVERIFIED / BLOCKED","Info","Document shells + registry canvas; responsive QA checklist docs/governance/assets/ch24.6-responsive-matrix/","","","Runtime/QA verification not executed in Gate B audit session.","","None — static audit pass","Full 1366/1440/1600/1920 @ 80-125% release matrix not executed in this audit session.","","Schedule targeted QA/runtime pass with evidence capture."
"C25-25.1-001","25","25.1","One document page pattern for create/edit","UX / Presentation Requirement","UI / UX","UI / UX","PARTIAL","Medium","_document-page-shell.scss D1/D5 archetypes; transfer/grn/get-pass detail templates","","","Static code review B1; interactive UI verification limited in B3.","","None — static audit pass","","FIND-011","None"
"C25-25.1-002","25","25.1","one for detail/workflow.","UX / Presentation Requirement","UI / UX","UI / UX","PARTIAL","Medium","_document-page-shell.scss D1/D5 archetypes; transfer/grn/get-pass detail templates","","","Static code review B1; interactive UI verification limited in B3.","","None — static audit pass","","FIND-011","None"
"C25-25.2-001","25","25.2","Create/Edit: masthead, alert band, body (header + lines), fixed action area.","UX / Presentation Requirement","UI / UX","UI / UX","PARTIAL","Medium","_document-page-shell.scss D1/D5 archetypes; transfer/grn/get-pass detail templates","","","Static code review B1; interactive UI verification limited in B3.","","None — static audit pass","","FIND-011","None"
"C25-25.2-002","25","25.2","Detail/Workflow: masthead, status, alert band, action bar, content, timeline.","UX / Presentation Requirement","UI / UX","UI / UX","PARTIAL","Medium","_document-page-shell.scss D1/D5 archetypes; transfer/grn/get-pass detail templates","","","Static code review B1; interactive UI verification limited in B3.","","None — static audit pass","","FIND-011","None"
"C25-25.2-003","25","25.2","Modules must not invent unrelated layouts.","Product Enforceable Requirement","UI / UX","UI / UX","PASS","Info","_document-page-shell.scss D1/D5 archetypes; transfer/grn/get-pass detail templates","","","Static code review B1; targeted runtime blocked unless noted in runtime scenarios.","","None — static audit pass","","","None"
"C25-25.2-004","25","25.2","All modules must declare and follow one archetype.","Product Enforceable Requirement","UI / UX","UI / UX","PASS","Info","_document-page-shell.scss D1/D5 archetypes; transfer/grn/get-pass detail templates","","","Static code review B1; targeted runtime blocked unless noted in runtime scenarios.","","None — static audit pass","","","None"
"C25-25.3-001","25","25.3","Primary scroll owner defined per archetype — must be consistent (details: UX Constitution + Architecture Guide).","UX / Presentation Requirement","UI / UX","UI / UX","PARTIAL","Medium","_document-page-shell.scss D1/D5 archetypes; transfer/grn/get-pass detail templates","","","Static code review B1; interactive UI verification limited in B3.","","None — static audit pass","","FIND-011","None"
"C25-25.4-001","25","25.4","Header, action bar, and primary actions should remain accessible per archetype without losing context.","Strong Recommendation","UI / UX","UI / UX","PARTIAL","Low","_document-page-shell.scss D1/D5 archetypes; transfer/grn/get-pass detail templates","","","","","None — static audit pass","Strong recommendation — implementation optional; spot-check only.","FIND-012","Evaluate during remediation planning; not a release blocker."
"C25-25.5-001","25","25.5","Unified empty states","UX / Presentation Requirement","UI / UX","UI / UX","PARTIAL","Medium","_document-page-shell.scss D1/D5 archetypes; transfer/grn/get-pass detail templates","","","Static code review B1; interactive UI verification limited in B3.","","None — static audit pass","","FIND-011","None"
"C25-25.5-002","25","25.5","spacing/density per UX Constitution.","UX / Presentation Requirement","UI / UX","UI / UX","PARTIAL","Medium","_document-page-shell.scss D1/D5 archetypes; transfer/grn/get-pass detail templates","","","Static code review B1; interactive UI verification limited in B3.","","None — static audit pass","","FIND-011","None"
"C25-25.6-001","25","25.6","Collapsible sections behave consistently across modules.","UX / Presentation Requirement","UI / UX","UI / UX","PARTIAL","Medium","_document-page-shell.scss D1/D5 archetypes; transfer/grn/get-pass detail templates","","","Static code review B1; interactive UI verification limited in B3.","","None — static audit pass","","FIND-011","None"
"C25-25.7-001","25","25.7","Goods receipt create (after conformance) — create/edit reference","UX / Presentation Requirement","UI / UX","UI / UX","PARTIAL","Medium","_document-page-shell.scss D1/D5 archetypes; transfer/grn/get-pass detail templates","","","Static code review B1; interactive UI verification limited in B3.","","None — static audit pass","","FIND-011","None"
"C25-25.8-001","25","25.8","Exact pixel tokens — UX Constitution.","Out of Scope","N/A","N/A","NOT APPLICABLE","Info","","","","","","None — static audit pass","Category 'Out of Scope' — no product/runtime enforcement test required.","","None"
"C26-26.2-001","26","26.2","Platform electronic record is authoritative","Product Enforceable Requirement","Multiple","Code / Runtime / UI","PASS","Info","Reports shell REPORTS_VIEW gate; document print/PDF varies by module (GRN/transfer posted-only; breakage/get-pass always visible)","","","Static code review B1; targeted runtime blocked unless noted in runtime scenarios.","","None — static audit pass","Print authorization inconsistent across modules.","","None"
"C26-26.2-002","26","26.2","printed/exported copies are representations.","Product Enforceable Requirement","Multiple","Code / Runtime / UI","PASS","Info","Reports shell REPORTS_VIEW gate; document print/PDF varies by module (GRN/transfer posted-only; breakage/get-pass always visible)","","","Static code review B1; targeted runtime blocked unless noted in runtime scenarios.","","None — static audit pass","Print authorization inconsistent across modules.","","None"
"C26-26.3-001","26","26.3","Print and export subject to same permission model as view","Product Enforceable Requirement","Multiple","Code / Runtime / UI","PASS","Info","Reports shell REPORTS_VIEW gate; document print/PDF varies by module (GRN/transfer posted-only; breakage/get-pass always visible)","","","Static code review B1; targeted runtime blocked unless noted in runtime scenarios.","","None — static audit pass","Print authorization inconsistent across modules.","","None"
"C26-26.3-002","26","26.3","export authorization explicit.","Product Enforceable Requirement","Multiple","Code / Runtime / UI","PASS","Info","Reports shell REPORTS_VIEW gate; document print/PDF varies by module (GRN/transfer posted-only; breakage/get-pass always visible)","","","Static code review B1; targeted runtime blocked unless noted in runtime scenarios.","","None — static audit pass","Print authorization inconsistent across modules.","","None"
"C26-26.4-001","26","26.4","Sensitive data masked per authorization on export/print.","Product Enforceable Requirement","Multiple","Code / Runtime / UI","PASS","Info","Reports shell REPORTS_VIEW gate; document print/PDF varies by module (GRN/transfer posted-only; breakage/get-pass always visible)","","","Static code review B1; targeted runtime blocked unless noted in runtime scenarios.","","None — static audit pass","Print authorization inconsistent across modules.","","None"
"C26-26.5-001","26","26.5","May be allowed with unofficial marking.","Optional Capability","Runtime Behavior","Code / Runtime / UI","NOT APPLICABLE","Info","","","","","","None — static audit pass","Optional Capability — unofficial marking not mandatory.","","None"
"C26-26.6-001","26","26.6","Print of sensitive documents should be logged.","Strong Recommendation","Runtime Behavior","Code / Runtime / UI","PARTIAL","Medium","","","","","","None — static audit pass","","FIND-005","None"
"C26-26.7-001","26","26.7","Arabic and English should be supported per property or user preference.","Strong Recommendation","UI / UX","Code / Runtime / UI","PARTIAL","Medium","","","","","","None — static audit pass","","FIND-006","None"
"C27-27.1-001","27","27.1","Large lists — paging or virtual presentation","Product Enforceable Requirement","Runtime Behavior","Runtime","PARTIAL","Medium","Paging/virtual lists in registry tables; debounce in lookups","","","","","None — static audit pass","Exact performance metrics (Ch27.2) not measured in this audit.","FIND-011","None"
"C27-27.1-002","27","27.1","server-assisted search when warranted","Product Enforceable Requirement","Runtime Behavior","Runtime","PARTIAL","Medium","Paging/virtual lists in registry tables; debounce in lookups","","","","","None — static audit pass","Exact performance metrics (Ch27.2) not measured in this audit.","FIND-011","None"
"C27-27.1-003","27","27.1","debounce and cancel in-flight requests","Product Enforceable Requirement","Runtime Behavior","Runtime","PARTIAL","Medium","Paging/virtual lists in registry tables; debounce in lookups","","","","","None — static audit pass","Exact performance metrics (Ch27.2) not measured in this audit.","FIND-011","None"
"C27-27.1-004","27","27.1","heavy export/print asynchronous with user feedback.","Product Enforceable Requirement","Runtime Behavior","Runtime","PARTIAL","Medium","Paging/virtual lists in registry tables; debounce in lookups","","","","","None — static audit pass","Exact performance metrics (Ch27.2) not measured in this audit.","FIND-011","None"
"C27-27.2-001","27","27.2","Document entry responsive under normal hotel operations","Product Enforceable Requirement","Runtime Behavior","Runtime","PARTIAL","Medium","Paging/virtual lists in registry tables; debounce in lookups","","","","","None — static audit pass","Exact performance metrics (Ch27.2) not measured in this audit.","FIND-011","None"
"C27-27.2-002","27","27.2","exact metrics in QA acceptance criteria and Architecture Guide.","QA / Release Requirement","QA / Release Gate","Runtime","PARTIAL","Medium","Paging/virtual lists in registry tables; debounce in lookups","","","","","None — static audit pass","Exact performance metrics (Ch27.2) not measured in this audit.","FIND-011","None"
"C28-28.1-001","28","28.1","Interactive elements labeled","UX / Presentation Requirement","UI / UX","QA / Accessibility","UNVERIFIED / BLOCKED","Info","Partial a11y patterns; docs/governance/assets/accessibility/CONTRAST_QA_CHECKLIST.md","","","Runtime/QA verification not executed in Gate B audit session.","","None — static audit pass","Screen reader/contrast QA gates not executed in this audit session.","","Schedule targeted QA/runtime pass with evidence capture."
"C28-28.1-002","28","28.1","color not sole state indicator","UX / Presentation Requirement","UI / UX","QA / Accessibility","UNVERIFIED / BLOCKED","Info","Partial a11y patterns; docs/governance/assets/accessibility/CONTRAST_QA_CHECKLIST.md","","","Runtime/QA verification not executed in Gate B audit session.","","None — static audit pass","Screen reader/contrast QA gates not executed in this audit session.","","Schedule targeted QA/runtime pass with evidence capture."
"C28-28.1-003","28","28.1","contrast per agreed targets","UX / Presentation Requirement","UI / UX","QA / Accessibility","UNVERIFIED / BLOCKED","Info","Partial a11y patterns; docs/governance/assets/accessibility/CONTRAST_QA_CHECKLIST.md","","","Runtime/QA verification not executed in Gate B audit session.","","None — static audit pass","Screen reader/contrast QA gates not executed in this audit session.","","Schedule targeted QA/runtime pass with evidence capture."
"C28-28.1-004","28","28.1","accessibility in QA gates.","QA / Release Requirement","QA / Release Gate","QA / Accessibility","UNVERIFIED / BLOCKED","Info","Partial a11y patterns; docs/governance/assets/accessibility/CONTRAST_QA_CHECKLIST.md","","","Runtime/QA verification not executed in Gate B audit session.","","None — static audit pass","Screen reader/contrast QA gates not executed in this audit session.","","Schedule targeted QA/runtime pass with evidence capture."
"C28-28.2-001","28","28.2","Platform shall support screen reader compatibility for governed interactions.","QA / Release Requirement","QA / Release Gate","QA / Accessibility","UNVERIFIED / BLOCKED","Info","Partial a11y patterns; docs/governance/assets/accessibility/CONTRAST_QA_CHECKLIST.md","","","Runtime/QA verification not executed in Gate B audit session.","","None — static audit pass","Screen reader/contrast QA gates not executed in this audit session.","","Schedule targeted QA/runtime pass with evidence capture."
"C28-28.3-001","28","28.3","Validation and error messages shall be accessible to assistive technology.","UX / Presentation Requirement","UI / UX","QA / Accessibility","UNVERIFIED / BLOCKED","Info","Partial a11y patterns; docs/governance/assets/accessibility/CONTRAST_QA_CHECKLIST.md","","","Runtime/QA verification not executed in Gate B audit session.","","None — static audit pass","Screen reader/contrast QA gates not executed in this audit session.","","Schedule targeted QA/runtime pass with evidence capture."
"C28-28.4-001","28","28.4","Keyboard/focus — Chapter 17","UX / Presentation Requirement","UI / UX","QA / Accessibility","UNVERIFIED / BLOCKED","Info","Partial a11y patterns; docs/governance/assets/accessibility/CONTRAST_QA_CHECKLIST.md","","","Runtime/QA verification not executed in Gate B audit session.","","None — static audit pass","Screen reader/contrast QA gates not executed in this audit session.","","Schedule targeted QA/runtime pass with evidence capture."
"C28-28.5-001","28","28.5","Full WCAG certification program — separate initiative.","Out of Scope","N/A","N/A","NOT APPLICABLE","Info","","","","","","None — static audit pass","Full WCAG certification program out of scope.","","None"
"C29-29.1-001","29","29.1","New and revised capabilities must declare applicable chapters and demonstrate compliance before release.","Governance Process Requirement","Governance Process","Governance QA","PARTIAL","Medium","","","","","docs/governance/CONSTITUTION_v2_CONFORMANCE_MATRIX.md; EXCEPTION_REGISTER.md; Gate A Ch29 process rows","None — static audit pass","Formal compliance certification workflow not runtime-verified end-to-end.","FIND-007","None"
"C29-29.2-001","29","29.2","Fully Compliant","Governance Definition","Governance Process","Governance QA","NOT APPLICABLE","Info","","","","","Governance definition — canonical meaning captured in Gate A; not a product gap.","None — static audit pass","Definition row — verify consuming requirements separately.","","None"
"C29-29.2-002","29","29.2","Partially Compliant (documented gaps + remediation plan)","QA / Release Requirement","QA / Release Gate","Governance QA","PARTIAL","Medium","","","","","docs/governance/CONSTITUTION_v2_CONFORMANCE_MATRIX.md; EXCEPTION_REGISTER.md; Gate A Ch29 process rows","None — static audit pass","Formal compliance certification workflow not runtime-verified end-to-end.","FIND-007","None"
"C29-29.2-003","29","29.2","Non-Compliant (not releasable without waiver).","QA / Release Requirement","QA / Release Gate","Governance QA","PARTIAL","Medium","","","","","docs/governance/CONSTITUTION_v2_CONFORMANCE_MATRIX.md; EXCEPTION_REGISTER.md; Gate A Ch29 process rows","None — static audit pass","Formal compliance certification workflow not runtime-verified end-to-end.","FIND-007","None"
"C29-29.3-001","29","29.3","A screen/capability is compliant when all mandatory rules in applicable chapters are satisfied, including responsive test matrix where applicable.","Governance Process Requirement","Governance Process","Governance QA","PARTIAL","Medium","","","","","docs/governance/CONSTITUTION_v2_CONFORMANCE_MATRIX.md; EXCEPTION_REGISTER.md; Gate A Ch29 process rows","None — static audit pass","Formal compliance certification workflow not runtime-verified end-to-end.","FIND-007","None"
"C29-29.5-001","29","29.5","New operational modules must undergo constitutional review before production approval.","Governance Process Requirement","Governance Process","Governance QA","PARTIAL","Medium","","","","","docs/governance/CONSTITUTION_v2_CONFORMANCE_MATRIX.md; EXCEPTION_REGISTER.md; Gate A Ch29 process rows","None — static audit pass","Formal compliance certification workflow not runtime-verified end-to-end.","FIND-007","None"
"C29-29.6-001","29","29.6","QA validates against this Constitution and UX Constitution.","Governance Process Requirement","Governance Process","Governance QA","PARTIAL","Medium","","","","","docs/governance/CONSTITUTION_v2_CONFORMANCE_MATRIX.md; EXCEPTION_REGISTER.md; Gate A Ch29 process rows","None — static audit pass","Formal compliance certification workflow not runtime-verified end-to-end.","FIND-007","None"
"C29-29.6-002","29","29.6","Methods — Architecture Guide.","Governance Process Requirement","Governance Process","Governance QA","PARTIAL","Medium","","","","","docs/governance/CONSTITUTION_v2_CONFORMANCE_MATRIX.md; EXCEPTION_REGISTER.md; Gate A Ch29 process rows","None — static audit pass","Formal compliance certification workflow not runtime-verified end-to-end.","FIND-007","None"
"C29-29.7-001","29","29.7","Non-compliance tracked","Governance Process Requirement","Governance Process","Governance QA","PARTIAL","Medium","","","","","docs/governance/CONSTITUTION_v2_CONFORMANCE_MATRIX.md; EXCEPTION_REGISTER.md; Gate A Ch29 process rows","None — static audit pass","Formal compliance certification workflow not runtime-verified end-to-end.","FIND-007","None"
"C29-29.7-002","29","29.7","backlog does not override Constitution.","Governance Process Requirement","Governance Process","Governance QA","PARTIAL","Medium","","","","","docs/governance/CONSTITUTION_v2_CONFORMANCE_MATRIX.md; EXCEPTION_REGISTER.md; Gate A Ch29 process rows","None — static audit pass","Formal compliance certification workflow not runtime-verified end-to-end.","FIND-007","None"
"C29-29.8-001","29","29.8","This Constitution v2.0 Final is ratified upon approval by Product & Governance and Enterprise Architecture.","Governance Process Requirement","Governance Process","Governance QA","PARTIAL","Medium","","","","","docs/governance/CONSTITUTION_v2_CONFORMANCE_MATRIX.md; EXCEPTION_REGISTER.md; Gate A Ch29 process rows","None — static audit pass","Formal compliance certification workflow not runtime-verified end-to-end.","FIND-007","None"
"C29-29.8-002","29","29.8","Supersedes: DX OSE Document Constitution v1.0.","Governance Process Requirement","Governance Process","Governance QA","PARTIAL","Medium","","","","","docs/governance/CONSTITUTION_v2_CONFORMANCE_MATRIX.md; EXCEPTION_REGISTER.md; Gate A Ch29 process rows","None — static audit pass","Formal compliance certification workflow not runtime-verified end-to-end.","FIND-007","None"
"C29-29.8-003","29","29.8","Subordinate: Architecture & Implementation Guides, BDR.","Governance Process Requirement","Governance Process","Governance QA","PARTIAL","Medium","","","","","docs/governance/CONSTITUTION_v2_CONFORMANCE_MATRIX.md; EXCEPTION_REGISTER.md; Gate A Ch29 process rows","None — static audit pass","Formal compliance certification workflow not runtime-verified end-to-end.","FIND-007","None"
"CA-A-001","A","A","BDR index entry BDR-001: Reject terminates document; Return → edit → Submit; no Re-submit (Active)","Reference Index","Governance Documentation","BDR index review","NOT APPLICABLE","Info","","","","","","None — static audit pass","Category 'Reference Index' — no product/runtime enforcement test required.","","None"
"CA-A-002","A","A","BDR index entry BDR-002: Draft-first for operational documents (Active)","Reference Index","Governance Documentation","BDR index review","NOT APPLICABLE","Info","","","","","","None — static audit pass","Category 'Reference Index' — no product/runtime enforcement test required.","","None"
"CA-A-003","A","A","BDR index entry BDR-003: No automatic line merge; duplicate rules per document type (Active)","Reference Index","Governance Documentation","BDR index review","NOT APPLICABLE","Info","","","","","","None — static audit pass","Category 'Reference Index' — no product/runtime enforcement test required.","","None"
"CA-A-004","A","A","BDR index entry BDR-004: Final Workflow Approval triggers Posting by default (Active)","Reference Index","Governance Documentation","BDR index review","NOT APPLICABLE","Info","","","","","","None — static audit pass","Category 'Reference Index' — no product/runtime enforcement test required.","","None"
"CA-A-005","A","A","BDR index entry BDR-005: Evidence Package is not a separate permission (Active)","Reference Index","Governance Documentation","BDR index review","NOT APPLICABLE","Info","","","","","","None — static audit pass","Category 'Reference Index' — no product/runtime enforcement test required.","","None"
"CA-A-006","A","A","BDR index entry BDR-006: Period Close uses Resolution Workspace (Active)","Reference Index","Governance Documentation","BDR index review","NOT APPLICABLE","Info","","","","","","None — static audit pass","Category 'Reference Index' — no product/runtime enforcement test required.","","None"
"CA-A-007","A","A","BDR index entry BDR-007: Void vs Cancelled user-facing label (Under Review)","Reference Index","Governance Documentation","BDR index review","NOT APPLICABLE","Info","","","","","","None — static audit pass","Category 'Reference Index' — no product/runtime enforcement test required.","","None"
"CA-A-008","A","A","BDR index entry BDR-008: Approved state optional — distinct stage before Posting only (Active)","Reference Index","Governance Documentation","BDR index review","NOT APPLICABLE","Info","","","","","","None — static audit pass","Category 'Reference Index' — no product/runtime enforcement test required.","","None"
"CA-A-009","A","A","BDR index entry BDR-009: Item Business Rules (v1 ITM-1): duplicate messaging, supplier/warehouse change, base unit immutability after first movement (Active)","Reference Index","Governance Documentation","BDR index review","NOT APPLICABLE","Info","","","","","","None — static audit pass","Category 'Reference Index' — no product/runtime enforcement test required.","","None"
"CB-B-002","B","B","BDR-007 excluded pending ratification","Excluded Pending Ratification","Governance Documentation","Exclusion register","NOT APPLICABLE","Info","","","","","","None — static audit pass","Category 'Excluded Pending Ratification' — no product/runtime enforcement test required.","","None"
