"fresh_id","previous_category","approved_category","reason","applicable_layer","reviewer","review_timestamp","decision_source"
"C1-1.1-001","Descriptive Context","Descriptive Context","Ch1 descriptive context.","Governance Documentation","DX OSE Governance Review (Gate A FINAL)","2026-06-27T15:50:18Z","Gate A FINAL adjudication"
"C1-1.1-002","Governance Document Requirement","Governance Document Requirement","Ch1 hierarchy/library rule — governance document requirement, not product code gap.","Governance Documentation","DX OSE Governance Review (Gate A FINAL)","2026-06-27T15:50:18Z","Gate A FINAL adjudication"
"C1-1.1-003","Governance Document Requirement","Governance Document Requirement","Ch1 hierarchy/library rule — governance document requirement, not product code gap.","Governance Documentation","DX OSE Governance Review (Gate A FINAL)","2026-06-27T15:50:18Z","Gate A FINAL adjudication"
"C1-1.1-004","Descriptive Context","Descriptive Context","Ch1 descriptive context.","Governance Documentation","DX OSE Governance Review (Gate A FINAL)","2026-06-27T15:50:18Z","Gate A FINAL adjudication"
"C1-1.1-005","Governance Document Requirement","Governance Document Requirement","Ch1 hierarchy/library rule — governance document requirement, not product code gap.","Governance Documentation","DX OSE Governance Review (Gate A FINAL)","2026-06-27T15:50:18Z","Gate A FINAL adjudication"
"C1-1.2-001","Governance Document Requirement","Governance Document Requirement","Ch1 hierarchy/library rule — governance document requirement, not product code gap.","Governance Documentation","DX OSE Governance Review (Gate A FINAL)","2026-06-27T15:50:18Z","Gate A FINAL adjudication"
"C1-1.2-002","Governance Document Requirement","Governance Document Requirement","Ch1 hierarchy/library rule — governance document requirement, not product code gap.","Governance Documentation","DX OSE Governance Review (Gate A FINAL)","2026-06-27T15:50:18Z","Gate A FINAL adjudication"
"C1-1.2-003","Governance Document Requirement","Governance Document Requirement","Ch1 hierarchy/library rule — governance document requirement, not product code gap.","Governance Documentation","DX OSE Governance Review (Gate A FINAL)","2026-06-27T15:50:18Z","Gate A FINAL adjudication"
"C1-1.2-004","Governance Definition","Governance Definition","Ch1 governance definition.","Governance Documentation","DX OSE Governance Review (Gate A FINAL)","2026-06-27T15:50:18Z","Gate A FINAL adjudication"
"C1-1.2-005","Governance Definition","Governance Definition","Ch1 governance definition.","Governance Documentation","DX OSE Governance Review (Gate A FINAL)","2026-06-27T15:50:18Z","Gate A FINAL adjudication"
"C1-1.2-006","Governance Definition","Governance Definition","Ch1 governance definition.","Governance Documentation","DX OSE Governance Review (Gate A FINAL)","2026-06-27T15:50:18Z","Gate A FINAL adjudication"
"C1-1.2-007","Governance Definition","Governance Definition","Ch1 governance definition.","Governance Documentation","DX OSE Governance Review (Gate A FINAL)","2026-06-27T15:50:18Z","Gate A FINAL adjudication"
"C1-1.2-008","Governance Definition","Governance Definition","Ch1 governance definition.","Governance Documentation","DX OSE Governance Review (Gate A FINAL)","2026-06-27T15:50:18Z","Gate A FINAL adjudication"
"C1-1.2-009","Governance Definition","Governance Definition","Ch1 governance definition.","Governance Documentation","DX OSE Governance Review (Gate A FINAL)","2026-06-27T15:50:18Z","Gate A FINAL adjudication"
"C1-1.2-010","Governance Definition","Governance Definition","Ch1 governance definition.","Governance Documentation","DX OSE Governance Review (Gate A FINAL)","2026-06-27T15:50:18Z","Gate A FINAL adjudication"
"C1-1.3-001","Descriptive Context","Descriptive Context","Ch1 descriptive context.","Governance Documentation","DX OSE Governance Review (Gate A FINAL)","2026-06-27T15:50:18Z","Gate A FINAL adjudication"
"C1-1.3-002","Governance Document Requirement","Governance Document Requirement","Ch1 hierarchy/library rule — governance document requirement, not product code gap.","Governance Documentation","DX OSE Governance Review (Gate A FINAL)","2026-06-27T15:50:18Z","Gate A FINAL adjudication"
"C1-1.4-001","Governance Definition","Governance Definition","Ch1 governance definition.","Governance Documentation","DX OSE Governance Review (Gate A FINAL)","2026-06-27T15:50:18Z","Gate A FINAL adjudication"
"C1-1.4-002","Governance Definition","Governance Definition","Ch1 governance definition.","Governance Documentation","DX OSE Governance Review (Gate A FINAL)","2026-06-27T15:50:18Z","Gate A FINAL adjudication"
"C1-1.4-003","Governance Definition","Governance Definition","Ch1 governance definition.","Governance Documentation","DX OSE Governance Review (Gate A FINAL)","2026-06-27T15:50:18Z","Gate A FINAL adjudication"
"C1-1.4-004","Governance Definition","Governance Definition","Ch1 governance definition.","Governance Documentation","DX OSE Governance Review (Gate A FINAL)","2026-06-27T15:50:18Z","Gate A FINAL adjudication"
"C1-1.4-005","Out of Scope","Out of Scope","Governance approved: Out of Scope.","N/A","DX OSE Governance Review (Gate A FINAL)","2026-06-27T15:50:18Z","Gate A FINAL adjudication"
"C1-1.4-006","Out of Scope","Out of Scope","Governance approved: Out of Scope.","N/A","DX OSE Governance Review (Gate A FINAL)","2026-06-27T15:50:18Z","Gate A FINAL adjudication"
"C1-1.4-007","Out of Scope","Out of Scope","Governance approved: Out of Scope.","N/A","DX OSE Governance Review (Gate A FINAL)","2026-06-27T15:50:18Z","Gate A FINAL adjudication"
"C1-1.4-008","Out of Scope","Out of Scope","Governance approved: Out of Scope.","N/A","DX OSE Governance Review (Gate A FINAL)","2026-06-27T15:50:18Z","Gate A FINAL adjudication"
"C1-1.4-009","Governance Definition","Governance Definition","Ch1 governance definition.","Governance Documentation","DX OSE Governance Review (Gate A FINAL)","2026-06-27T15:50:18Z","Gate A FINAL adjudication"
"C1-1.5-001","Governance Definition","Governance Definition","Ch1 governance definition.","Governance Documentation","DX OSE Governance Review (Gate A FINAL)","2026-06-27T15:50:18Z","Gate A FINAL adjudication"
"C1-1.5-002","Constitution Authoring Guidance","Constitution Authoring Guidance","Governance approved: Constitution Authoring Guidance.","Governance Documentation","DX OSE Governance Review (Gate A FINAL)","2026-06-27T15:50:18Z","Gate A FINAL adjudication"
"C1-1.5-003","Constitution Authoring Guidance","Constitution Authoring Guidance","Governance approved: Constitution Authoring Guidance.","Governance Documentation","DX OSE Governance Review (Gate A FINAL)","2026-06-27T15:50:18Z","Gate A FINAL adjudication"
"C2-2.1-001","Product Enforceable Requirement","Product Enforceable Requirement","Product enforceable requirement approved.","Multiple","DX OSE Governance Review (Gate A FINAL)","2026-06-27T15:50:18Z","Gate A FINAL adjudication"
"C2-2.1-002","Descriptive Context","Descriptive Context","Descriptive context approved.","N/A","DX OSE Governance Review (Gate A FINAL)","2026-06-27T15:50:18Z","Gate A FINAL adjudication"
"C2-2.1-003","Descriptive Context","Descriptive Context","Descriptive context approved.","N/A","DX OSE Governance Review (Gate A FINAL)","2026-06-27T15:50:18Z","Gate A FINAL adjudication"
"C2-2.1-004","Optional Capability","Optional Capability","Optional capability approved.","Runtime Behavior","DX OSE Governance Review (Gate A FINAL)","2026-06-27T15:50:18Z","Gate A FINAL adjudication"
"C2-2.1-005","Product Enforceable Requirement","Product Enforceable Requirement","Product enforceable requirement approved.","Multiple","DX OSE Governance Review (Gate A FINAL)","2026-06-27T15:50:18Z","Gate A FINAL adjudication"
"C2-2.2-001","Product Enforceable Requirement","Product Enforceable Requirement","Product enforceable requirement approved.","Multiple","DX OSE Governance Review (Gate A FINAL)","2026-06-27T15:50:18Z","Gate A FINAL adjudication"
"C2-2.2-002","Product Enforceable Requirement","Product Enforceable Requirement","Product enforceable requirement approved.","Multiple","DX OSE Governance Review (Gate A FINAL)","2026-06-27T15:50:18Z","Gate A FINAL adjudication"
"C2-2.2-003","Product Enforceable Requirement","Product Enforceable Requirement","Product enforceable requirement approved.","Multiple","DX OSE Governance Review (Gate A FINAL)","2026-06-27T15:50:18Z","Gate A FINAL adjudication"
"C2-2.2-004","Governance Definition","Governance Definition","Governance definition approved.","Governance Documentation","DX OSE Governance Review (Gate A FINAL)","2026-06-27T15:50:18Z","Gate A FINAL adjudication"
"C2-2.2-005","Descriptive Context","Descriptive Context","Descriptive context approved.","N/A","DX OSE Governance Review (Gate A FINAL)","2026-06-27T15:50:18Z","Gate A FINAL adjudication"
"C2-2.2-006","Descriptive Context","Descriptive Context","Descriptive context approved.","N/A","DX OSE Governance Review (Gate A FINAL)","2026-06-27T15:50:18Z","Gate A FINAL adjudication"
"C2-2.2-007","Descriptive Context","Descriptive Context","Descriptive context approved.","N/A","DX OSE Governance Review (Gate A FINAL)","2026-06-27T15:50:18Z","Gate A FINAL adjudication"
"C2-2.2-008","Governance Definition","Governance Definition","Governance definition approved.","Governance Documentation","DX OSE Governance Review (Gate A FINAL)","2026-06-27T15:50:18Z","Gate A FINAL adjudication"
"C2-2.2-009","Descriptive Context","Descriptive Context","Descriptive context approved.","N/A","DX OSE Governance Review (Gate A FINAL)","2026-06-27T15:50:18Z","Gate A FINAL adjudication"
"C2-2.2-010","Descriptive Context","Descriptive Context","Descriptive context approved.","N/A","DX OSE Governance Review (Gate A FINAL)","2026-06-27T15:50:18Z","Gate A FINAL adjudication"
"C2-2.2-011","Descriptive Context","Descriptive Context","Descriptive context approved.","N/A","DX OSE Governance Review (Gate A FINAL)","2026-06-27T15:50:18Z","Gate A FINAL adjudication"
"C2-2.2-012","Descriptive Context","Descriptive Context","Descriptive context approved.","N/A","DX OSE Governance Review (Gate A FINAL)","2026-06-27T15:50:18Z","Gate A FINAL adjudication"
"C2-2.2-013","Descriptive Context","Descriptive Context","Descriptive context approved.","N/A","DX OSE Governance Review (Gate A FINAL)","2026-06-27T15:50:18Z","Gate A FINAL adjudication"
"C2-2.2-014","Excluded Pending Ratification","Excluded Pending Ratification","Governance approved: Excluded Pending Ratification.","Governance Documentation","DX OSE Governance Review (Gate A FINAL)","2026-06-27T15:50:18Z","Gate A FINAL adjudication"
"C2-2.3-001","Product Enforceable Requirement","Product Enforceable Requirement","Product enforceable requirement approved.","Multiple","DX OSE Governance Review (Gate A FINAL)","2026-06-27T15:50:18Z","Gate A FINAL adjudication"
"C2-2.3-002","Product Enforceable Requirement","Product Enforceable Requirement","Product enforceable requirement approved.","Multiple","DX OSE Governance Review (Gate A FINAL)","2026-06-27T15:50:18Z","Gate A FINAL adjudication"
"C2-2.3-003","Product Enforceable Requirement","Product Enforceable Requirement","Product enforceable requirement approved.","Multiple","DX OSE Governance Review (Gate A FINAL)","2026-06-27T15:50:18Z","Gate A FINAL adjudication"
"C2-2.4.1-001","Descriptive Context","Descriptive Context","Descriptive context approved.","N/A","DX OSE Governance Review (Gate A FINAL)","2026-06-27T15:50:18Z","Gate A FINAL adjudication"
"C2-2.4.1-002","Product Enforceable Requirement","Product Enforceable Requirement","Product enforceable requirement approved.","Multiple","DX OSE Governance Review (Gate A FINAL)","2026-06-27T15:50:18Z","Gate A FINAL adjudication"
"C2-2.4.2-001","Descriptive Context","Descriptive Context","Descriptive context approved.","N/A","DX OSE Governance Review (Gate A FINAL)","2026-06-27T15:50:18Z","Gate A FINAL adjudication"
"C2-2.4.2-002","Product Enforceable Requirement","Product Enforceable Requirement","Product enforceable requirement approved.","Multiple","DX OSE Governance Review (Gate A FINAL)","2026-06-27T15:50:18Z","Gate A FINAL adjudication"
"C2-2.4.3-001","Descriptive Context","Descriptive Context","Descriptive context approved.","N/A","DX OSE Governance Review (Gate A FINAL)","2026-06-27T15:50:18Z","Gate A FINAL adjudication"
"C2-2.4.3-002","Optional Capability","Optional Capability","Optional capability approved.","Runtime Behavior","DX OSE Governance Review (Gate A FINAL)","2026-06-27T15:50:18Z","Gate A FINAL adjudication"
"C2-2.4.4-001","Descriptive Context","Descriptive Context","Descriptive context approved.","N/A","DX OSE Governance Review (Gate A FINAL)","2026-06-27T15:50:18Z","Gate A FINAL adjudication"
"C2-2.4.4-002","Descriptive Context","Descriptive Context","Descriptive context approved.","N/A","DX OSE Governance Review (Gate A FINAL)","2026-06-27T15:50:18Z","Gate A FINAL adjudication"
"C2-2.4.4-003","Descriptive Context","Descriptive Context","Descriptive context approved.","N/A","DX OSE Governance Review (Gate A FINAL)","2026-06-27T15:50:18Z","Gate A FINAL adjudication"
"C2-2.4.5-001","Descriptive Context","Descriptive Context","Descriptive context approved.","N/A","DX OSE Governance Review (Gate A FINAL)","2026-06-27T15:50:18Z","Gate A FINAL adjudication"
"C2-2.4.5-002","Descriptive Context","Descriptive Context","Descriptive context approved.","N/A","DX OSE Governance Review (Gate A FINAL)","2026-06-27T15:50:18Z","Gate A FINAL adjudication"
"C2-2.5-001","Product Enforceable Requirement","Product Enforceable Requirement","Product enforceable requirement approved.","Multiple","DX OSE Governance Review (Gate A FINAL)","2026-06-27T15:50:18Z","Gate A FINAL adjudication"
"C2-2.6-001","Descriptive Context","Descriptive Context","Descriptive context approved.","N/A","DX OSE Governance Review (Gate A FINAL)","2026-06-27T15:50:18Z","Gate A FINAL adjudication"
"C2-2.6-002","Product Enforceable Requirement","Product Enforceable Requirement","Product enforceable requirement approved.","Multiple","DX OSE Governance Review (Gate A FINAL)","2026-06-27T15:50:18Z","Gate A FINAL adjudication"
"C2-2.6-003","Product Enforceable Requirement","Product Enforceable Requirement","Product enforceable requirement approved.","Multiple","DX OSE Governance Review (Gate A FINAL)","2026-06-27T15:50:18Z","Gate A FINAL adjudication"
"C2-2.6-004","Descriptive Context","Descriptive Context","Descriptive context approved.","N/A","DX OSE Governance Review (Gate A FINAL)","2026-06-27T15:50:18Z","Gate A FINAL adjudication"
"C2-2.6-005","Product Enforceable Requirement","Product Enforceable Requirement","Product enforceable requirement approved.","Multiple","DX OSE Governance Review (Gate A FINAL)","2026-06-27T15:50:18Z","Gate A FINAL adjudication"
"C2-2.7-001","Descriptive Context","Descriptive Context","Descriptive context approved.","N/A","DX OSE Governance Review (Gate A FINAL)","2026-06-27T15:50:18Z","Gate A FINAL adjudication"
"C2-2.7-002","Product Enforceable Requirement","Product Enforceable Requirement","Product enforceable requirement approved.","Multiple","DX OSE Governance Review (Gate A FINAL)","2026-06-27T15:50:18Z","Gate A FINAL adjudication"
"C2-2.7-003","Descriptive Context","Descriptive Context","Descriptive context approved.","N/A","DX OSE Governance Review (Gate A FINAL)","2026-06-27T15:50:18Z","Gate A FINAL adjudication"
"C2-2.7-004","Product Enforceable Requirement","Product Enforceable Requirement","Product enforceable requirement approved.","Multiple","DX OSE Governance Review (Gate A FINAL)","2026-06-27T15:50:18Z","Gate A FINAL adjudication"
"C2-2.7-005","Descriptive Context","Descriptive Context","Descriptive context approved.","N/A","DX OSE Governance Review (Gate A FINAL)","2026-06-27T15:50:18Z","Gate A FINAL adjudication"
"C2-2.8-001","Product Enforceable Requirement","Product Enforceable Requirement","Product enforceable requirement approved.","Multiple","DX OSE Governance Review (Gate A FINAL)","2026-06-27T15:50:18Z","Gate A FINAL adjudication"
"C2-2.9-001","Descriptive Context","Descriptive Context","Descriptive context approved.","N/A","DX OSE Governance Review (Gate A FINAL)","2026-06-27T15:50:18Z","Gate A FINAL adjudication"
"C2-2.9-002","Descriptive Context","Descriptive Context","Descriptive context approved.","N/A","DX OSE Governance Review (Gate A FINAL)","2026-06-27T15:50:18Z","Gate A FINAL adjudication"
"C2-2.9-003","Descriptive Context","Descriptive Context","Descriptive context approved.","N/A","DX OSE Governance Review (Gate A FINAL)","2026-06-27T15:50:18Z","Gate A FINAL adjudication"
"C2-2.10-001","Out of Scope","Out of Scope","Governance approved: Out of Scope.","N/A","DX OSE Governance Review (Gate A FINAL)","2026-06-27T15:50:18Z","Gate A FINAL adjudication"
"C3-3.1-001","Product Enforceable Requirement","Product Enforceable Requirement","Product enforceable requirement approved.","Multiple","DX OSE Governance Review (Gate A FINAL)","2026-06-27T15:50:18Z","Gate A FINAL adjudication"
"C3-3.1-002","Product Enforceable Requirement","Product Enforceable Requirement","Product enforceable requirement approved.","Multiple","DX OSE Governance Review (Gate A FINAL)","2026-06-27T15:50:18Z","Gate A FINAL adjudication"
"C3-3.1-003","Product Enforceable Requirement","Product Enforceable Requirement","Product enforceable requirement approved.","Multiple","DX OSE Governance Review (Gate A FINAL)","2026-06-27T15:50:18Z","Gate A FINAL adjudication"
"C3-3.2-001","Descriptive Context","Descriptive Context","Descriptive context approved.","N/A","DX OSE Governance Review (Gate A FINAL)","2026-06-27T15:50:18Z","Gate A FINAL adjudication"
"C3-3.2-002","Descriptive Context","Descriptive Context","Descriptive context approved.","N/A","DX OSE Governance Review (Gate A FINAL)","2026-06-27T15:50:18Z","Gate A FINAL adjudication"
"C3-3.2-003","Product Enforceable Requirement","Product Enforceable Requirement","Product enforceable requirement approved.","Multiple","DX OSE Governance Review (Gate A FINAL)","2026-06-27T15:50:18Z","Gate A FINAL adjudication"
"C3-3.3-001","Descriptive Context","Descriptive Context","Descriptive context approved.","N/A","DX OSE Governance Review (Gate A FINAL)","2026-06-27T15:50:18Z","Gate A FINAL adjudication"
"C3-3.3-002","Product Enforceable Requirement","Product Enforceable Requirement","Product enforceable requirement approved.","Multiple","DX OSE Governance Review (Gate A FINAL)","2026-06-27T15:50:18Z","Gate A FINAL adjudication"
"C3-3.4-001","Descriptive Context","Descriptive Context","Descriptive context approved.","N/A","DX OSE Governance Review (Gate A FINAL)","2026-06-27T15:50:18Z","Gate A FINAL adjudication"
"C3-3.4-002","Descriptive Context","Descriptive Context","Descriptive context approved.","N/A","DX OSE Governance Review (Gate A FINAL)","2026-06-27T15:50:18Z","Gate A FINAL adjudication"
"C3-3.4-003","Descriptive Context","Descriptive Context","Descriptive context approved.","N/A","DX OSE Governance Review (Gate A FINAL)","2026-06-27T15:50:18Z","Gate A FINAL adjudication"
"C3-3.4-004","Governance Definition","Governance Definition","Governance definition approved.","Governance Documentation","DX OSE Governance Review (Gate A FINAL)","2026-06-27T15:50:18Z","Gate A FINAL adjudication"
"C3-3.4-005","Descriptive Context","Descriptive Context","Descriptive context approved.","N/A","DX OSE Governance Review (Gate A FINAL)","2026-06-27T15:50:18Z","Gate A FINAL adjudication"
"C3-3.5-001","Product Enforceable Requirement","Product Enforceable Requirement","Product enforceable requirement approved.","Multiple","DX OSE Governance Review (Gate A FINAL)","2026-06-27T15:50:18Z","Gate A FINAL adjudication"
"C3-3.6-001","Descriptive Context","Descriptive Context","Descriptive context approved.","N/A","DX OSE Governance Review (Gate A FINAL)","2026-06-27T15:50:18Z","Gate A FINAL adjudication"
"C3-3.7-001","Governance Definition","Governance Definition","Block 1 — §3.7 governance definition row.","Governance Documentation","DX OSE Governance Review (Gate A FINAL)","2026-06-27T15:50:18Z","Gate A FINAL adjudication"
"C3-3.7-002","Descriptive Context","Governance Definition","Block 1 — §3.7 governance definition row.","Governance Documentation","DX OSE Governance Review (Gate A FINAL)","2026-06-27T15:50:18Z","Gate A FINAL adjudication"
"C3-3.8-001","Out of Scope","Out of Scope","Governance approved: Out of Scope.","N/A","DX OSE Governance Review (Gate A FINAL)","2026-06-27T15:50:18Z","Gate A FINAL adjudication"
"C4-4.1-001","Product Enforceable Requirement","Product Enforceable Requirement","Product enforceable requirement approved.","Multiple","DX OSE Governance Review (Gate A FINAL)","2026-06-27T15:50:18Z","Gate A FINAL adjudication"
"C4-4.1-002","Descriptive Context","Descriptive Context","Descriptive context approved.","N/A","DX OSE Governance Review (Gate A FINAL)","2026-06-27T15:50:18Z","Gate A FINAL adjudication"
"C4-4.2-001","Governance Definition","Governance Definition","Governance definition approved.","Governance Documentation","DX OSE Governance Review (Gate A FINAL)","2026-06-27T15:50:18Z","Gate A FINAL adjudication"
"C4-4.2-002","Governance Definition","Governance Definition","Governance definition approved.","Governance Documentation","DX OSE Governance Review (Gate A FINAL)","2026-06-27T15:50:18Z","Gate A FINAL adjudication"
"C4-4.2-003","Governance Definition","Governance Definition","Governance definition approved.","Governance Documentation","DX OSE Governance Review (Gate A FINAL)","2026-06-27T15:50:18Z","Gate A FINAL adjudication"
"C4-4.2-004","Governance Definition","Governance Definition","Governance definition approved.","Governance Documentation","DX OSE Governance Review (Gate A FINAL)","2026-06-27T15:50:18Z","Gate A FINAL adjudication"
"C4-4.2-005","Governance Definition","Governance Definition","Governance definition approved.","Governance Documentation","DX OSE Governance Review (Gate A FINAL)","2026-06-27T15:50:18Z","Gate A FINAL adjudication"
"C4-4.2-006","Governance Definition","Governance Definition","Governance definition approved.","Governance Documentation","DX OSE Governance Review (Gate A FINAL)","2026-06-27T15:50:18Z","Gate A FINAL adjudication"
"C4-4.2-007","Governance Definition","Governance Definition","Governance definition approved.","Governance Documentation","DX OSE Governance Review (Gate A FINAL)","2026-06-27T15:50:18Z","Gate A FINAL adjudication"
"C4-4.2-008","Governance Definition","Governance Definition","Governance definition approved.","Governance Documentation","DX OSE Governance Review (Gate A FINAL)","2026-06-27T15:50:18Z","Gate A FINAL adjudication"
"C4-4.2-009","Governance Definition","Governance Definition","Governance definition approved.","Governance Documentation","DX OSE Governance Review (Gate A FINAL)","2026-06-27T15:50:18Z","Gate A FINAL adjudication"
"C4-4.2-010","Governance Definition","Governance Definition","Governance definition approved.","Governance Documentation","DX OSE Governance Review (Gate A FINAL)","2026-06-27T15:50:18Z","Gate A FINAL adjudication"
"C4-4.2-011","Governance Definition","Governance Definition","Governance definition approved.","Governance Documentation","DX OSE Governance Review (Gate A FINAL)","2026-06-27T15:50:18Z","Gate A FINAL adjudication"
"C4-4.2-012","Governance Definition","Governance Definition","Governance definition approved.","Governance Documentation","DX OSE Governance Review (Gate A FINAL)","2026-06-27T15:50:18Z","Gate A FINAL adjudication"
"C4-4.2-013","Governance Definition","Governance Definition","Governance definition approved.","Governance Documentation","DX OSE Governance Review (Gate A FINAL)","2026-06-27T15:50:18Z","Gate A FINAL adjudication"
"C4-4.2-014","Governance Definition","Governance Definition","Governance definition approved.","Governance Documentation","DX OSE Governance Review (Gate A FINAL)","2026-06-27T15:50:18Z","Gate A FINAL adjudication"
"C4-4.2-015","Governance Definition","Governance Definition","Governance definition approved.","Governance Documentation","DX OSE Governance Review (Gate A FINAL)","2026-06-27T15:50:18Z","Gate A FINAL adjudication"
"C4-4.2-016","Governance Definition","Governance Definition","Governance definition approved.","Governance Documentation","DX OSE Governance Review (Gate A FINAL)","2026-06-27T15:50:18Z","Gate A FINAL adjudication"
"C4-4.2-017","Governance Definition","Governance Definition","Governance definition approved.","Governance Documentation","DX OSE Governance Review (Gate A FINAL)","2026-06-27T15:50:18Z","Gate A FINAL adjudication"
"C4-4.2-018","Descriptive Context","Descriptive Context","Descriptive context approved.","N/A","DX OSE Governance Review (Gate A FINAL)","2026-06-27T15:50:18Z","Gate A FINAL adjudication"
"C4-4.3-001","Product Enforceable Requirement","Product Enforceable Requirement","Product enforceable requirement approved.","Multiple","DX OSE Governance Review (Gate A FINAL)","2026-06-27T15:50:18Z","Gate A FINAL adjudication"
"C4-4.3-002","Product Enforceable Requirement","Product Enforceable Requirement","Product enforceable requirement approved.","Multiple","DX OSE Governance Review (Gate A FINAL)","2026-06-27T15:50:18Z","Gate A FINAL adjudication"
"C4-4.3-003","Product Enforceable Requirement","Product Enforceable Requirement","Product enforceable requirement approved.","Multiple","DX OSE Governance Review (Gate A FINAL)","2026-06-27T15:50:18Z","Gate A FINAL adjudication"
"C4-4.3-004","Product Enforceable Requirement","Product Enforceable Requirement","Product enforceable requirement approved.","Multiple","DX OSE Governance Review (Gate A FINAL)","2026-06-27T15:50:18Z","Gate A FINAL adjudication"
"C4-4.4-001","Out of Scope","Out of Scope","Governance approved: Out of Scope.","N/A","DX OSE Governance Review (Gate A FINAL)","2026-06-27T15:50:18Z","Gate A FINAL adjudication"
"C5-5.1-001","Descriptive Context","Descriptive Context","Descriptive context approved.","N/A","DX OSE Governance Review (Gate A FINAL)","2026-06-27T15:50:18Z","Gate A FINAL adjudication"
"C5-5.1-002","Descriptive Context","Product Enforceable Requirement","Posting authority rule.","Runtime Behavior","DX OSE Governance Review (Gate A FINAL)","2026-06-27T15:50:18Z","Gate A FINAL adjudication"
"C5-5.1-003","Descriptive Context","Product Enforceable Requirement","Business immutability after Posting.","Multiple","DX OSE Governance Review (Gate A FINAL)","2026-06-27T15:50:18Z","Gate A FINAL adjudication"
"C5-5.2-001","Product Enforceable Requirement","Product Enforceable Requirement","Product enforceable requirement approved.","Multiple","DX OSE Governance Review (Gate A FINAL)","2026-06-27T15:50:18Z","Gate A FINAL adjudication"
"C5-5.2-002","Product Enforceable Requirement","Product Enforceable Requirement","Product enforceable requirement approved.","Multiple","DX OSE Governance Review (Gate A FINAL)","2026-06-27T15:50:18Z","Gate A FINAL adjudication"
"C5-5.2-003","Product Enforceable Requirement","Product Enforceable Requirement","Product enforceable requirement approved.","Multiple","DX OSE Governance Review (Gate A FINAL)","2026-06-27T15:50:18Z","Gate A FINAL adjudication"
"C5-5.2-004","Product Enforceable Requirement","Product Enforceable Requirement","Product enforceable requirement approved.","Multiple","DX OSE Governance Review (Gate A FINAL)","2026-06-27T15:50:18Z","Gate A FINAL adjudication"
"C5-5.2-005","Product Enforceable Requirement","Product Enforceable Requirement","Product enforceable requirement approved.","Multiple","DX OSE Governance Review (Gate A FINAL)","2026-06-27T15:50:18Z","Gate A FINAL adjudication"
"C5-5.2-006","Product Enforceable Requirement","Product Enforceable Requirement","Product enforceable requirement approved.","Multiple","DX OSE Governance Review (Gate A FINAL)","2026-06-27T15:50:18Z","Gate A FINAL adjudication"
"C5-5.2-007","Product Enforceable Requirement","Product Enforceable Requirement","Product enforceable requirement approved.","Multiple","DX OSE Governance Review (Gate A FINAL)","2026-06-27T15:50:18Z","Gate A FINAL adjudication"
"C5-5.2-008","Product Enforceable Requirement","Product Enforceable Requirement","Product enforceable requirement approved.","Multiple","DX OSE Governance Review (Gate A FINAL)","2026-06-27T15:50:18Z","Gate A FINAL adjudication"
"C5-5.2-009","Product Enforceable Requirement","Product Enforceable Requirement","Product enforceable requirement approved.","Multiple","DX OSE Governance Review (Gate A FINAL)","2026-06-27T15:50:18Z","Gate A FINAL adjudication"
"C5-5.2-010","Product Enforceable Requirement","Product Enforceable Requirement","Product enforceable requirement approved.","Multiple","DX OSE Governance Review (Gate A FINAL)","2026-06-27T15:50:18Z","Gate A FINAL adjudication"
"C5-5.2-011","Product Enforceable Requirement","Product Enforceable Requirement","Product enforceable requirement approved.","Multiple","DX OSE Governance Review (Gate A FINAL)","2026-06-27T15:50:18Z","Gate A FINAL adjudication"
"C5-5.2-012","Product Enforceable Requirement","Product Enforceable Requirement","Product enforceable requirement approved.","Multiple","DX OSE Governance Review (Gate A FINAL)","2026-06-27T15:50:18Z","Gate A FINAL adjudication"
"C5-5.2-013","Product Enforceable Requirement","Product Enforceable Requirement","Product enforceable requirement approved.","Multiple","DX OSE Governance Review (Gate A FINAL)","2026-06-27T15:50:18Z","Gate A FINAL adjudication"
"C5-5.3-001","Descriptive Context","Descriptive Context","Descriptive context approved.","N/A","DX OSE Governance Review (Gate A FINAL)","2026-06-27T15:50:18Z","Gate A FINAL adjudication"
"C5-5.3-002","Descriptive Context","Descriptive Context","Descriptive context approved.","N/A","DX OSE Governance Review (Gate A FINAL)","2026-06-27T15:50:18Z","Gate A FINAL adjudication"
"C5-5.3-003","Descriptive Context","Descriptive Context","Descriptive context approved.","N/A","DX OSE Governance Review (Gate A FINAL)","2026-06-27T15:50:18Z","Gate A FINAL adjudication"
"C5-5.4-001","Out of Scope","Out of Scope","Governance approved: Out of Scope.","N/A","DX OSE Governance Review (Gate A FINAL)","2026-06-27T15:50:18Z","Gate A FINAL adjudication"
"C6-6.1-001","Descriptive Context","Descriptive Context","Descriptive context approved.","N/A","DX OSE Governance Review (Gate A FINAL)","2026-06-27T15:50:18Z","Gate A FINAL adjudication"
"C6-6.1-002","Optional Capability","Descriptive Context","Period Management definitional context.","N/A","DX OSE Governance Review (Gate A FINAL)","2026-06-27T15:50:18Z","Gate A FINAL adjudication"
"C6-6.2-001","Descriptive Context","Descriptive Context","Descriptive context approved.","N/A","DX OSE Governance Review (Gate A FINAL)","2026-06-27T15:50:18Z","Gate A FINAL adjudication"
"C6-6.2-002","Optional Capability","Optional Capability","Optional capability approved.","Runtime Behavior","DX OSE Governance Review (Gate A FINAL)","2026-06-27T15:50:18Z","Gate A FINAL adjudication"
"C6-6.3-001","Product Enforceable Requirement","Product Enforceable Requirement","Product enforceable requirement approved.","Multiple","DX OSE Governance Review (Gate A FINAL)","2026-06-27T15:50:18Z","Gate A FINAL adjudication"
"C6-6.3-002","Descriptive Context","Descriptive Context","Descriptive context approved.","N/A","DX OSE Governance Review (Gate A FINAL)","2026-06-27T15:50:18Z","Gate A FINAL adjudication"
"C6-6.3-003","Descriptive Context","Descriptive Context","Descriptive context approved.","N/A","DX OSE Governance Review (Gate A FINAL)","2026-06-27T15:50:18Z","Gate A FINAL adjudication"
"C6-6.3-004","Descriptive Context","Descriptive Context","Descriptive context approved.","N/A","DX OSE Governance Review (Gate A FINAL)","2026-06-27T15:50:18Z","Gate A FINAL adjudication"
"C6-6.3-005","Product Enforceable Requirement","Product Enforceable Requirement","Product enforceable requirement approved.","Multiple","DX OSE Governance Review (Gate A FINAL)","2026-06-27T15:50:18Z","Gate A FINAL adjudication"
"C6-6.4-001","Descriptive Context","Descriptive Context","Descriptive context approved.","N/A","DX OSE Governance Review (Gate A FINAL)","2026-06-27T15:50:18Z","Gate A FINAL adjudication"
"C6-6.4-002","Optional Capability","Governance Definition","Closing state definition.","N/A","DX OSE Governance Review (Gate A FINAL)","2026-06-27T15:50:18Z","Gate A FINAL adjudication"
"C6-6.5-001","Descriptive Context","Product Enforceable Requirement","Posting period precondition.","Multiple","DX OSE Governance Review (Gate A FINAL)","2026-06-27T15:50:18Z","Gate A FINAL adjudication"
"C6-6.5-002","Descriptive Context","Product Enforceable Requirement","Posting date restriction rule.","Multiple","DX OSE Governance Review (Gate A FINAL)","2026-06-27T15:50:18Z","Gate A FINAL adjudication"
"C6-6.5-003","Optional Capability","Optional Capability","Optional capability approved.","Runtime Behavior","DX OSE Governance Review (Gate A FINAL)","2026-06-27T15:50:18Z","Gate A FINAL adjudication"
"C6-6.5-004","Product Enforceable Requirement","Product Enforceable Requirement","Product enforceable requirement approved.","Multiple","DX OSE Governance Review (Gate A FINAL)","2026-06-27T15:50:18Z","Gate A FINAL adjudication"
"C6-6.5-005","Descriptive Context","Descriptive Context","Descriptive context approved.","N/A","DX OSE Governance Review (Gate A FINAL)","2026-06-27T15:50:18Z","Gate A FINAL adjudication"
"C6-6.5-006","Product Enforceable Requirement","Product Enforceable Requirement","Product enforceable requirement approved.","Multiple","DX OSE Governance Review (Gate A FINAL)","2026-06-27T15:50:18Z","Gate A FINAL adjudication"
"C6-6.5-007","Descriptive Context","Descriptive Context","Descriptive context approved.","N/A","DX OSE Governance Review (Gate A FINAL)","2026-06-27T15:50:18Z","Gate A FINAL adjudication"
"C6-6.5-008","Product Enforceable Requirement","Product Enforceable Requirement","Product enforceable requirement approved.","Multiple","DX OSE Governance Review (Gate A FINAL)","2026-06-27T15:50:18Z","Gate A FINAL adjudication"
"C6-6.5-009","Descriptive Context","Product Enforceable Requirement","Assigned Posting Period immutability.","Database Integrity","DX OSE Governance Review (Gate A FINAL)","2026-06-27T15:50:18Z","Gate A FINAL adjudication"
"C6-6.6-001","Descriptive Context","Descriptive Context","Descriptive context approved.","N/A","DX OSE Governance Review (Gate A FINAL)","2026-06-27T15:50:18Z","Gate A FINAL adjudication"
"C6-6.6-002","Descriptive Context","Descriptive Context","Descriptive context approved.","N/A","DX OSE Governance Review (Gate A FINAL)","2026-06-27T15:50:18Z","Gate A FINAL adjudication"
"C6-6.6-003","Descriptive Context","Descriptive Context","Descriptive context approved.","N/A","DX OSE Governance Review (Gate A FINAL)","2026-06-27T15:50:18Z","Gate A FINAL adjudication"
"C6-6.6-004","Descriptive Context","Descriptive Context","Descriptive context approved.","N/A","DX OSE Governance Review (Gate A FINAL)","2026-06-27T15:50:18Z","Gate A FINAL adjudication"
"C6-6.6-005","Descriptive Context","Descriptive Context","Descriptive context approved.","N/A","DX OSE Governance Review (Gate A FINAL)","2026-06-27T15:50:18Z","Gate A FINAL adjudication"
"C6-6.6-006","Product Enforceable Requirement","Product Enforceable Requirement","Product enforceable requirement approved.","Multiple","DX OSE Governance Review (Gate A FINAL)","2026-06-27T15:50:18Z","Gate A FINAL adjudication"
"C6-6.6-007","Descriptive Context","Descriptive Context","Descriptive context approved.","N/A","DX OSE Governance Review (Gate A FINAL)","2026-06-27T15:50:18Z","Gate A FINAL adjudication"
"C6-6.7-001","Descriptive Context","Product Enforceable Requirement","Proactive Posting Date validation.","Runtime Behavior","DX OSE Governance Review (Gate A FINAL)","2026-06-27T15:50:18Z","Gate A FINAL adjudication"
"C6-6.8-001","Descriptive Context","Descriptive Context","Descriptive context approved.","N/A","DX OSE Governance Review (Gate A FINAL)","2026-06-27T15:50:18Z","Gate A FINAL adjudication"
"C6-6.9-001","Out of Scope","Out of Scope","Governance approved: Out of Scope.","N/A","DX OSE Governance Review (Gate A FINAL)","2026-06-27T15:50:18Z","Gate A FINAL adjudication"
"C7-7.1-001","Product Enforceable Requirement","Product Enforceable Requirement","Product enforceable requirement approved.","Multiple","DX OSE Governance Review (Gate A FINAL)","2026-06-27T15:50:18Z","Gate A FINAL adjudication"
"C7-7.2-001","Product Enforceable Requirement","Product Enforceable Requirement","Product enforceable requirement approved.","Multiple","DX OSE Governance Review (Gate A FINAL)","2026-06-27T15:50:18Z","Gate A FINAL adjudication"
"C7-7.3-001","Descriptive Context","Descriptive Context","Descriptive context approved.","N/A","DX OSE Governance Review (Gate A FINAL)","2026-06-27T15:50:18Z","Gate A FINAL adjudication"
"C7-7.4-001","Product Enforceable Requirement","Product Enforceable Requirement","Product enforceable requirement approved.","Multiple","DX OSE Governance Review (Gate A FINAL)","2026-06-27T15:50:18Z","Gate A FINAL adjudication"
"C7-7.4-002","Descriptive Context","Product Enforceable Requirement","§7.4 platform shall define — access rights.","Multiple","DX OSE Governance Review (Gate A FINAL)","2026-06-27T15:50:18Z","Gate A FINAL adjudication"
"C7-7.4-003","Descriptive Context","Product Enforceable Requirement","§7.4 platform shall define — ownership transfer.","Multiple","DX OSE Governance Review (Gate A FINAL)","2026-06-27T15:50:18Z","Gate A FINAL adjudication"
"C7-7.4-004","Descriptive Context","Product Enforceable Requirement","§7.4 platform shall define — inactive user drafts.","Multiple","DX OSE Governance Review (Gate A FINAL)","2026-06-27T15:50:18Z","Gate A FINAL adjudication"
"C7-7.5-001","Product Enforceable Requirement","Product Enforceable Requirement","Product enforceable requirement approved.","Multiple","DX OSE Governance Review (Gate A FINAL)","2026-06-27T15:50:18Z","Gate A FINAL adjudication"
"C7-7.6-001","Optional Capability","Optional Capability","Optional capability approved.","Runtime Behavior","DX OSE Governance Review (Gate A FINAL)","2026-06-27T15:50:18Z","Gate A FINAL adjudication"
"C7-7.6-002","Descriptive Context","Descriptive Context","Descriptive context approved.","N/A","DX OSE Governance Review (Gate A FINAL)","2026-06-27T15:50:18Z","Gate A FINAL adjudication"
"C7-7.7-001","Product Enforceable Requirement","Product Enforceable Requirement","Product enforceable requirement approved.","Multiple","DX OSE Governance Review (Gate A FINAL)","2026-06-27T15:50:18Z","Gate A FINAL adjudication"
"C7-7.7-002","Descriptive Context","Descriptive Context","Descriptive context approved.","N/A","DX OSE Governance Review (Gate A FINAL)","2026-06-27T15:50:18Z","Gate A FINAL adjudication"
"C7-7.8-001","Product Enforceable Requirement","Product Enforceable Requirement","Product enforceable requirement approved.","Multiple","DX OSE Governance Review (Gate A FINAL)","2026-06-27T15:50:18Z","Gate A FINAL adjudication"
"C7-7.8-002","Product Enforceable Requirement","Product Enforceable Requirement","Product enforceable requirement approved.","Multiple","DX OSE Governance Review (Gate A FINAL)","2026-06-27T15:50:18Z","Gate A FINAL adjudication"
"C7-7.8-003","Product Enforceable Requirement","Product Enforceable Requirement","Product enforceable requirement approved.","Multiple","DX OSE Governance Review (Gate A FINAL)","2026-06-27T15:50:18Z","Gate A FINAL adjudication"
"C7-7.8-004","Product Enforceable Requirement","Product Enforceable Requirement","Product enforceable requirement approved.","Multiple","DX OSE Governance Review (Gate A FINAL)","2026-06-27T15:50:18Z","Gate A FINAL adjudication"
"C7-7.9-001","Product Enforceable Requirement","Product Enforceable Requirement","Product enforceable requirement approved.","Multiple","DX OSE Governance Review (Gate A FINAL)","2026-06-27T15:50:18Z","Gate A FINAL adjudication"
"C7-7.9-002","Product Enforceable Requirement","Product Enforceable Requirement","Product enforceable requirement approved.","Multiple","DX OSE Governance Review (Gate A FINAL)","2026-06-27T15:50:18Z","Gate A FINAL adjudication"
"C7-7.9-003","Product Enforceable Requirement","Product Enforceable Requirement","Product enforceable requirement approved.","Multiple","DX OSE Governance Review (Gate A FINAL)","2026-06-27T15:50:18Z","Gate A FINAL adjudication"
"C7-7.10-001","Descriptive Context","Descriptive Context","Descriptive context approved.","N/A","DX OSE Governance Review (Gate A FINAL)","2026-06-27T15:50:18Z","Gate A FINAL adjudication"
"C7-7.10-002","Descriptive Context","Descriptive Context","Descriptive context approved.","N/A","DX OSE Governance Review (Gate A FINAL)","2026-06-27T15:50:18Z","Gate A FINAL adjudication"
"C7-7.11-001","Product Enforceable Requirement","Product Enforceable Requirement","Product enforceable requirement approved.","Multiple","DX OSE Governance Review (Gate A FINAL)","2026-06-27T15:50:18Z","Gate A FINAL adjudication"
"C7-7.12-001","Descriptive Context","Descriptive Context","Descriptive context approved.","N/A","DX OSE Governance Review (Gate A FINAL)","2026-06-27T15:50:18Z","Gate A FINAL adjudication"
"C7-7.13-001","Out of Scope","Out of Scope","Governance approved: Out of Scope.","N/A","DX OSE Governance Review (Gate A FINAL)","2026-06-27T15:50:18Z","Gate A FINAL adjudication"
"C8-8.1-001","Descriptive Context","Descriptive Context","Descriptive context approved.","N/A","DX OSE Governance Review (Gate A FINAL)","2026-06-27T15:50:18Z","Gate A FINAL adjudication"
"C8-8.2-001","Product Enforceable Requirement","Product Enforceable Requirement","Product enforceable requirement approved.","Multiple","DX OSE Governance Review (Gate A FINAL)","2026-06-27T15:50:18Z","Gate A FINAL adjudication"
"C8-8.2-002","Descriptive Context","Descriptive Context","Descriptive context approved.","N/A","DX OSE Governance Review (Gate A FINAL)","2026-06-27T15:50:18Z","Gate A FINAL adjudication"
"C8-8.3-001","Product Enforceable Requirement","Product Enforceable Requirement","Product enforceable requirement approved.","Multiple","DX OSE Governance Review (Gate A FINAL)","2026-06-27T15:50:18Z","Gate A FINAL adjudication"
"C8-8.5-001","Product Enforceable Requirement","Product Enforceable Requirement","Product enforceable requirement approved.","Multiple","DX OSE Governance Review (Gate A FINAL)","2026-06-27T15:50:18Z","Gate A FINAL adjudication"
"C8-8.6-001","Product Enforceable Requirement","Product Enforceable Requirement","Product enforceable requirement approved.","Multiple","DX OSE Governance Review (Gate A FINAL)","2026-06-27T15:50:18Z","Gate A FINAL adjudication"
"C8-8.7-001","Product Enforceable Requirement","Product Enforceable Requirement","Product enforceable requirement approved.","Multiple","DX OSE Governance Review (Gate A FINAL)","2026-06-27T15:50:18Z","Gate A FINAL adjudication"
"C8-8.8-001","Product Enforceable Requirement","Product Enforceable Requirement","Product enforceable requirement approved.","Multiple","DX OSE Governance Review (Gate A FINAL)","2026-06-27T15:50:18Z","Gate A FINAL adjudication"
"C8-8.8-002","Product Enforceable Requirement","Product Enforceable Requirement","Product enforceable requirement approved.","Multiple","DX OSE Governance Review (Gate A FINAL)","2026-06-27T15:50:18Z","Gate A FINAL adjudication"
"C8-8.8-003","Product Enforceable Requirement","Product Enforceable Requirement","Product enforceable requirement approved.","Multiple","DX OSE Governance Review (Gate A FINAL)","2026-06-27T15:50:18Z","Gate A FINAL adjudication"
"C8-8.8-004","Product Enforceable Requirement","Product Enforceable Requirement","Product enforceable requirement approved.","Multiple","DX OSE Governance Review (Gate A FINAL)","2026-06-27T15:50:18Z","Gate A FINAL adjudication"
"C8-8.9-001","Descriptive Context","Descriptive Context","Descriptive context approved.","N/A","DX OSE Governance Review (Gate A FINAL)","2026-06-27T15:50:18Z","Gate A FINAL adjudication"
"C8-8.9-002","Descriptive Context","Descriptive Context","Descriptive context approved.","N/A","DX OSE Governance Review (Gate A FINAL)","2026-06-27T15:50:18Z","Gate A FINAL adjudication"
"C8-8.10-001","Product Enforceable Requirement","Product Enforceable Requirement","Product enforceable requirement approved.","Multiple","DX OSE Governance Review (Gate A FINAL)","2026-06-27T15:50:18Z","Gate A FINAL adjudication"
"C8-8.11-001","Out of Scope","Out of Scope","Governance approved: Out of Scope.","N/A","DX OSE Governance Review (Gate A FINAL)","2026-06-27T15:50:18Z","Gate A FINAL adjudication"
"C9-9.1-001","Descriptive Context","Descriptive Context","Descriptive context approved.","N/A","DX OSE Governance Review (Gate A FINAL)","2026-06-27T15:50:18Z","Gate A FINAL adjudication"
"C9-9.2-001","Descriptive Context","Descriptive Context","Descriptive context approved.","N/A","DX OSE Governance Review (Gate A FINAL)","2026-06-27T15:50:18Z","Gate A FINAL adjudication"
"C9-9.2-002","Product Enforceable Requirement","Product Enforceable Requirement","Product enforceable requirement approved.","Multiple","DX OSE Governance Review (Gate A FINAL)","2026-06-27T15:50:18Z","Gate A FINAL adjudication"
"C9-9.2-003","Descriptive Context","Descriptive Context","Descriptive context approved.","N/A","DX OSE Governance Review (Gate A FINAL)","2026-06-27T15:50:18Z","Gate A FINAL adjudication"
"C9-9.2-004","Descriptive Context","Descriptive Context","Descriptive context approved.","N/A","DX OSE Governance Review (Gate A FINAL)","2026-06-27T15:50:18Z","Gate A FINAL adjudication"
"C9-9.2-005","Descriptive Context","Descriptive Context","Descriptive context approved.","N/A","DX OSE Governance Review (Gate A FINAL)","2026-06-27T15:50:18Z","Gate A FINAL adjudication"
"C9-9.3-001","Descriptive Context","Product Enforceable Requirement","§9.3 numbering uniqueness rule.","Multiple","DX OSE Governance Review (Gate A FINAL)","2026-06-27T15:50:18Z","Gate A FINAL adjudication"
"C9-9.3-002","Descriptive Context","Product Enforceable Requirement","§9.3 number reservation rule.","Multiple","DX OSE Governance Review (Gate A FINAL)","2026-06-27T15:50:18Z","Gate A FINAL adjudication"
"C9-9.3-003","Descriptive Context","Product Enforceable Requirement","§9.3 deleted draft number rule.","Multiple","DX OSE Governance Review (Gate A FINAL)","2026-06-27T15:50:18Z","Gate A FINAL adjudication"
"C9-9.3-004","Descriptive Context","Governance Definition","§9.3 gap policy definition.","N/A","DX OSE Governance Review (Gate A FINAL)","2026-06-27T15:50:18Z","Gate A FINAL adjudication"
"C9-9.3-005","Descriptive Context","Product Enforceable Requirement","§9.3 unified numbering engine.","Multiple","DX OSE Governance Review (Gate A FINAL)","2026-06-27T15:50:18Z","Gate A FINAL adjudication"
"C9-9.3-006","Descriptive Context","Product Enforceable Requirement","§9.3 prefix governance.","Multiple","DX OSE Governance Review (Gate A FINAL)","2026-06-27T15:50:18Z","Gate A FINAL adjudication"
"C9-9.3-007","Governance Definition","Governance Definition","Governance definition approved.","Governance Documentation","DX OSE Governance Review (Gate A FINAL)","2026-06-27T15:50:18Z","Gate A FINAL adjudication"
"C9-9.3-008","Descriptive Context","Product Enforceable Requirement","§9.3 number immutability.","Multiple","DX OSE Governance Review (Gate A FINAL)","2026-06-27T15:50:18Z","Gate A FINAL adjudication"
"C9-9.3-009","Descriptive Context","Product Enforceable Requirement","§9.3 allocation audit traceability.","Multiple","DX OSE Governance Review (Gate A FINAL)","2026-06-27T15:50:18Z","Gate A FINAL adjudication"
"C9-9.3-010","Product Enforceable Requirement","Product Enforceable Requirement","Product enforceable requirement approved.","Multiple","DX OSE Governance Review (Gate A FINAL)","2026-06-27T15:50:18Z","Gate A FINAL adjudication"
"C9-9.3-011","Descriptive Context","Governance Definition","§9.3 annual reset policy definition.","N/A","DX OSE Governance Review (Gate A FINAL)","2026-06-27T15:50:18Z","Gate A FINAL adjudication"
"C9-9.4-001","Out of Scope","Out of Scope","Governance approved: Out of Scope.","N/A","DX OSE Governance Review (Gate A FINAL)","2026-06-27T15:50:18Z","Gate A FINAL adjudication"
"C10-10.2-001","Product Enforceable Requirement","Product Enforceable Requirement","Product enforceable requirement approved.","Multiple","DX OSE Governance Review (Gate A FINAL)","2026-06-27T15:50:18Z","Gate A FINAL adjudication"
"C10-10.2-002","Product Enforceable Requirement","Product Enforceable Requirement","Product enforceable requirement approved.","Multiple","DX OSE Governance Review (Gate A FINAL)","2026-06-27T15:50:18Z","Gate A FINAL adjudication"
"C10-10.2-003","Product Enforceable Requirement","Product Enforceable Requirement","Product enforceable requirement approved.","Multiple","DX OSE Governance Review (Gate A FINAL)","2026-06-27T15:50:18Z","Gate A FINAL adjudication"
"C10-10.2-004","Product Enforceable Requirement","Product Enforceable Requirement","Product enforceable requirement approved.","Multiple","DX OSE Governance Review (Gate A FINAL)","2026-06-27T15:50:18Z","Gate A FINAL adjudication"
"C10-10.2-005","Product Enforceable Requirement","Product Enforceable Requirement","Product enforceable requirement approved.","Multiple","DX OSE Governance Review (Gate A FINAL)","2026-06-27T15:50:18Z","Gate A FINAL adjudication"
"C10-10.2-006","Product Enforceable Requirement","Product Enforceable Requirement","Product enforceable requirement approved.","Multiple","DX OSE Governance Review (Gate A FINAL)","2026-06-27T15:50:18Z","Gate A FINAL adjudication"
"C10-10.2-007","Product Enforceable Requirement","Product Enforceable Requirement","Product enforceable requirement approved.","Multiple","DX OSE Governance Review (Gate A FINAL)","2026-06-27T15:50:18Z","Gate A FINAL adjudication"
"C10-10.2-008","Product Enforceable Requirement","Product Enforceable Requirement","Product enforceable requirement approved.","Multiple","DX OSE Governance Review (Gate A FINAL)","2026-06-27T15:50:18Z","Gate A FINAL adjudication"
"C10-10.2-009","Product Enforceable Requirement","Out of Scope","Batch/serial inventory Out of Scope v2.0.","N/A","DX OSE Governance Review (Gate A FINAL)","2026-06-27T15:50:18Z","Gate A FINAL adjudication"
"C10-10.2-010","Product Enforceable Requirement","Product Enforceable Requirement","Product enforceable requirement approved.","Multiple","DX OSE Governance Review (Gate A FINAL)","2026-06-27T15:50:18Z","Gate A FINAL adjudication"
"C10-10.2-011","Product Enforceable Requirement","Product Enforceable Requirement","Product enforceable requirement approved.","Multiple","DX OSE Governance Review (Gate A FINAL)","2026-06-27T15:50:18Z","Gate A FINAL adjudication"
"C10-10.2-012","Product Enforceable Requirement","Product Enforceable Requirement","Product enforceable requirement approved.","Multiple","DX OSE Governance Review (Gate A FINAL)","2026-06-27T15:50:18Z","Gate A FINAL adjudication"
"C10-10.2-013","Product Enforceable Requirement","Product Enforceable Requirement","Product enforceable requirement approved.","Multiple","DX OSE Governance Review (Gate A FINAL)","2026-06-27T15:50:18Z","Gate A FINAL adjudication"
"C10-10.2-014","Product Enforceable Requirement","Product Enforceable Requirement","Product enforceable requirement approved.","Multiple","DX OSE Governance Review (Gate A FINAL)","2026-06-27T15:50:18Z","Gate A FINAL adjudication"
"C10-10.2-015","Product Enforceable Requirement","Product Enforceable Requirement","Product enforceable requirement approved.","Multiple","DX OSE Governance Review (Gate A FINAL)","2026-06-27T15:50:18Z","Gate A FINAL adjudication"
"C10-10.3-001","Out of Scope","Out of Scope","Governance approved: Out of Scope.","N/A","DX OSE Governance Review (Gate A FINAL)","2026-06-27T15:50:18Z","Gate A FINAL adjudication"
"C10-10.3-002","Out of Scope","Out of Scope","Governance approved: Out of Scope.","N/A","DX OSE Governance Review (Gate A FINAL)","2026-06-27T15:50:18Z","Gate A FINAL adjudication"
"C11-11.1-001","Descriptive Context","Descriptive Context","Descriptive context approved.","N/A","DX OSE Governance Review (Gate A FINAL)","2026-06-27T15:50:18Z","Gate A FINAL adjudication"
"C11-11.2-001","Descriptive Context","Descriptive Context","Descriptive context approved.","N/A","DX OSE Governance Review (Gate A FINAL)","2026-06-27T15:50:18Z","Gate A FINAL adjudication"
"C11-11.3-001","Descriptive Context","Descriptive Context","Descriptive context approved.","N/A","DX OSE Governance Review (Gate A FINAL)","2026-06-27T15:50:18Z","Gate A FINAL adjudication"
"C11-11.3-002","Product Enforceable Requirement","Product Enforceable Requirement","Product enforceable requirement approved.","Multiple","DX OSE Governance Review (Gate A FINAL)","2026-06-27T15:50:18Z","Gate A FINAL adjudication"
"C11-11.4-001","Product Enforceable Requirement","Product Enforceable Requirement","Product enforceable requirement approved.","Multiple","DX OSE Governance Review (Gate A FINAL)","2026-06-27T15:50:18Z","Gate A FINAL adjudication"
"C11-11.4-002","Product Enforceable Requirement","Product Enforceable Requirement","Product enforceable requirement approved.","Multiple","DX OSE Governance Review (Gate A FINAL)","2026-06-27T15:50:18Z","Gate A FINAL adjudication"
"C11-11.5-001","Descriptive Context","Descriptive Context","Descriptive context approved.","N/A","DX OSE Governance Review (Gate A FINAL)","2026-06-27T15:50:18Z","Gate A FINAL adjudication"
"C11-11.6-001","Product Enforceable Requirement","Product Enforceable Requirement","Product enforceable requirement approved.","Multiple","DX OSE Governance Review (Gate A FINAL)","2026-06-27T15:50:18Z","Gate A FINAL adjudication"
"C11-11.7-001","Descriptive Context","Descriptive Context","Descriptive context approved.","N/A","DX OSE Governance Review (Gate A FINAL)","2026-06-27T15:50:18Z","Gate A FINAL adjudication"
"C11-11.8-001","Out of Scope","Out of Scope","Governance approved: Out of Scope.","N/A","DX OSE Governance Review (Gate A FINAL)","2026-06-27T15:50:18Z","Gate A FINAL adjudication"
"C12-12.1-001","Descriptive Context","Descriptive Context","Descriptive context approved.","N/A","DX OSE Governance Review (Gate A FINAL)","2026-06-27T15:50:18Z","Gate A FINAL adjudication"
"C12-12.2-001","Descriptive Context","Descriptive Context","Descriptive context approved.","N/A","DX OSE Governance Review (Gate A FINAL)","2026-06-27T15:50:18Z","Gate A FINAL adjudication"
"C12-12.2-002","Descriptive Context","UX / Presentation Requirement","Optional fields presentation rule.","UI / UX","DX OSE Governance Review (Gate A FINAL)","2026-06-27T15:50:18Z","Gate A FINAL adjudication"
"C12-12.2-003","Product Enforceable Requirement","Product Enforceable Requirement","Product enforceable requirement approved.","Multiple","DX OSE Governance Review (Gate A FINAL)","2026-06-27T15:50:18Z","Gate A FINAL adjudication"
"C12-12.3-001","Product Enforceable Requirement","Product Enforceable Requirement","Product enforceable requirement approved.","Multiple","DX OSE Governance Review (Gate A FINAL)","2026-06-27T15:50:18Z","Gate A FINAL adjudication"
"C12-12.3-002","Descriptive Context","Descriptive Context","Descriptive context approved.","N/A","DX OSE Governance Review (Gate A FINAL)","2026-06-27T15:50:18Z","Gate A FINAL adjudication"
"C12-12.3-003","Descriptive Context","Descriptive Context","Descriptive context approved.","N/A","DX OSE Governance Review (Gate A FINAL)","2026-06-27T15:50:18Z","Gate A FINAL adjudication"
"C12-12.4-001","Product Enforceable Requirement","Product Enforceable Requirement","Product enforceable requirement approved.","Multiple","DX OSE Governance Review (Gate A FINAL)","2026-06-27T15:50:18Z","Gate A FINAL adjudication"
"C12-12.5-001","Product Enforceable Requirement","Product Enforceable Requirement","Product enforceable requirement approved.","Multiple","DX OSE Governance Review (Gate A FINAL)","2026-06-27T15:50:18Z","Gate A FINAL adjudication"
"C12-12.6-001","Product Enforceable Requirement","Product Enforceable Requirement","Product enforceable requirement approved.","Multiple","DX OSE Governance Review (Gate A FINAL)","2026-06-27T15:50:18Z","Gate A FINAL adjudication"
"C12-12.7-001","Optional Capability","Optional Capability","Optional capability approved.","Runtime Behavior","DX OSE Governance Review (Gate A FINAL)","2026-06-27T15:50:18Z","Gate A FINAL adjudication"
"C13-13.1-001","Descriptive Context","Descriptive Context","Descriptive context approved.","N/A","DX OSE Governance Review (Gate A FINAL)","2026-06-27T15:50:18Z","Gate A FINAL adjudication"
"C13-13.2-001","Product Enforceable Requirement","Product Enforceable Requirement","Product enforceable requirement approved.","Multiple","DX OSE Governance Review (Gate A FINAL)","2026-06-27T15:50:18Z","Gate A FINAL adjudication"
"C13-13.2-002","Descriptive Context","Descriptive Context","Descriptive context approved.","N/A","DX OSE Governance Review (Gate A FINAL)","2026-06-27T15:50:18Z","Gate A FINAL adjudication"
"C13-13.3-001","Descriptive Context","Descriptive Context","Descriptive context approved.","N/A","DX OSE Governance Review (Gate A FINAL)","2026-06-27T15:50:18Z","Gate A FINAL adjudication"
"C13-13.4-001","Product Enforceable Requirement","Product Enforceable Requirement","Product enforceable requirement approved.","Multiple","DX OSE Governance Review (Gate A FINAL)","2026-06-27T15:50:18Z","Gate A FINAL adjudication"
"C13-13.4-002","Descriptive Context","Descriptive Context","Descriptive context approved.","N/A","DX OSE Governance Review (Gate A FINAL)","2026-06-27T15:50:18Z","Gate A FINAL adjudication"
"C13-13.5-001","Product Enforceable Requirement","Product Enforceable Requirement","Product enforceable requirement approved.","Multiple","DX OSE Governance Review (Gate A FINAL)","2026-06-27T15:50:18Z","Gate A FINAL adjudication"
"C13-13.6-001","Product Enforceable Requirement","Product Enforceable Requirement","Product enforceable requirement approved.","Multiple","DX OSE Governance Review (Gate A FINAL)","2026-06-27T15:50:18Z","Gate A FINAL adjudication"
"C13-13.7-001","Descriptive Context","Descriptive Context","Descriptive context approved.","N/A","DX OSE Governance Review (Gate A FINAL)","2026-06-27T15:50:18Z","Gate A FINAL adjudication"
"C13-13.7-002","Governance Definition","Governance Definition","Governance definition approved.","Governance Documentation","DX OSE Governance Review (Gate A FINAL)","2026-06-27T15:50:18Z","Gate A FINAL adjudication"
"C13-13.8-001","Product Enforceable Requirement","Product Enforceable Requirement","Product enforceable requirement approved.","Multiple","DX OSE Governance Review (Gate A FINAL)","2026-06-27T15:50:18Z","Gate A FINAL adjudication"
"C13-13.9-001","Product Enforceable Requirement","Product Enforceable Requirement","Product enforceable requirement approved.","Multiple","DX OSE Governance Review (Gate A FINAL)","2026-06-27T15:50:18Z","Gate A FINAL adjudication"
"C13-13.10-001","Product Enforceable Requirement","Product Enforceable Requirement","Product enforceable requirement approved.","Multiple","DX OSE Governance Review (Gate A FINAL)","2026-06-27T15:50:18Z","Gate A FINAL adjudication"
"C14-14.1-001","Descriptive Context","Descriptive Context","Descriptive context approved.","N/A","DX OSE Governance Review (Gate A FINAL)","2026-06-27T15:50:18Z","Gate A FINAL adjudication"
"C14-14.2-001","Descriptive Context","Descriptive Context","Descriptive context approved.","N/A","DX OSE Governance Review (Gate A FINAL)","2026-06-27T15:50:18Z","Gate A FINAL adjudication"
"C14-14.3-001","Product Enforceable Requirement","Product Enforceable Requirement","Product enforceable requirement approved.","Multiple","DX OSE Governance Review (Gate A FINAL)","2026-06-27T15:50:18Z","Gate A FINAL adjudication"
"C14-14.3-002","Product Enforceable Requirement","Product Enforceable Requirement","Product enforceable requirement approved.","Multiple","DX OSE Governance Review (Gate A FINAL)","2026-06-27T15:50:18Z","Gate A FINAL adjudication"
"C14-14.4-001","Product Enforceable Requirement","Product Enforceable Requirement","Product enforceable requirement approved.","Multiple","DX OSE Governance Review (Gate A FINAL)","2026-06-27T15:50:18Z","Gate A FINAL adjudication"
"C14-14.5-001","Product Enforceable Requirement","Product Enforceable Requirement","Product enforceable requirement approved.","Multiple","DX OSE Governance Review (Gate A FINAL)","2026-06-27T15:50:18Z","Gate A FINAL adjudication"
"C14-14.6-001","Descriptive Context","Descriptive Context","Descriptive context approved.","N/A","DX OSE Governance Review (Gate A FINAL)","2026-06-27T15:50:18Z","Gate A FINAL adjudication"
"C14-14.7-001","Descriptive Context","Descriptive Context","Descriptive context approved.","N/A","DX OSE Governance Review (Gate A FINAL)","2026-06-27T15:50:18Z","Gate A FINAL adjudication"
"C14-14.8-001","Optional Capability","Optional Capability","Optional capability approved.","Runtime Behavior","DX OSE Governance Review (Gate A FINAL)","2026-06-27T15:50:18Z","Gate A FINAL adjudication"
"C14-14.8-002","Product Enforceable Requirement","Product Enforceable Requirement","Product enforceable requirement approved.","Multiple","DX OSE Governance Review (Gate A FINAL)","2026-06-27T15:50:18Z","Gate A FINAL adjudication"
"C14-14.9-001","Descriptive Context","Descriptive Context","Descriptive context approved.","N/A","DX OSE Governance Review (Gate A FINAL)","2026-06-27T15:50:18Z","Gate A FINAL adjudication"
"C14-14.10-001","Out of Scope","Out of Scope","Governance approved: Out of Scope.","N/A","DX OSE Governance Review (Gate A FINAL)","2026-06-27T15:50:18Z","Gate A FINAL adjudication"
"C15-15.1-001","Descriptive Context","Descriptive Context","Descriptive context approved.","N/A","DX OSE Governance Review (Gate A FINAL)","2026-06-27T15:50:18Z","Gate A FINAL adjudication"
"C15-15.2-001","Product Enforceable Requirement","Product Enforceable Requirement","Product enforceable requirement approved.","Multiple","DX OSE Governance Review (Gate A FINAL)","2026-06-27T15:50:18Z","Gate A FINAL adjudication"
"C15-15.3-001","Product Enforceable Requirement","Product Enforceable Requirement","Product enforceable requirement approved.","Multiple","DX OSE Governance Review (Gate A FINAL)","2026-06-27T15:50:18Z","Gate A FINAL adjudication"
"C15-15.3-002","Descriptive Context","Descriptive Context","Descriptive context approved.","N/A","DX OSE Governance Review (Gate A FINAL)","2026-06-27T15:50:18Z","Gate A FINAL adjudication"
"C15-15.4-001","Descriptive Context","Descriptive Context","Descriptive context approved.","N/A","DX OSE Governance Review (Gate A FINAL)","2026-06-27T15:50:18Z","Gate A FINAL adjudication"
"C15-15.4-002","Product Enforceable Requirement","Product Enforceable Requirement","Product enforceable requirement approved.","Multiple","DX OSE Governance Review (Gate A FINAL)","2026-06-27T15:50:18Z","Gate A FINAL adjudication"
"C15-15.5-001","Descriptive Context","Descriptive Context","Descriptive context approved.","N/A","DX OSE Governance Review (Gate A FINAL)","2026-06-27T15:50:18Z","Gate A FINAL adjudication"
"C15-15.6-001","Descriptive Context","Descriptive Context","Descriptive context approved.","N/A","DX OSE Governance Review (Gate A FINAL)","2026-06-27T15:50:18Z","Gate A FINAL adjudication"
"C15-15.6-002","Descriptive Context","Descriptive Context","Descriptive context approved.","N/A","DX OSE Governance Review (Gate A FINAL)","2026-06-27T15:50:18Z","Gate A FINAL adjudication"
"C15-15.6-003","Descriptive Context","Descriptive Context","Descriptive context approved.","N/A","DX OSE Governance Review (Gate A FINAL)","2026-06-27T15:50:18Z","Gate A FINAL adjudication"
"C16-16.1-001","Descriptive Context","Descriptive Context","Descriptive context approved.","N/A","DX OSE Governance Review (Gate A FINAL)","2026-06-27T15:50:18Z","Gate A FINAL adjudication"
"C16-16.2-001","Descriptive Context","Descriptive Context","Descriptive context approved.","N/A","DX OSE Governance Review (Gate A FINAL)","2026-06-27T15:50:18Z","Gate A FINAL adjudication"
"C16-16.2-002","Descriptive Context","Product Enforceable Requirement","Item images must not be created via transactional documents.","Multiple","DX OSE Governance Review (Gate A FINAL)","2026-06-27T15:50:18Z","Gate A FINAL adjudication"
"C16-16.3-001","Descriptive Context","Descriptive Context","Descriptive context approved.","N/A","DX OSE Governance Review (Gate A FINAL)","2026-06-27T15:50:18Z","Gate A FINAL adjudication"
"C16-16.3-002","Descriptive Context","UX / Presentation Requirement","Thumbnails in operational screens.","UI / UX","DX OSE Governance Review (Gate A FINAL)","2026-06-27T15:50:18Z","Gate A FINAL adjudication"
"C16-16.3-003","Descriptive Context","UX / Presentation Requirement","Standardized placeholder presentation.","UI / UX","DX OSE Governance Review (Gate A FINAL)","2026-06-27T15:50:18Z","Gate A FINAL adjudication"
"C16-16.3-004","Optional Capability","Optional Capability","Optional capability approved.","Runtime Behavior","DX OSE Governance Review (Gate A FINAL)","2026-06-27T15:50:18Z","Gate A FINAL adjudication"
"C16-16.3-005","Descriptive Context","Descriptive Context","Descriptive context approved.","N/A","DX OSE Governance Review (Gate A FINAL)","2026-06-27T15:50:18Z","Gate A FINAL adjudication"
"C16-16.3-006","Descriptive Context","UX / Presentation Requirement","Grid thumbnail presentation.","UI / UX","DX OSE Governance Review (Gate A FINAL)","2026-06-27T15:50:18Z","Gate A FINAL adjudication"
"C16-16.3-007","Descriptive Context","UX / Presentation Requirement","Thumbnail resolution presentation rule.","UI / UX","DX OSE Governance Review (Gate A FINAL)","2026-06-27T15:50:18Z","Gate A FINAL adjudication"
"C16-16.3-008","Descriptive Context","Product Enforceable Requirement","1 MB image size limit.","Multiple","DX OSE Governance Review (Gate A FINAL)","2026-06-27T15:50:18Z","Gate A FINAL adjudication"
"C16-16.3-009","Descriptive Context","Product Enforceable Requirement","Supported image formats/dimensions.","Multiple","DX OSE Governance Review (Gate A FINAL)","2026-06-27T15:50:18Z","Gate A FINAL adjudication"
"C16-16.3-010","Descriptive Context","Product Enforceable Requirement","Unified export when image absent.","Multiple","DX OSE Governance Review (Gate A FINAL)","2026-06-27T15:50:18Z","Gate A FINAL adjudication"
"C17-17.1-001","UX / Presentation Requirement","UX / Presentation Requirement","Auto category confirmed by governance review.","N/A","DX OSE Governance Review (Gate A FINAL)","2026-06-27T15:50:18Z","Gate A FINAL adjudication"
"C17-17.2-001","UX / Presentation Requirement","UX / Presentation Requirement","§17 keyboard navigation UX requirement.","UI / UX","DX OSE Governance Review (Gate A FINAL)","2026-06-27T15:50:18Z","Gate A FINAL adjudication"
"C17-17.2-002","UX / Presentation Requirement","UX / Presentation Requirement","§17 keyboard navigation UX requirement.","UI / UX","DX OSE Governance Review (Gate A FINAL)","2026-06-27T15:50:18Z","Gate A FINAL adjudication"
"C17-17.2-003","UX / Presentation Requirement","UX / Presentation Requirement","§17 keyboard navigation UX requirement.","UI / UX","DX OSE Governance Review (Gate A FINAL)","2026-06-27T15:50:18Z","Gate A FINAL adjudication"
"C17-17.2-004","UX / Presentation Requirement","UX / Presentation Requirement","§17 keyboard navigation UX requirement.","UI / UX","DX OSE Governance Review (Gate A FINAL)","2026-06-27T15:50:18Z","Gate A FINAL adjudication"
"C17-17.2-005","UX / Presentation Requirement","UX / Presentation Requirement","§17 keyboard navigation UX requirement.","UI / UX","DX OSE Governance Review (Gate A FINAL)","2026-06-27T15:50:18Z","Gate A FINAL adjudication"
"C17-17.2-006","UX / Presentation Requirement","UX / Presentation Requirement","§17 keyboard navigation UX requirement.","UI / UX","DX OSE Governance Review (Gate A FINAL)","2026-06-27T15:50:18Z","Gate A FINAL adjudication"
"C17-17.2-007","UX / Presentation Requirement","UX / Presentation Requirement","§17 keyboard navigation UX requirement.","UI / UX","DX OSE Governance Review (Gate A FINAL)","2026-06-27T15:50:18Z","Gate A FINAL adjudication"
"C17-17.3-001","UX / Presentation Requirement","UX / Presentation Requirement","§17 keyboard navigation UX requirement.","UI / UX","DX OSE Governance Review (Gate A FINAL)","2026-06-27T15:50:18Z","Gate A FINAL adjudication"
"C17-17.3-002","UX / Presentation Requirement","UX / Presentation Requirement","§17 keyboard navigation UX requirement.","UI / UX","DX OSE Governance Review (Gate A FINAL)","2026-06-27T15:50:18Z","Gate A FINAL adjudication"
"C17-17.3-003","UX / Presentation Requirement","UX / Presentation Requirement","§17 keyboard navigation UX requirement.","UI / UX","DX OSE Governance Review (Gate A FINAL)","2026-06-27T15:50:18Z","Gate A FINAL adjudication"
"C17-17.3-004","UX / Presentation Requirement","UX / Presentation Requirement","§17 keyboard navigation UX requirement.","UI / UX","DX OSE Governance Review (Gate A FINAL)","2026-06-27T15:50:18Z","Gate A FINAL adjudication"
"C17-17.3-005","UX / Presentation Requirement","Product Enforceable Requirement","§17.3 global shortcut prohibition.","Multiple","DX OSE Governance Review (Gate A FINAL)","2026-06-27T15:50:18Z","Gate A FINAL adjudication"
"C17-17.4-001","Out of Scope","Out of Scope","Governance approved: Out of Scope.","N/A","DX OSE Governance Review (Gate A FINAL)","2026-06-27T15:50:18Z","Gate A FINAL adjudication"
"C18-18.1-001","UX / Presentation Requirement","UX / Presentation Requirement","§18.1 Golden Rule — error channel mapping.","UI / UX","DX OSE Governance Review (Gate A FINAL)","2026-06-27T15:50:18Z","Gate A FINAL adjudication"
"C18-18.1-002","UX / Presentation Requirement","UX / Presentation Requirement","Block 4 — §18.1 table mapping (Field validation → Inline).","UI / UX","DX OSE Governance Review (Gate A FINAL)","2026-06-27T15:50:18Z","Gate A FINAL adjudication"
"C18-18.1-003","UX / Presentation Requirement","UX / Presentation Requirement","Block 4 — §18.1 table mapping (Row validation → On row).","UI / UX","DX OSE Governance Review (Gate A FINAL)","2026-06-27T15:50:18Z","Gate A FINAL adjudication"
"C18-18.1-004","UX / Presentation Requirement","UX / Presentation Requirement","Block 4 — §18.1 table mapping (Document validation → Summary banner).","UI / UX","DX OSE Governance Review (Gate A FINAL)","2026-06-27T15:50:18Z","Gate A FINAL adjudication"
"C18-18.1-005","UX / Presentation Requirement","UX / Presentation Requirement","Block 4 — §18.1 table mapping (Confirmation → Dialog and is not validation).","UI / UX","DX OSE Governance Review (Gate A FINAL)","2026-06-27T15:50:18Z","Gate A FINAL adjudication"
"C18-18.1-006","UX / Presentation Requirement","UX / Presentation Requirement","Block 4 — §18.1 table mapping (Success → governed by Chapter 20).","UI / UX","DX OSE Governance Review (Gate A FINAL)","2026-06-27T15:50:18Z","Gate A FINAL adjudication"
"C18-18.1-007","UX / Presentation Requirement","UX / Presentation Requirement","Block 4 — §18.1 table mapping (System failure → governed by Chapter 19).","UI / UX","DX OSE Governance Review (Gate A FINAL)","2026-06-27T15:50:18Z","Gate A FINAL adjudication"
"C18-18.2-001","UX / Presentation Requirement","UX / Presentation Requirement","§18.2 validation UX rule.","UI / UX","DX OSE Governance Review (Gate A FINAL)","2026-06-27T15:50:18Z","Gate A FINAL adjudication"
"C18-18.2-002","UX / Presentation Requirement","Product Enforceable Requirement","§18.2 validation rule — product/UI/runtime.","Multiple","DX OSE Governance Review (Gate A FINAL)","2026-06-27T15:50:18Z","Gate A FINAL adjudication"
"C18-18.2-003","UX / Presentation Requirement","UX / Presentation Requirement","Ask review — §18.2 validation rule split.","UI / UX","DX OSE Governance Review (Gate A FINAL)","2026-06-27T15:50:18Z","Gate A FINAL adjudication"
"C18-18.2-003b","UX / Presentation Requirement","UX / Presentation Requirement","Ask review — §18.2 validation rule split.","UI / UX","DX OSE Governance Review (Gate A FINAL)","2026-06-27T15:50:18Z","Gate A FINAL adjudication"
"C18-18.2-004","UX / Presentation Requirement","Product Enforceable Requirement","§18.2 validation rule — product/UI/runtime.","Multiple","DX OSE Governance Review (Gate A FINAL)","2026-06-27T15:50:18Z","Gate A FINAL adjudication"
"C18-18.2-005","UX / Presentation Requirement","Product Enforceable Requirement","Ask review — §18.2 validation rule split.","Multiple","DX OSE Governance Review (Gate A FINAL)","2026-06-27T15:50:18Z","Gate A FINAL adjudication"
"C18-18.2-005b","Product Enforceable Requirement","Product Enforceable Requirement","Ask review — §18.2 validation rule split.","Multiple","DX OSE Governance Review (Gate A FINAL)","2026-06-27T15:50:18Z","Gate A FINAL adjudication"
"C18-18.2-006","UX / Presentation Requirement","Product Enforceable Requirement","§18.2 validation rule — product/runtime.","Multiple","DX OSE Governance Review (Gate A FINAL)","2026-06-27T15:50:18Z","Gate A FINAL adjudication"
"C18-18.2-007","UX / Presentation Requirement","Product Enforceable Requirement","§18.2 validation rule — product/UI/runtime.","Multiple","DX OSE Governance Review (Gate A FINAL)","2026-06-27T15:50:18Z","Gate A FINAL adjudication"
"C18-18.2-008","UX / Presentation Requirement","Product Enforceable Requirement","Ask review — §18.2 validation rule split.","Multiple","DX OSE Governance Review (Gate A FINAL)","2026-06-27T15:50:18Z","Gate A FINAL adjudication"
"C18-18.2-008b","Product Enforceable Requirement","Product Enforceable Requirement","Ask review — §18.2 validation rule split.","Multiple","DX OSE Governance Review (Gate A FINAL)","2026-06-27T15:50:18Z","Gate A FINAL adjudication"
"C18-18.2-009","UX / Presentation Requirement","Product Enforceable Requirement","§18.2 validation rule — product/UI/runtime.","Multiple","DX OSE Governance Review (Gate A FINAL)","2026-06-27T15:50:18Z","Gate A FINAL adjudication"
"C18-18.2-010","UX / Presentation Requirement","Product Enforceable Requirement","Ask review — §18.2 validation rule split.","Multiple","DX OSE Governance Review (Gate A FINAL)","2026-06-27T15:50:18Z","Gate A FINAL adjudication"
"C18-18.2-010b","Product Enforceable Requirement","Product Enforceable Requirement","Ask review — §18.2 validation rule split.","Multiple","DX OSE Governance Review (Gate A FINAL)","2026-06-27T15:50:18Z","Gate A FINAL adjudication"
"C18-18.2-011","Product Enforceable Requirement","Product Enforceable Requirement","§18.2 no duplicated error channels.","Multiple","DX OSE Governance Review (Gate A FINAL)","2026-06-27T15:50:18Z","Gate A FINAL adjudication"
"C18-18.3-001","Out of Scope","Out of Scope","Governance approved: Out of Scope.","N/A","DX OSE Governance Review (Gate A FINAL)","2026-06-27T15:50:18Z","Gate A FINAL adjudication"
"C19-19.1-001","Descriptive Context","Descriptive Context","Descriptive context approved.","N/A","DX OSE Governance Review (Gate A FINAL)","2026-06-27T15:50:18Z","Gate A FINAL adjudication"
"C19-19.2-001","Descriptive Context","Descriptive Context","Descriptive context approved.","N/A","DX OSE Governance Review (Gate A FINAL)","2026-06-27T15:50:18Z","Gate A FINAL adjudication"
"C19-19.2-002","Descriptive Context","Product Enforceable Requirement","No duplicate error channels.","Multiple","DX OSE Governance Review (Gate A FINAL)","2026-06-27T15:50:18Z","Gate A FINAL adjudication"
"C19-19.3-001","Descriptive Context","Descriptive Context","Descriptive context approved.","N/A","DX OSE Governance Review (Gate A FINAL)","2026-06-27T15:50:18Z","Gate A FINAL adjudication"
"C19-19.3-002","Product Enforceable Requirement","Product Enforceable Requirement","Product enforceable requirement approved.","Multiple","DX OSE Governance Review (Gate A FINAL)","2026-06-27T15:50:18Z","Gate A FINAL adjudication"
"C19-19.4-001","Descriptive Context","Descriptive Context","Descriptive context approved.","N/A","DX OSE Governance Review (Gate A FINAL)","2026-06-27T15:50:18Z","Gate A FINAL adjudication"
"C19-19.4-002","Governance Definition","Governance Definition","Governance definition approved.","Governance Documentation","DX OSE Governance Review (Gate A FINAL)","2026-06-27T15:50:18Z","Gate A FINAL adjudication"
"C19-19.5-001","Descriptive Context","Descriptive Context","Descriptive context approved.","N/A","DX OSE Governance Review (Gate A FINAL)","2026-06-27T15:50:18Z","Gate A FINAL adjudication"
"C19-19.5-002","Descriptive Context","Descriptive Context","Descriptive context approved.","N/A","DX OSE Governance Review (Gate A FINAL)","2026-06-27T15:50:18Z","Gate A FINAL adjudication"
"C19-19.6-001","Descriptive Context","Descriptive Context","Descriptive context approved.","N/A","DX OSE Governance Review (Gate A FINAL)","2026-06-27T15:50:18Z","Gate A FINAL adjudication"
"C19-19.7-001","Descriptive Context","UX / Presentation Requirement","Error focus and assistive technology.","UI / UX","DX OSE Governance Review (Gate A FINAL)","2026-06-27T15:50:18Z","Gate A FINAL adjudication"
"C20-20.1-001","Descriptive Context","Descriptive Context","Descriptive context approved.","N/A","DX OSE Governance Review (Gate A FINAL)","2026-06-27T15:50:18Z","Gate A FINAL adjudication"
"C20-20.2-001","Descriptive Context","Descriptive Context","Descriptive context approved.","N/A","DX OSE Governance Review (Gate A FINAL)","2026-06-27T15:50:18Z","Gate A FINAL adjudication"
"C20-20.3-001","Descriptive Context","Descriptive Context","Descriptive context approved.","N/A","DX OSE Governance Review (Gate A FINAL)","2026-06-27T15:50:18Z","Gate A FINAL adjudication"
"C20-20.4-001","Descriptive Context","Descriptive Context","Descriptive context approved.","N/A","DX OSE Governance Review (Gate A FINAL)","2026-06-27T15:50:18Z","Gate A FINAL adjudication"
"C20-20.4-002","Descriptive Context","Descriptive Context","Descriptive context approved.","N/A","DX OSE Governance Review (Gate A FINAL)","2026-06-27T15:50:18Z","Gate A FINAL adjudication"
"C20-20.5-001","Descriptive Context","Product Enforceable Requirement","Must not notify for inaccessible documents.","Runtime Behavior","DX OSE Governance Review (Gate A FINAL)","2026-06-27T15:50:18Z","Gate A FINAL adjudication"
"C20-20.6-001","Descriptive Context","Descriptive Context","Descriptive context approved.","N/A","DX OSE Governance Review (Gate A FINAL)","2026-06-27T15:50:18Z","Gate A FINAL adjudication"
"C21-21.1-001","Governance Definition","Governance Definition","Governance definition approved.","Governance Documentation","DX OSE Governance Review (Gate A FINAL)","2026-06-27T15:50:18Z","Gate A FINAL adjudication"
"C21-21.2-001","Descriptive Context","Descriptive Context","Descriptive context approved.","N/A","DX OSE Governance Review (Gate A FINAL)","2026-06-27T15:50:18Z","Gate A FINAL adjudication"
"C21-21.2-002","Descriptive Context","Product Enforceable Requirement","Must not block entire application.","UI / UX","DX OSE Governance Review (Gate A FINAL)","2026-06-27T15:50:18Z","Gate A FINAL adjudication"
"C21-21.3-001","Product Enforceable Requirement","Product Enforceable Requirement","Product enforceable requirement approved.","Multiple","DX OSE Governance Review (Gate A FINAL)","2026-06-27T15:50:18Z","Gate A FINAL adjudication"
"C21-21.4-001","Strong Recommendation","Strong Recommendation","Strong recommendation approved.","UI / UX","DX OSE Governance Review (Gate A FINAL)","2026-06-27T15:50:18Z","Gate A FINAL adjudication"
"C21-21.4-002","Strong Recommendation","Strong Recommendation","Strong recommendation approved.","UI / UX","DX OSE Governance Review (Gate A FINAL)","2026-06-27T15:50:18Z","Gate A FINAL adjudication"
"C21-21.5-001","Out of Scope","Out of Scope","Governance approved: Out of Scope.","N/A","DX OSE Governance Review (Gate A FINAL)","2026-06-27T15:50:18Z","Gate A FINAL adjudication"
"C22-22.1-001","Product Enforceable Requirement","Product Enforceable Requirement","Block 3 — §22.1 unified audit timestamp obligation.","Multiple","DX OSE Governance Review (Gate A FINAL)","2026-06-27T15:50:18Z","Gate A FINAL adjudication"
"C22-22.2-001","Product Enforceable Requirement","Product Enforceable Requirement","§22.2 audit record generation.","Multiple","DX OSE Governance Review (Gate A FINAL)","2026-06-27T15:50:18Z","Gate A FINAL adjudication"
"C22-22.3-001","Product Enforceable Requirement","Product Enforceable Requirement","§22.3 timeline/audit immutability rule.","Database Integrity","DX OSE Governance Review (Gate A FINAL)","2026-06-27T15:50:18Z","Gate A FINAL adjudication"
"C22-22.3-002","Product Enforceable Requirement","Product Enforceable Requirement","§22.3 timeline/audit immutability rule.","Database Integrity","DX OSE Governance Review (Gate A FINAL)","2026-06-27T15:50:18Z","Gate A FINAL adjudication"
"C22-22.3-003","Product Enforceable Requirement","Product Enforceable Requirement","§22.3 timeline/audit immutability rule.","Database Integrity","DX OSE Governance Review (Gate A FINAL)","2026-06-27T15:50:18Z","Gate A FINAL adjudication"
"C22-22.3-004","Product Enforceable Requirement","Product Enforceable Requirement","§22.3 timeline filtering without mutation.","Runtime Behavior","DX OSE Governance Review (Gate A FINAL)","2026-06-27T15:50:18Z","Gate A FINAL adjudication"
"C22-22.3-005","Product Enforceable Requirement","Product Enforceable Requirement","§22.3 concurrency conflict audit.","Multiple","DX OSE Governance Review (Gate A FINAL)","2026-06-27T15:50:18Z","Gate A FINAL adjudication"
"C22-22.4-001","Product Enforceable Requirement","Product Enforceable Requirement","§22 audit requirement.","Multiple","DX OSE Governance Review (Gate A FINAL)","2026-06-27T15:50:18Z","Gate A FINAL adjudication"
"C23-23.1-001","UX / Presentation Requirement","UX / Presentation Requirement","§23 lookup governance rule.","UI / UX","DX OSE Governance Review (Gate A FINAL)","2026-06-27T15:50:18Z","Gate A FINAL adjudication"
"C23-23.2-001","UX / Presentation Requirement","UX / Presentation Requirement","§23 lookup standard.","UI / UX","DX OSE Governance Review (Gate A FINAL)","2026-06-27T15:50:18Z","Gate A FINAL adjudication"
"C23-23.3-001","UX / Presentation Requirement","UX / Presentation Requirement","§23 lookup governance rule.","UI / UX","DX OSE Governance Review (Gate A FINAL)","2026-06-27T15:50:18Z","Gate A FINAL adjudication"
"C23-23.3-002","UX / Presentation Requirement","UX / Presentation Requirement","§23 lookup governance rule.","UI / UX","DX OSE Governance Review (Gate A FINAL)","2026-06-27T15:50:18Z","Gate A FINAL adjudication"
"C23-23.3-003","UX / Presentation Requirement","UX / Presentation Requirement","§23 lookup governance rule.","UI / UX","DX OSE Governance Review (Gate A FINAL)","2026-06-27T15:50:18Z","Gate A FINAL adjudication"
"C23-23.3-004","UX / Presentation Requirement","UX / Presentation Requirement","§23 lookup governance rule.","UI / UX","DX OSE Governance Review (Gate A FINAL)","2026-06-27T15:50:18Z","Gate A FINAL adjudication"
"C23-23.4-001","UX / Presentation Requirement","UX / Presentation Requirement","§23 lookup governance rule.","UI / UX","DX OSE Governance Review (Gate A FINAL)","2026-06-27T15:50:18Z","Gate A FINAL adjudication"
"C23-23.4-002","UX / Presentation Requirement","UX / Presentation Requirement","§23 lookup governance rule.","UI / UX","DX OSE Governance Review (Gate A FINAL)","2026-06-27T15:50:18Z","Gate A FINAL adjudication"
"C23-23.4-003","UX / Presentation Requirement","UX / Presentation Requirement","§23 lookup governance rule.","UI / UX","DX OSE Governance Review (Gate A FINAL)","2026-06-27T15:50:18Z","Gate A FINAL adjudication"
"C23-23.4-004","UX / Presentation Requirement","UX / Presentation Requirement","§23 lookup governance rule.","UI / UX","DX OSE Governance Review (Gate A FINAL)","2026-06-27T15:50:18Z","Gate A FINAL adjudication"
"C23-23.5-001","UX / Presentation Requirement","UX / Presentation Requirement","§23 lookup standard.","UI / UX","DX OSE Governance Review (Gate A FINAL)","2026-06-27T15:50:18Z","Gate A FINAL adjudication"
"C23-23.6-001","UX / Presentation Requirement","UX / Presentation Requirement","§23 lookup governance rule.","UI / UX","DX OSE Governance Review (Gate A FINAL)","2026-06-27T15:50:18Z","Gate A FINAL adjudication"
"C23-23.6-002","UX / Presentation Requirement","Product Enforceable Requirement","Tenant isolation.","Database Integrity","DX OSE Governance Review (Gate A FINAL)","2026-06-27T15:50:18Z","Gate A FINAL adjudication"
"C23-23.6-003","UX / Presentation Requirement","UX / Presentation Requirement","§23 lookup governance rule.","UI / UX","DX OSE Governance Review (Gate A FINAL)","2026-06-27T15:50:18Z","Gate A FINAL adjudication"
"C23-23.6-004","UX / Presentation Requirement","UX / Presentation Requirement","§23 lookup governance rule.","UI / UX","DX OSE Governance Review (Gate A FINAL)","2026-06-27T15:50:18Z","Gate A FINAL adjudication"
"C23-23.7-001","Out of Scope","Out of Scope","Governance approved: Out of Scope.","N/A","DX OSE Governance Review (Gate A FINAL)","2026-06-27T15:50:18Z","Gate A FINAL adjudication"
"C24-24.1-001","UX / Presentation Requirement","UX / Presentation Requirement","§24 workspace/responsive UX rule.","UI / UX","DX OSE Governance Review (Gate A FINAL)","2026-06-27T15:50:18Z","Gate A FINAL adjudication"
"C24-24.1-002","UX / Presentation Requirement","Out of Scope","Mobile/tablet entry out of scope v2.0.","N/A","DX OSE Governance Review (Gate A FINAL)","2026-06-27T15:50:18Z","Gate A FINAL adjudication"
"C24-24.2-001","UX / Presentation Requirement","UX / Presentation Requirement","§24 workspace/responsive UX rule.","UI / UX","DX OSE Governance Review (Gate A FINAL)","2026-06-27T15:50:18Z","Gate A FINAL adjudication"
"C24-24.2-002","UX / Presentation Requirement","UX / Presentation Requirement","§24 workspace/responsive UX rule.","UI / UX","DX OSE Governance Review (Gate A FINAL)","2026-06-27T15:50:18Z","Gate A FINAL adjudication"
"C24-24.2-003","UX / Presentation Requirement","UX / Presentation Requirement","§24 workspace/responsive UX rule.","UI / UX","DX OSE Governance Review (Gate A FINAL)","2026-06-27T15:50:18Z","Gate A FINAL adjudication"
"C24-24.3-001","UX / Presentation Requirement","QA / Release Requirement","§24 QA/responsive test requirement.","QA / Release Gate","DX OSE Governance Review (Gate A FINAL)","2026-06-27T15:50:18Z","Gate A FINAL adjudication"
"C24-24.3-002","UX / Presentation Requirement","Descriptive Context","150% best effort — not release gate.","N/A","DX OSE Governance Review (Gate A FINAL)","2026-06-27T15:50:18Z","Gate A FINAL adjudication"
"C24-24.4-001","UX / Presentation Requirement","UX / Presentation Requirement","§24 workspace/responsive UX rule.","UI / UX","DX OSE Governance Review (Gate A FINAL)","2026-06-27T15:50:18Z","Gate A FINAL adjudication"
"C24-24.4-002","UX / Presentation Requirement","UX / Presentation Requirement","§24 workspace/responsive UX rule.","UI / UX","DX OSE Governance Review (Gate A FINAL)","2026-06-27T15:50:18Z","Gate A FINAL adjudication"
"C24-24.4-003","UX / Presentation Requirement","UX / Presentation Requirement","§24 workspace/responsive UX rule.","UI / UX","DX OSE Governance Review (Gate A FINAL)","2026-06-27T15:50:18Z","Gate A FINAL adjudication"
"C24-24.4-004","UX / Presentation Requirement","UX / Presentation Requirement","§24 workspace/responsive UX rule.","UI / UX","DX OSE Governance Review (Gate A FINAL)","2026-06-27T15:50:18Z","Gate A FINAL adjudication"
"C24-24.4-005","UX / Presentation Requirement","UX / Presentation Requirement","§24 workspace/responsive UX rule.","UI / UX","DX OSE Governance Review (Gate A FINAL)","2026-06-27T15:50:18Z","Gate A FINAL adjudication"
"C24-24.5-001","UX / Presentation Requirement","UX / Presentation Requirement","§24 workspace/responsive UX rule.","UI / UX","DX OSE Governance Review (Gate A FINAL)","2026-06-27T15:50:18Z","Gate A FINAL adjudication"
"C24-24.5-002","UX / Presentation Requirement","UX / Presentation Requirement","§24 workspace/responsive UX rule.","UI / UX","DX OSE Governance Review (Gate A FINAL)","2026-06-27T15:50:18Z","Gate A FINAL adjudication"
"C24-24.5-003","UX / Presentation Requirement","UX / Presentation Requirement","§24 workspace/responsive UX rule.","UI / UX","DX OSE Governance Review (Gate A FINAL)","2026-06-27T15:50:18Z","Gate A FINAL adjudication"
"C24-24.6-001","UX / Presentation Requirement","QA / Release Requirement","§24 QA/responsive test requirement.","QA / Release Gate","DX OSE Governance Review (Gate A FINAL)","2026-06-27T15:50:18Z","Gate A FINAL adjudication"
"C24-24.6-002","UX / Presentation Requirement","QA / Release Requirement","DoD responsive test matrix.","QA / Release Gate","DX OSE Governance Review (Gate A FINAL)","2026-06-27T15:50:18Z","Gate A FINAL adjudication"
"C24-24.7-001","UX / Presentation Requirement","UX / Presentation Requirement","§24 workspace/responsive UX rule.","UI / UX","DX OSE Governance Review (Gate A FINAL)","2026-06-27T15:50:18Z","Gate A FINAL adjudication"
"C25-25.1-001","UX / Presentation Requirement","UX / Presentation Requirement","§25 document layout UX rule.","UI / UX","DX OSE Governance Review (Gate A FINAL)","2026-06-27T15:50:18Z","Gate A FINAL adjudication"
"C25-25.1-002","UX / Presentation Requirement","UX / Presentation Requirement","§25 document layout UX rule.","UI / UX","DX OSE Governance Review (Gate A FINAL)","2026-06-27T15:50:18Z","Gate A FINAL adjudication"
"C25-25.2-001","UX / Presentation Requirement","UX / Presentation Requirement","§25 document layout UX rule.","UI / UX","DX OSE Governance Review (Gate A FINAL)","2026-06-27T15:50:18Z","Gate A FINAL adjudication"
"C25-25.2-002","UX / Presentation Requirement","UX / Presentation Requirement","§25 document layout UX rule.","UI / UX","DX OSE Governance Review (Gate A FINAL)","2026-06-27T15:50:18Z","Gate A FINAL adjudication"
"C25-25.2-003","UX / Presentation Requirement","Product Enforceable Requirement","Must not invent unrelated layouts.","UI / UX","DX OSE Governance Review (Gate A FINAL)","2026-06-27T15:50:18Z","Gate A FINAL adjudication"
"C25-25.2-004","UX / Presentation Requirement","Product Enforceable Requirement","Must declare and follow one archetype.","UI / UX","DX OSE Governance Review (Gate A FINAL)","2026-06-27T15:50:18Z","Gate A FINAL adjudication"
"C25-25.3-001","UX / Presentation Requirement","UX / Presentation Requirement","§25 document layout UX rule.","UI / UX","DX OSE Governance Review (Gate A FINAL)","2026-06-27T15:50:18Z","Gate A FINAL adjudication"
"C25-25.4-001","UX / Presentation Requirement","Strong Recommendation","Should remain accessible per archetype.","UI / UX","DX OSE Governance Review (Gate A FINAL)","2026-06-27T15:50:18Z","Gate A FINAL adjudication"
"C25-25.5-001","UX / Presentation Requirement","UX / Presentation Requirement","§25 document layout UX rule.","UI / UX","DX OSE Governance Review (Gate A FINAL)","2026-06-27T15:50:18Z","Gate A FINAL adjudication"
"C25-25.5-002","UX / Presentation Requirement","UX / Presentation Requirement","§25 document layout UX rule.","UI / UX","DX OSE Governance Review (Gate A FINAL)","2026-06-27T15:50:18Z","Gate A FINAL adjudication"
"C25-25.6-001","UX / Presentation Requirement","UX / Presentation Requirement","§25 document layout UX rule.","UI / UX","DX OSE Governance Review (Gate A FINAL)","2026-06-27T15:50:18Z","Gate A FINAL adjudication"
"C25-25.7-001","UX / Presentation Requirement","UX / Presentation Requirement","§25 document layout UX rule.","UI / UX","DX OSE Governance Review (Gate A FINAL)","2026-06-27T15:50:18Z","Gate A FINAL adjudication"
"C25-25.8-001","Out of Scope","Out of Scope","Governance approved: Out of Scope.","N/A","DX OSE Governance Review (Gate A FINAL)","2026-06-27T15:50:18Z","Gate A FINAL adjudication"
"C26-26.2-001","Product Enforceable Requirement","Product Enforceable Requirement","§26 print/export authorization rule.","Multiple","DX OSE Governance Review (Gate A FINAL)","2026-06-27T15:50:18Z","Gate A FINAL adjudication"
"C26-26.2-002","Product Enforceable Requirement","Product Enforceable Requirement","§26 print/export authorization rule.","Multiple","DX OSE Governance Review (Gate A FINAL)","2026-06-27T15:50:18Z","Gate A FINAL adjudication"
"C26-26.3-001","Product Enforceable Requirement","Product Enforceable Requirement","§26 print/export authorization rule.","Multiple","DX OSE Governance Review (Gate A FINAL)","2026-06-27T15:50:18Z","Gate A FINAL adjudication"
"C26-26.3-002","Product Enforceable Requirement","Product Enforceable Requirement","§26 print/export authorization rule.","Multiple","DX OSE Governance Review (Gate A FINAL)","2026-06-27T15:50:18Z","Gate A FINAL adjudication"
"C26-26.4-001","Product Enforceable Requirement","Product Enforceable Requirement","§26 sensitive print/export rule.","Multiple","DX OSE Governance Review (Gate A FINAL)","2026-06-27T15:50:18Z","Gate A FINAL adjudication"
"C26-26.5-001","Product Enforceable Requirement","Optional Capability","May be allowed with unofficial marking.","Runtime Behavior","DX OSE Governance Review (Gate A FINAL)","2026-06-27T15:50:18Z","Gate A FINAL adjudication"
"C26-26.6-001","Product Enforceable Requirement","Strong Recommendation","Should log sensitive document print.","Runtime Behavior","DX OSE Governance Review (Gate A FINAL)","2026-06-27T15:50:18Z","Gate A FINAL adjudication"
"C26-26.7-001","Product Enforceable Requirement","Strong Recommendation","Should support Arabic and English.","UI / UX","DX OSE Governance Review (Gate A FINAL)","2026-06-27T15:50:18Z","Gate A FINAL adjudication"
"C27-27.1-001","Product Enforceable Requirement","Product Enforceable Requirement","§27 performance principle.","Runtime Behavior","DX OSE Governance Review (Gate A FINAL)","2026-06-27T15:50:18Z","Gate A FINAL adjudication"
"C27-27.1-002","Product Enforceable Requirement","Product Enforceable Requirement","§27 performance principle.","Runtime Behavior","DX OSE Governance Review (Gate A FINAL)","2026-06-27T15:50:18Z","Gate A FINAL adjudication"
"C27-27.1-003","Product Enforceable Requirement","Product Enforceable Requirement","§27 performance principle.","Runtime Behavior","DX OSE Governance Review (Gate A FINAL)","2026-06-27T15:50:18Z","Gate A FINAL adjudication"
"C27-27.1-004","Product Enforceable Requirement","Product Enforceable Requirement","§27 performance principle.","Runtime Behavior","DX OSE Governance Review (Gate A FINAL)","2026-06-27T15:50:18Z","Gate A FINAL adjudication"
"C27-27.2-001","Product Enforceable Requirement","Product Enforceable Requirement","§27 performance principle.","Runtime Behavior","DX OSE Governance Review (Gate A FINAL)","2026-06-27T15:50:18Z","Gate A FINAL adjudication"
"C27-27.2-002","Product Enforceable Requirement","QA / Release Requirement","Performance metrics in QA acceptance criteria.","QA / Release Gate","DX OSE Governance Review (Gate A FINAL)","2026-06-27T15:50:18Z","Gate A FINAL adjudication"
"C28-28.1-001","UX / Presentation Requirement","UX / Presentation Requirement","§28 accessibility UX rule.","UI / UX","DX OSE Governance Review (Gate A FINAL)","2026-06-27T15:50:18Z","Gate A FINAL adjudication"
"C28-28.1-002","UX / Presentation Requirement","UX / Presentation Requirement","§28 accessibility UX rule.","UI / UX","DX OSE Governance Review (Gate A FINAL)","2026-06-27T15:50:18Z","Gate A FINAL adjudication"
"C28-28.1-003","UX / Presentation Requirement","UX / Presentation Requirement","§28 accessibility UX rule.","UI / UX","DX OSE Governance Review (Gate A FINAL)","2026-06-27T15:50:18Z","Gate A FINAL adjudication"
"C28-28.1-004","UX / Presentation Requirement","QA / Release Requirement","§28 accessibility QA gate.","QA / Release Gate","DX OSE Governance Review (Gate A FINAL)","2026-06-27T15:50:18Z","Gate A FINAL adjudication"
"C28-28.2-001","UX / Presentation Requirement","QA / Release Requirement","§28 accessibility QA gate.","QA / Release Gate","DX OSE Governance Review (Gate A FINAL)","2026-06-27T15:50:18Z","Gate A FINAL adjudication"
"C28-28.3-001","UX / Presentation Requirement","UX / Presentation Requirement","§28 accessibility UX rule.","UI / UX","DX OSE Governance Review (Gate A FINAL)","2026-06-27T15:50:18Z","Gate A FINAL adjudication"
"C28-28.4-001","UX / Presentation Requirement","UX / Presentation Requirement","§28 accessibility UX rule.","UI / UX","DX OSE Governance Review (Gate A FINAL)","2026-06-27T15:50:18Z","Gate A FINAL adjudication"
"C28-28.5-001","Out of Scope","Out of Scope","Governance approved: Out of Scope.","N/A","DX OSE Governance Review (Gate A FINAL)","2026-06-27T15:50:18Z","Gate A FINAL adjudication"
"C29-29.1-001","Governance Process Requirement","Governance Process Requirement","§29 compliance process.","Governance Process","DX OSE Governance Review (Gate A FINAL)","2026-06-27T15:50:18Z","Gate A FINAL adjudication"
"C29-29.2-001","Governance Process Requirement","Governance Definition","Fully Compliant compliance level label.","Governance Process","DX OSE Governance Review (Gate A FINAL)","2026-06-27T15:50:18Z","Gate A FINAL adjudication"
"C29-29.2-002","Governance Process Requirement","QA / Release Requirement","Partially Compliant release level.","QA / Release Gate","DX OSE Governance Review (Gate A FINAL)","2026-06-27T15:50:18Z","Gate A FINAL adjudication"
"C29-29.2-003","Governance Process Requirement","QA / Release Requirement","Non-Compliant — not releasable without waiver.","QA / Release Gate","DX OSE Governance Review (Gate A FINAL)","2026-06-27T15:50:18Z","Gate A FINAL adjudication"
"C29-29.3-001","Governance Process Requirement","Governance Process Requirement","§29 compliance process.","Governance Process","DX OSE Governance Review (Gate A FINAL)","2026-06-27T15:50:18Z","Gate A FINAL adjudication"
"C29-29.5-001","Governance Process Requirement","Governance Process Requirement","§29 compliance process.","Governance Process","DX OSE Governance Review (Gate A FINAL)","2026-06-27T15:50:18Z","Gate A FINAL adjudication"
"C29-29.6-001","Governance Process Requirement","Governance Process Requirement","§29 compliance process.","Governance Process","DX OSE Governance Review (Gate A FINAL)","2026-06-27T15:50:18Z","Gate A FINAL adjudication"
"C29-29.6-002","Governance Process Requirement","Governance Process Requirement","§29 compliance process.","Governance Process","DX OSE Governance Review (Gate A FINAL)","2026-06-27T15:50:18Z","Gate A FINAL adjudication"
"C29-29.7-001","Governance Process Requirement","Governance Process Requirement","§29 compliance process.","Governance Process","DX OSE Governance Review (Gate A FINAL)","2026-06-27T15:50:18Z","Gate A FINAL adjudication"
"C29-29.7-002","Governance Process Requirement","Governance Process Requirement","§29 compliance process.","Governance Process","DX OSE Governance Review (Gate A FINAL)","2026-06-27T15:50:18Z","Gate A FINAL adjudication"
"C29-29.8-001","Governance Process Requirement","Governance Process Requirement","§29 compliance process.","Governance Process","DX OSE Governance Review (Gate A FINAL)","2026-06-27T15:50:18Z","Gate A FINAL adjudication"
"C29-29.8-002","Governance Process Requirement","Governance Process Requirement","§29 compliance process.","Governance Process","DX OSE Governance Review (Gate A FINAL)","2026-06-27T15:50:18Z","Gate A FINAL adjudication"
"C29-29.8-003","Governance Process Requirement","Governance Process Requirement","§29 compliance process.","Governance Process","DX OSE Governance Review (Gate A FINAL)","2026-06-27T15:50:18Z","Gate A FINAL adjudication"
"CA-A-001","Reference Index","Reference Index","Governance approved: Reference Index.","Governance Documentation","DX OSE Governance Review (Gate A FINAL)","2026-06-27T15:50:18Z","Gate A FINAL adjudication"
"CA-A-002","Reference Index","Reference Index","Governance approved: Reference Index.","Governance Documentation","DX OSE Governance Review (Gate A FINAL)","2026-06-27T15:50:18Z","Gate A FINAL adjudication"
"CA-A-003","Reference Index","Reference Index","Governance approved: Reference Index.","Governance Documentation","DX OSE Governance Review (Gate A FINAL)","2026-06-27T15:50:18Z","Gate A FINAL adjudication"
"CA-A-004","Reference Index","Reference Index","Governance approved: Reference Index.","Governance Documentation","DX OSE Governance Review (Gate A FINAL)","2026-06-27T15:50:18Z","Gate A FINAL adjudication"
"CA-A-005","Reference Index","Reference Index","Governance approved: Reference Index.","Governance Documentation","DX OSE Governance Review (Gate A FINAL)","2026-06-27T15:50:18Z","Gate A FINAL adjudication"
"CA-A-006","Reference Index","Reference Index","Governance approved: Reference Index.","Governance Documentation","DX OSE Governance Review (Gate A FINAL)","2026-06-27T15:50:18Z","Gate A FINAL adjudication"
"CA-A-007","Reference Index","Reference Index","Governance approved: Reference Index.","Governance Documentation","DX OSE Governance Review (Gate A FINAL)","2026-06-27T15:50:18Z","Gate A FINAL adjudication"
"CA-A-008","Reference Index","Reference Index","Governance approved: Reference Index.","Governance Documentation","DX OSE Governance Review (Gate A FINAL)","2026-06-27T15:50:18Z","Gate A FINAL adjudication"
"CA-A-009","Reference Index","Reference Index","Governance approved: Reference Index.","Governance Documentation","DX OSE Governance Review (Gate A FINAL)","2026-06-27T15:50:18Z","Gate A FINAL adjudication"
"CB-B-002","Excluded Pending Ratification","Excluded Pending Ratification","Governance approved: Excluded Pending Ratification.","Governance Documentation","DX OSE Governance Review (Gate A FINAL)","2026-06-27T15:50:18Z","Gate A FINAL adjudication"
