"fresh_id","pdf_page","pdf_page_start","pdf_page_end","part","chapter_num","chapter_title","section","source_span_id","exact_pdf_source_text","source_context_text","normalized_atomic_clause","strength_classification","category_bucket","atomicity_status","atomicity_justification","semantic_review_status","semantic_review_reason","semantic_reviewer","product_gap_applicability","applies_to","related_sections","verification_type","extraction_note"
"C1-1.1-001","11","11","11","Part 0 — Authority","1","Authority & Hierarchy","1.1","SP-C1-1.1-e901ee51","This Constitution establishes the governing principles, policies, standards, and mandatory rules for the DX OSE Enterprise ERP Platform.","","This Constitution establishes the governing principles, policies, standards, and mandatory rules for the DX OSE Enterprise ERP Platform.","Descriptive","Descriptive Context","atomic","","Manual Reviewed — Confirmed","Descriptive context — no product modal operator.","gate-a.2-semantic-engine","No","Platform","","Documentation",""
"C1-1.1-002","11","11","11","Part 0 — Authority","1","Authority & Hierarchy","1.1","SP-C1-1.1-59fbc329","It defines what the platform must do from a governance perspective.","","It defines what the platform must do from a governance perspective.","Explicit Must","Product Enforceable Requirement","atomic","","Manual Reviewed — Confirmed","Explicit must modal.","gate-a.2-semantic-engine","Yes","Platform","","Code / Runtime / UI",""
"C1-1.1-003","11","11","11","Part 0 — Authority","1","Authority & Hierarchy","1.1","SP-C1-1.1-145f2341","It is technology-neutral and shall remain valid regardless of changes to frontend, backend, database, or integration technologies.","","It is technology-neutral and shall remain valid regardless of changes to frontend, backend, database, or integration technologies.","Explicit Shall","Product Enforceable Requirement","atomic","","Manual Reviewed — Confirmed","Explicit shall modal.","gate-a.2-semantic-engine","Yes","Platform","","Code / Runtime / UI",""
"C1-1.1-004","11","11","11","Part 0 — Authority","1","Authority & Hierarchy","1.1","SP-C1-1.1-76481ec9","This Constitution is the Single Source of Truth (SSOT) for governance across the DX OSE ERP Platform.","","This Constitution is the Single Source of Truth (SSOT) for governance across the DX OSE ERP Platform.","Descriptive","Descriptive Context","atomic","","Manual Reviewed — Confirmed","Descriptive context — no product modal operator.","gate-a.2-semantic-engine","No","Platform","","Documentation",""
"C1-1.1-005","11","11","11","Part 0 — Authority","1","Authority & Hierarchy","1.1","SP-C1-1.1-b3d8aae9","All subordinate governance, UX, workflow, access control, and implementation documents shall conform to this Constitution.","","All subordinate governance, UX, workflow, access control, and implementation documents shall conform to this Constitution.","Explicit Shall","Product Enforceable Requirement","atomic","","Manual Reviewed — Confirmed","Explicit shall modal.","gate-a.2-semantic-engine","Yes","Platform","","Code / Runtime / UI",""
"C1-1.2-001","11","11","11","Part 0 — Authority","1","Authority & Hierarchy","1.2","SP-C1-1.2-c6f717e2","When documents conflict, the higher-level document shall always prevail.","","When documents conflict, the higher-level document shall always prevail.","Explicit Shall","Product Enforceable Requirement","atomic","","Manual Reviewed — Confirmed","Explicit shall modal.","gate-a.2-semantic-engine","Yes","Platform","","Code / Runtime / UI",""
"C1-1.2-002","11","11","11","Part 0 — Authority","1","Authority & Hierarchy","1.2","SP-C1-1.2-fde02db8","No subordinate document may override or contradict this Constitution.","","No subordinate document may override or contradict this Constitution.","Explicit Must Not","Product Enforceable Requirement","atomic","","Manual Reviewed — Confirmed","Prohibition: No ... may ...","gate-a.2-semantic-engine","Yes","Platform","","Code / Runtime / UI",""
"C1-1.2-003","11","11","11","Part 0 — Authority","1","Authority & Hierarchy","1.2","SP-C1-1.2-74e0a241","The official governance library shall maintain, at minimum:","","The official governance library shall maintain, at minimum:","Explicit Shall","Product Enforceable Requirement","atomic","","Manual Reviewed — Confirmed","Explicit shall modal.","gate-a.2-semantic-engine","Yes","Platform","","Code / Runtime / UI",""
"C1-1.2-004","11","11","11","Part 0 — Authority","1","Authority & Hierarchy","1.2","SP-C1-1.2-bba2d65c","● DX OSE Constitution","","● DX OSE Constitution","Governance Definition","Governance Definition","atomic","","Manual Reviewed — Confirmed","§1.2 governance library catalog entry.","gate-a.2-semantic-engine","No","Platform","","Documentation",""
"C1-1.2-005","11","11","11","Part 0 — Authority","1","Authority & Hierarchy","1.2","SP-C1-1.2-a9fe56ca","● DX OSE UX Constitution","","● DX OSE UX Constitution","Governance Definition","Governance Definition","atomic","","Manual Reviewed — Confirmed","§1.2 governance library catalog entry.","gate-a.2-semantic-engine","No","Platform","","Documentation",""
"C1-1.2-006","11","11","11","Part 0 — Authority","1","Authority & Hierarchy","1.2","SP-C1-1.2-de69d867","● Business Decision Records (BDR)","","● Business Decision Records (BDR)","Governance Definition","Governance Definition","atomic","","Manual Reviewed — Confirmed","§1.2 governance library catalog entry.","gate-a.2-semantic-engine","No","Platform","","Documentation",""
"C1-1.2-007","11","11","11","Part 0 — Authority","1","Authority & Hierarchy","1.2","SP-C1-1.2-16e6a122","● Workflow Contracts","","● Workflow Contracts","Governance Definition","Governance Definition","atomic","","Manual Reviewed — Confirmed","§1.2 governance library catalog entry.","gate-a.2-semantic-engine","No","Platform","","Documentation",""
"C1-1.2-008","11","11","11","Part 0 — Authority","1","Authority & Hierarchy","1.2","SP-C1-1.2-5b27100e","● Access Control Catalog","","● Access Control Catalog","Governance Definition","Governance Definition","atomic","","Manual Reviewed — Confirmed","§1.2 governance library catalog entry.","gate-a.2-semantic-engine","No","Platform","","Documentation",""
"C1-1.2-009","11","11","11","Part 0 — Authority","1","Authority & Hierarchy","1.2","SP-C1-1.2-4a4491d6","● Architecture Guide","","● Architecture Guide","Governance Definition","Governance Definition","atomic","","Manual Reviewed — Confirmed","§1.2 governance library catalog entry.","gate-a.2-semantic-engine","No","Platform","","Documentation",""
"C1-1.2-010","11","11","11","Part 0 — Authority","1","Authority & Hierarchy","1.2","SP-C1-1.2-fc77b8a9","● Implementation Guide","","● Implementation Guide","Governance Definition","Governance Definition","atomic","","Manual Reviewed — Confirmed","§1.2 governance library catalog entry.","gate-a.2-semantic-engine","No","Platform","","Documentation",""
"C1-1.3-001","11","11","11","Part 0 — Authority","1","Authority & Hierarchy","1.3","SP-C1-1.3-ccf0866a","Section 1.3 Four Tiers has been removed in its entirety per Master Review Log ratification.","","Section 1.3 Four Tiers has been removed in its entirety per Master Review Log ratification.","Descriptive","Descriptive Context","atomic","","Manual Reviewed — Confirmed","Descriptive context — no product modal operator.","gate-a.2-semantic-engine","No","Platform","","Documentation",""
"C1-1.3-002","11","11","11","Part 0 — Authority","1","Authority & Hierarchy","1.3","SP-C1-1.3-2d207cb4","This section number is reserved and shall not be reassigned to other content without explicit governance decision.","","This section number is reserved and shall not be reassigned to other content without explicit governance decision.","Explicit Must Not","Product Enforceable Requirement","atomic","","Manual Reviewed — Confirmed","Explicit must/shall not modal.","gate-a.2-semantic-engine","Yes","Platform","","Code / Runtime / UI",""
"C1-1.4-001","11","11","12","Part 0 — Authority","1","Authority & Hierarchy","1.4","SP-C1-1.4-90c40222","This Constitution applies to all current and future operational modules of the DX OSE ERP Platform.","","This Constitution applies to all current and future operational modules of the DX OSE ERP Platform.","Governance Definition","Descriptive Context","atomic","","Manual Reviewed — Confirmed","§1.4 applicability scope statement.","gate-a.2-semantic-engine","No","Platform","","Documentation",""
"C1-1.4-002","11","11","12","Part 0 — Authority","1","Authority & Hierarchy","1.4","SP-C1-1.4-60ff6273","Unless explicitly stated otherwise:","","Unless explicitly stated otherwise:","Governance Definition","Descriptive Context","atomic","","Manual Reviewed — Confirmed","§1.4 applicability scope statement.","gate-a.2-semantic-engine","No","Platform","","Documentation",""
"C1-1.4-003","12","11","12","Part 0 — Authority","1","Authority & Hierarchy","1.4","SP-C1-1.4-90d83674","Platform-wide chapters apply to all DX OSE modules and shared user experiences.","","Platform-wide chapters apply to all DX OSE modules and shared user experiences.","Governance Definition","Descriptive Context","span_member","§1.4 applicability bullet.","Manual Reviewed — Confirmed","§1.4 applicability scope statement.","gate-a.2-semantic-engine","No","Platform","","Documentation",""
"C1-1.4-004","12","11","12","Part 0 — Authority","1","Authority & Hierarchy","1.4","SP-C1-1.4-21214de1","Document-specific chapters apply to operational documents and document entry workflows.","","Document-specific chapters apply to operational documents and document entry workflows.","Governance Definition","Descriptive Context","span_member","§1.4 applicability bullet.","Manual Reviewed — Confirmed","§1.4 applicability scope statement.","gate-a.2-semantic-engine","No","Platform","","Documentation",""
"C1-1.4-005","12","11","12","Part 0 — Authority","1","Authority & Hierarchy","1.4","SP-C1-1.4-02f3d46f","Out of scope for this Constitution:","","Out of scope for this Constitution:","Out of Scope","Out of Scope","atomic","","Manual Reviewed — Confirmed","§1.4 explicit out-of-scope item.","gate-a.2-semantic-engine","No","Platform","","N/A",""
"C1-1.4-006","12","11","12","Part 0 — Authority","1","Authority & Hierarchy","1.4","SP-C1-1.4-6560e250","Technology stack","","Technology stack","Out of Scope","Out of Scope","span_member","§1.4 out-of-scope bullet.","Manual Reviewed — Confirmed","§1.4 explicit out-of-scope item.","gate-a.2-semantic-engine","No","Platform","","N/A",""
"C1-1.4-007","12","11","12","Part 0 — Authority","1","Authority & Hierarchy","1.4","SP-C1-1.4-b5118730","Internal implementation details","","Internal implementation details","Out of Scope","Out of Scope","span_member","§1.4 out-of-scope bullet.","Manual Reviewed — Confirmed","§1.4 explicit out-of-scope item.","gate-a.2-semantic-engine","No","Platform","","N/A",""
"C1-1.4-008","12","11","12","Part 0 — Authority","1","Authority & Hierarchy","1.4","SP-C1-1.4-1dabe467","Database architecture","","Database architecture","Out of Scope","Out of Scope","span_member","§1.4 out-of-scope bullet.","Manual Reviewed — Confirmed","§1.4 explicit out-of-scope item.","gate-a.2-semantic-engine","No","Platform","","N/A",""
"C1-1.4-009","12","11","12","Part 0 — Authority","1","Authority & Hierarchy","1.4","SP-C1-1.4-59571055","Integration implementation details Implementation detail belongs in Architecture & Implementation Guides.","","Integration implementation details Implementation detail belongs in Architecture & Implementation Guides.","Out of Scope","Out of Scope","span_member","§1.4 out-of-scope bullet.","Manual Reviewed — Confirmed","§1.4 explicit out-of-scope item.","gate-a.2-semantic-engine","No","Platform","","N/A",""
"C1-1.5-001","12","12","12","Part 0 — Authority","1","Authority & Hierarchy","1.5","SP-C1-1.5-74c68d8d","Normative keywords shall be interpreted exactly as defined in this chapter.","","Normative keywords shall be interpreted exactly as defined in this chapter.","Explicit Shall","Product Enforceable Requirement","atomic","","Manual Reviewed — Confirmed","Explicit shall modal.","gate-a.2-semantic-engine","Yes","Platform","","Code / Runtime / UI",""
"C1-1.5-002","12","12","12","Part 0 — Authority","1","Authority & Hierarchy","1.5","SP-C1-1.5-9c8c5cf5","● Avoid using Must where Should is sufficient.","","● Avoid using Must where Should is sufficient.","Constitution Authoring Guidance","Constitution Authoring Guidance","atomic","","Manual Reviewed — Confirmed","§1.5 Guidance for authors — not a product requirement.","gate-a.2-semantic-engine","No","Platform","","Authoring guidance",""
"C1-1.5-003","12","12","12","Part 0 — Authority","1","Authority & Hierarchy","1.5","SP-C1-1.5-adebd932","● Use Must only when a true obligation exists.","","● Use Must only when a true obligation exists.","Constitution Authoring Guidance","Constitution Authoring Guidance","atomic","","Manual Reviewed — Confirmed","§1.5 Guidance for authors — not a product requirement.","gate-a.2-semantic-engine","No","Platform","","Authoring guidance",""
"C2-2.1-001","13","13","13","Part I — Governance Constitution","2","Document Lifecycle","2.1","SP-C2-2.1-b94556a5","DX OSE shall provide one consistent document lifecycle experience across all operational modules.","","DX OSE shall provide one consistent document lifecycle experience across all operational modules.","Explicit Shall","Product Enforceable Requirement","atomic","","Manual Reviewed — Confirmed","Explicit shall modal.","gate-a.2-semantic-engine","Yes","Operational Documents / Shared UX","","Code / Runtime / UI",""
"C2-2.1-002","13","13","13","Part I — Governance Constitution","2","Document Lifecycle","2.1","SP-C2-2.1-79895670","Principle: The user experience is the contract.","","Principle: The user experience is the contract.","Descriptive","Descriptive Context","atomic","","Manual Reviewed — Confirmed","Descriptive context — no product modal operator.","gate-a.2-semantic-engine","No","Operational Documents / Shared UX","","Documentation",""
"C2-2.1-003","13","13","13","Part I — Governance Constitution","2","Document Lifecycle","2.1","SP-C2-2.1-64a4835f","The implementation is an internal concern.","","The implementation is an internal concern.","Descriptive","Descriptive Context","atomic","","Manual Reviewed — Confirmed","Descriptive context — no product modal operator.","gate-a.2-semantic-engine","No","Operational Documents / Shared UX","","Documentation",""
"C2-2.1-004","13","13","13","Part I — Governance Constitution","2","Document Lifecycle","2.1","SP-C2-2.1-5703c4ff","Modules may implement different internal workflows, provided that the user-facing lifecycle remains consistent across the platform.","","Modules may implement different internal workflows, provided that the user-facing lifecycle remains consistent across the platform.","Explicit May","Optional Capability","atomic","","Manual Reviewed — Confirmed","Explicit may modal — optional capability.","gate-a.2-semantic-engine","Yes","Operational Documents / Shared UX","","Runtime",""
"C2-2.1-005","13","13","13","Part I — Governance Constitution","2","Document Lifecycle","2.1","SP-C2-2.1-5f5d7e00","Internal workflow implementation, workflow step names, and internal status codes must never be exposed to end users.","","Internal workflow implementation, workflow step names, and internal status codes must never be exposed to end users.","Explicit Must","Product Enforceable Requirement","atomic","","Manual Reviewed — Confirmed","Explicit must modal.","gate-a.2-semantic-engine","Yes","Operational Documents / Shared UX","","Code / Runtime / UI",""
"C2-2.2-001","13","13","13","Part I — Governance Constitution","2","Document Lifecycle","2.2","SP-C2-2.2-c452cd11","Each user-facing lifecycle state shall represent one consistent business meaning across the entire DX OSE ERP Platform.","","Each user-facing lifecycle state shall represent one consistent business meaning across the entire DX OSE ERP Platform.","Explicit Shall","Product Enforceable Requirement","atomic","","Manual Reviewed — Confirmed","Explicit shall modal.","gate-a.2-semantic-engine","Yes","Operational Documents / Shared UX","","Code / Runtime / UI",""
"C2-2.2-002","13","13","13","Part I — Governance Constitution","2","Document Lifecycle","2.2","SP-C2-2.2-90d8d14f","No module may redefine these meanings.","","No module may redefine these meanings.","Explicit Must Not","Product Enforceable Requirement","atomic","","Manual Reviewed — Confirmed","Prohibition: No ... may ...","gate-a.2-semantic-engine","Yes","Operational Documents / Shared UX","","Code / Runtime / UI",""
"C2-2.2-003","13","13","13","Part I — Governance Constitution","2","Document Lifecycle","2.2","SP-C2-2.2-b594d8a2","No module may introduce additional user-facing lifecycle states unless they are first ratified in this Constitution.","","No module may introduce additional user-facing lifecycle states unless they are first ratified in this Constitution.","Explicit Must Not","Product Enforceable Requirement","atomic","","Manual Reviewed — Confirmed","Prohibition: No ... may ...","gate-a.2-semantic-engine","Yes","Operational Documents / Shared UX","","Code / Runtime / UI",""
"C2-2.2-004","13","13","13","Part I — Governance Constitution","2","Document Lifecycle","2.2","SP-C2-2.2-58521e40","Draft Editable; no official operational or financial effect","","Draft Editable; no official operational or financial effect","Governance Definition","Governance Definition","span_member","Lifecycle state table row.","Manual Reviewed — Confirmed","Table/definition row — governance meaning.","gate-a.2-semantic-engine","No","Operational Documents / Shared UX","","Documentation",""
"C2-2.2-005","13","13","13","Part I — Governance Constitution","2","Document Lifecycle","2.2","SP-C2-2.2-cffe1e78","Submitted Sent into review","","Submitted Sent into review","Descriptive","Descriptive Context","span_member","Lifecycle state table row.","Manual Reviewed — Confirmed","Descriptive context — no product modal operator.","gate-a.2-semantic-engine","No","Operational Documents / Shared UX","","Documentation",""
"C2-2.2-006","13","13","13","Part I — Governance Constitution","2","Document Lifecycle","2.2","SP-C2-2.2-b7398388","In Review In an approval chain","","In Review In an approval chain","Descriptive","Descriptive Context","span_member","Lifecycle state table row.","Manual Reviewed — Confirmed","Descriptive context — no product modal operator.","gate-a.2-semantic-engine","No","Operational Documents / Shared UX","","Documentation",""
"C2-2.2-007","13","13","13","Part I — Governance Constitution","2","Document Lifecycle","2.2","SP-C2-2.2-e3c6d50b","Approved *Optional.* Used only when a document has a distinct business stage between final approval and posting","","Approved *Optional.* Used only when a document has a distinct business stage between final approval and posting","Descriptive","Descriptive Context","span_member","Lifecycle state table row.","Manual Reviewed — Confirmed","Descriptive context — no product modal operator.","gate-a.2-semantic-engine","No","Operational Documents / Shared UX","","Documentation",""
"C2-2.2-008","13","13","13","Part I — Governance Constitution","2","Document Lifecycle","2.2","SP-C2-2.2-972b7b4e","Posted Official operational and financial effects applied","","Posted Official operational and financial effects applied","Governance Definition","Governance Definition","span_member","Lifecycle state table row.","Manual Reviewed — Confirmed","Table/definition row — governance meaning.","gate-a.2-semantic-engine","No","Operational Documents / Shared UX","","Documentation",""
"C2-2.2-009","13","13","13","Part I — Governance Constitution","2","Document Lifecycle","2.2","SP-C2-2.2-c4b57fec","Rejected Terminated; no resubmission of the same document","","Rejected Terminated; no resubmission of the same document","Descriptive","Descriptive Context","span_member","Lifecycle state table row.","Manual Reviewed — Confirmed","Descriptive context — no product modal operator.","gate-a.2-semantic-engine","No","Operational Documents / Shared UX","","Documentation",""
"C2-2.2-010","13","13","13","Part I — Governance Constitution","2","Document Lifecycle","2.2","SP-C2-2.2-800b8ed4","Returned Sent back to creator for correction (Send Back)","","Returned Sent back to creator for correction (Send Back)","Descriptive","Descriptive Context","span_member","Lifecycle state table row.","Manual Reviewed — Confirmed","Descriptive context — no product modal operator.","gate-a.2-semantic-engine","No","Operational Documents / Shared UX","","Documentation",""
"C2-2.2-011","13","13","13","Part I — Governance Constitution","2","Document Lifecycle","2.2","SP-C2-2.2-e2cbd270","Void Formally cancelled before becoming part of the permanent business record","","Void Formally cancelled before becoming part of the permanent business record","Descriptive","Descriptive Context","span_member","Lifecycle state table row.","Manual Reviewed — Confirmed","Descriptive context — no product modal operator.","gate-a.2-semantic-engine","No","Operational Documents / Shared UX","","Documentation",""
"C2-2.2-012","13","13","13","Part I — Governance Constitution","2","Document Lifecycle","2.2","SP-C2-2.2-2d406a17","Cancel is an action.","","Cancel is an action.","Descriptive","Descriptive Context","atomic","","Manual Reviewed — Confirmed","Descriptive context — no product modal operator.","gate-a.2-semantic-engine","No","Operational Documents / Shared UX","","Documentation",""
"C2-2.2-013","13","13","13","Part I — Governance Constitution","2","Document Lifecycle","2.2","SP-C2-2.2-8cfc6a32","Void is the lifecycle state resulting from cancellation before the document enters the governed permanent record.","","Void is the lifecycle state resulting from cancellation before the document enters the governed permanent record.","Descriptive","Descriptive Context","atomic","","Manual Reviewed — Confirmed","Descriptive context — no product modal operator.","gate-a.2-semantic-engine","No","Operational Documents / Shared UX","","Documentation",""
"C2-2.2-014","13","13","13","Part I — Governance Constitution","2","Document Lifecycle","2.2","SP-C2-2.2-2dda88c9","A separate user-facing state named Cancelled shall not be introduced unless ratified in this Constitution (*see BDR-007*).","","A separate user-facing state named Cancelled shall not be introduced unless ratified in this Constitution (*see BDR-007*).","Explicitly Excluded Pending Ratification","Excluded Pending Ratification","atomic","","Manual Reviewed — Confirmed","§2.2 BDR-007 exclusion clause.","gate-a.2-semantic-engine","No","Operational Documents / Shared UX","","Exclusion register",""
"C2-2.3-001","13","13","13","Part I — Governance Constitution","2","Document Lifecycle","2.3","SP-C2-2.3-c6077bcd","Each module shall provide a consistent mapping between internal workflow states and standardized user-facing lifecycle states.","","Each module shall provide a consistent mapping between internal workflow states and standardized user-facing lifecycle states.","Explicit Shall","Product Enforceable Requirement","atomic","","Manual Reviewed — Confirmed","Explicit shall modal.","gate-a.2-semantic-engine","Yes","Operational Documents / Shared UX","","Code / Runtime / UI",""
"C2-2.3-002","13","13","13","Part I — Governance Constitution","2","Document Lifecycle","2.3","SP-C2-2.3-dd0c9ced","Internal workflow identifiers, status codes, enum names, workflow step names, and other implementation details must never be exposed to end users.","","Internal workflow identifiers, status codes, enum names, workflow step names, and other implementation details must never be exposed to end users.","Explicit Must","Product Enforceable Requirement","atomic","","Manual Reviewed — Confirmed","Explicit must modal.","gate-a.2-semantic-engine","Yes","Operational Documents / Shared UX","","Code / Runtime / UI",""
"C2-2.3-003","13","13","13","Part I — Governance Constitution","2","Document Lifecycle","2.3","SP-C2-2.3-43222db9","Identical business outcomes shall always resolve to the same standardized user-facing lifecycle state across the DX OSE platform.","","Identical business outcomes shall always resolve to the same standardized user-facing lifecycle state across the DX OSE platform.","Explicit Shall","Product Enforceable Requirement","atomic","","Manual Reviewed — Confirmed","Explicit shall modal.","gate-a.2-semantic-engine","Yes","Operational Documents / Shared UX","","Code / Runtime / UI",""
"C2-2.4.1-001","14","14","14","Part I — Governance Constitution","2","Document Lifecycle","2.4.1","SP-C2-2.4.1-490004fd","Posting is the single business commit point for all operational and financial effects within the DX OSE ERP Platform.","","Posting is the single business commit point for all operational and financial effects within the DX OSE ERP Platform.","Descriptive","Descriptive Context","atomic","","Manual Reviewed — Confirmed","Descriptive context — no product modal operator.","gate-a.2-semantic-engine","No","Operational Documents / Shared UX","","Documentation",""
"C2-2.4.1-002","14","14","14","Part I — Governance Constitution","2","Document Lifecycle","2.4.1","SP-C2-2.4.1-f21837f2","No operational or financial effect shall be considered official before Posting unless this Constitution explicitly states otherwise.","","No operational or financial effect shall be considered official before Posting unless this Constitution explicitly states otherwise.","Explicit Shall","Product Enforceable Requirement","atomic","","Manual Reviewed — Confirmed","Explicit shall modal.","gate-a.2-semantic-engine","Yes","Operational Documents / Shared UX","","Code / Runtime / UI",""
"C2-2.4.2-001","14","14","14","Part I — Governance Constitution","2","Document Lifecycle","2.4.2","SP-C2-2.4.2-b7e5df25","Operational reports represent official business results, including stock balance, inventory ledger, inventory movement history, inventory valuation, and financial inventory reports.","","Operational reports represent official business results, including stock balance, inventory ledger, inventory movement history, inventory valuation, and financial inventory reports.","Descriptive","Descriptive Context","atomic","","Manual Reviewed — Confirmed","Descriptive context — no product modal operator.","gate-a.2-semantic-engine","No","Operational Documents / Shared UX","","Documentation",""
"C2-2.4.2-002","14","14","14","Part I — Governance Constitution","2","Document Lifecycle","2.4.2","SP-C2-2.4.2-f46050ad","Rule: Operational reports shall derive operational and financial results exclusively from Posted documents.","","Rule: Operational reports shall derive operational and financial results exclusively from Posted documents.","Explicit Shall","Product Enforceable Requirement","atomic","","Manual Reviewed — Confirmed","Explicit shall modal.","gate-a.2-semantic-engine","Yes","Operational Documents / Shared UX","","Code / Runtime / UI",""
"C2-2.4.3-001","14","14","14","Part I — Governance Constitution","2","Document Lifecycle","2.4.3","SP-C2-2.4.3-7e8a5af5","Workflow reports represent workflow progress and operational monitoring (pending approvals, finance/GM queues, reviewer packs, SLA dashboards, draft monitoring).","","Workflow reports represent workflow progress and operational monitoring (pending approvals, finance/GM queues, reviewer packs, SLA dashboards, draft monitoring).","Descriptive","Descriptive Context","atomic","","Manual Reviewed — Confirmed","Descriptive context — no product modal operator.","gate-a.2-semantic-engine","No","Operational Documents / Shared UX","","Documentation",""
"C2-2.4.3-002","14","14","14","Part I — Governance Constitution","2","Document Lifecycle","2.4.3","SP-C2-2.4.3-5bfbec90","Rule: Workflow reports may include Draft, Submitted, In Review, Returned, Rejected, Posted, and other lifecycle states according to business requirements.","","Rule: Workflow reports may include Draft, Submitted, In Review, Returned, Rejected, Posted, and other lifecycle states according to business requirements.","Explicit May","Optional Capability","atomic","","Manual Reviewed — Confirmed","Explicit may modal — optional capability.","gate-a.2-semantic-engine","Yes","Operational Documents / Shared UX","","Runtime",""
"C2-2.4.4-001","14","14","14","Part I — Governance Constitution","2","Document Lifecycle","2.4.4","SP-C2-2.4.4-6ac16317","Evidence Package is not a reporting category.","","Evidence Package is not a reporting category.","Descriptive","Descriptive Context","atomic","","Manual Reviewed — Confirmed","Descriptive context — no product modal operator.","gate-a.2-semantic-engine","No","Operational Documents / Shared UX","","Documentation",""
"C2-2.4.4-002","14","14","14","Part I — Governance Constitution","2","Document Lifecycle","2.4.4","SP-C2-2.4.4-ad07d442","It comprises document-level proof artifacts (PDF, print output, evidence export, timeline, audit trail, supporting attachments) for one document.","","It comprises document-level proof artifacts (PDF, print output, evidence export, timeline, audit trail, supporting attachments) for one document.","Descriptive","Descriptive Context","atomic","","Manual Reviewed — Confirmed","Descriptive context — no product modal operator.","gate-a.2-semantic-engine","No","Operational Documents / Shared UX","","Documentation",""
"C2-2.4.4-003","14","14","14","Part I — Governance Constitution","2","Document Lifecycle","2.4.4","SP-C2-2.4.4-af26f237","It is governed under Document Composition and Audit chapters.","","It is governed under Document Composition and Audit chapters.","Descriptive","Descriptive Context","atomic","","Manual Reviewed — Confirmed","Descriptive context — no product modal operator.","gate-a.2-semantic-engine","No","Operational Documents / Shared UX","","Documentation",""
"C2-2.4.5-001","14","14","14","Part I — Governance Constitution","2","Document Lifecycle","2.4.5","SP-C2-2.4.5-a71d3e7f","Inventory reservation is governed by business policy.","","Inventory reservation is governed by business policy.","Descriptive","Descriptive Context","atomic","","Manual Reviewed — Confirmed","Descriptive context — no product modal operator.","gate-a.2-semantic-engine","No","Operational Documents / Shared UX","","Documentation",""
"C2-2.4.5-002","14","14","14","Part I — Governance Constitution","2","Document Lifecycle","2.4.5","SP-C2-2.4.5-32e332cf","The default DX OSE behavior is no reservation before Posting unless explicitly defined by a ratified business policy.","","The default DX OSE behavior is no reservation before Posting unless explicitly defined by a ratified business policy.","Descriptive","Descriptive Context","atomic","","Manual Reviewed — Confirmed","Descriptive context — no product modal operator.","gate-a.2-semantic-engine","No","Operational Documents / Shared UX","","Documentation",""
"C2-2.5-001","14","14","14","Part I — Governance Constitution","2","Document Lifecycle","2.5","SP-C2-2.5-16012fb8","Editability shall be governed exclusively by document lifecycle state, not by individual screen implementations.","","Editability shall be governed exclusively by document lifecycle state, not by individual screen implementations.","Explicit Shall","Product Enforceable Requirement","atomic","","Manual Reviewed — Confirmed","Explicit shall modal.","gate-a.2-semantic-engine","Yes","Operational Documents / Shared UX","","Code / Runtime / UI",""
"C2-2.6-001","14","14","15","Part I — Governance Constitution","2","Document Lifecycle","2.6","SP-C2-2.6-427ab940","Delete is permitted only while the document is in Draft.","","Delete is permitted only while the document is in Draft.","Descriptive","Descriptive Context","atomic","","Manual Reviewed — Confirmed","Descriptive context — no product modal operator.","gate-a.2-semantic-engine","No","Operational Documents / Shared UX","","Documentation",""
"C2-2.6-002","14","14","15","Part I — Governance Constitution","2","Document Lifecycle","2.6","SP-C2-2.6-c6085bc4","Once a document leaves Draft, Delete must not be available.","","Once a document leaves Draft, Delete must not be available.","Explicit Must Not","Product Enforceable Requirement","atomic","","Manual Reviewed — Confirmed","Explicit must/shall not modal.","gate-a.2-semantic-engine","Yes","Operational Documents / Shared UX","","Code / Runtime / UI",""
"C2-2.6-003","14","14","15","Part I — Governance Constitution","2","Document Lifecycle","2.6","SP-C2-2.6-1024a782","Business termination shall use governed lifecycle actions (Cancel, Reject, Void, Close, etc.).","","Business termination shall use governed lifecycle actions (Cancel, Reject, Void, Close, etc.).","Explicit Shall","Product Enforceable Requirement","atomic","","Manual Reviewed — Confirmed","Explicit shall modal.","gate-a.2-semantic-engine","Yes","Operational Documents / Shared UX","","Code / Runtime / UI",""
"C2-2.6-004","15","14","15","Part I — Governance Constitution","2","Document Lifecycle","2.6","SP-C2-2.6-40e7d70b","Deletion permanently removes a document before it becomes part of the business record.","","Deletion permanently removes a document before it becomes part of the business record.","Descriptive","Descriptive Context","atomic","","Manual Reviewed — Confirmed","Descriptive context — no product modal operator.","gate-a.2-semantic-engine","No","Operational Documents / Shared UX","","Documentation",""
"C2-2.6-005","15","14","15","Part I — Governance Constitution","2","Document Lifecycle","2.6","SP-C2-2.6-f307f742","Once a document enters the governed lifecycle, business termination actions shall replace deletion.","","Once a document enters the governed lifecycle, business termination actions shall replace deletion.","Explicit Shall","Product Enforceable Requirement","atomic","","Manual Reviewed — Confirmed","Explicit shall modal.","gate-a.2-semantic-engine","Yes","Operational Documents / Shared UX","","Code / Runtime / UI",""
"C2-2.7-001","15","15","15","Part I — Governance Constitution","2","Document Lifecycle","2.7","SP-C2-2.7-7d4c3ef5","After Return: Edit → Submit.","","After Return: Edit → Submit.","Descriptive","Descriptive Context","atomic","","Manual Reviewed — Confirmed","Descriptive context — no product modal operator.","gate-a.2-semantic-engine","No","Operational Documents / Shared UX","","Documentation",""
"C2-2.7-002","15","15","15","Part I — Governance Constitution","2","Document Lifecycle","2.7","SP-C2-2.7-1be25279","There shall be no separate action named Re-submit.","","There shall be no separate action named Re-submit.","Explicit Shall","Product Enforceable Requirement","atomic","","Manual Reviewed — Confirmed","Explicit shall modal.","gate-a.2-semantic-engine","Yes","Operational Documents / Shared UX","","Code / Runtime / UI",""
"C2-2.7-003","15","15","15","Part I — Governance Constitution","2","Document Lifecycle","2.7","SP-C2-2.7-ca0836ac","Submit always represents entering the workflow, whether for the first time or after Return.","","Submit always represents entering the workflow, whether for the first time or after Return.","Descriptive","Descriptive Context","atomic","","Manual Reviewed — Confirmed","Descriptive context — no product modal operator.","gate-a.2-semantic-engine","No","Operational Documents / Shared UX","","Documentation",""
"C2-2.7-004","15","15","15","Part I — Governance Constitution","2","Document Lifecycle","2.7","SP-C2-2.7-5cc4eaf5","After Reject, the same document must not re-enter workflow.","","After Reject, the same document must not re-enter workflow.","Explicit Must Not","Product Enforceable Requirement","atomic","","Manual Reviewed — Confirmed","Explicit must/shall not modal.","gate-a.2-semantic-engine","Yes","Operational Documents / Shared UX","","Code / Runtime / UI",""
"C2-2.7-005","15","15","15","Part I — Governance Constitution","2","Document Lifecycle","2.7","SP-C2-2.7-eff803f9","A new document is required.","","A new document is required.","Descriptive","Descriptive Context","atomic","","Manual Reviewed — Confirmed","Descriptive context — no product modal operator.","gate-a.2-semantic-engine","No","Operational Documents / Shared UX","","Documentation",""
"C2-2.8-001","15","15","15","Part I — Governance Constitution","2","Document Lifecycle","2.8","SP-C2-2.8-20bcf503","Every document detail view shall present a unified timeline showing, as applicable: current state, workflow step, actor, date and time, mandatory reasons, workflow comments, system events, and duration (when applicable).","","Every document detail view shall present a unified timeline showing, as applicable: current state, workflow step, actor, date and time, mandatory reasons, workflow comments, system events, and duration (when applicable).","Explicit Shall","Product Enforceable Requirement","atomic","","Manual Reviewed — Confirmed","Explicit shall modal.","gate-a.2-semantic-engine","Yes","Operational Documents / Shared UX","","Code / Runtime / UI",""
"C2-2.9-001","15","15","15","Part I — Governance Constitution","2","Document Lifecycle","2.9","SP-C2-2.9-3313ff06","Cancel Creator action Void (per Ch. 2.2)","","Cancel Creator action Void (per Ch. 2.2)","Descriptive","Descriptive Context","span_member","§2.9 lifecycle termination table row.","Manual Reviewed — Confirmed","Descriptive context — no product modal operator.","gate-a.2-semantic-engine","No","Operational Documents / Shared UX","","Documentation",""
"C2-2.9-002","15","15","15","Part I — Governance Constitution","2","Document Lifecycle","2.9","SP-C2-2.9-029dd77c","Reject Reviewer workflow action Rejected","","Reject Reviewer workflow action Rejected","Descriptive","Descriptive Context","span_member","§2.9 lifecycle termination table row.","Manual Reviewed — Confirmed","Descriptive context — no product modal operator.","gate-a.2-semantic-engine","No","Operational Documents / Shared UX","","Documentation",""
"C2-2.9-003","15","15","15","Part I — Governance Constitution","2","Document Lifecycle","2.9","SP-C2-2.9-2dc0dc99","Close Lifecycle completion action Closed","","Close Lifecycle completion action Closed","Descriptive","Descriptive Context","span_member","§2.9 lifecycle termination table row.","Manual Reviewed — Confirmed","Descriptive context — no product modal operator.","gate-a.2-semantic-engine","No","Operational Documents / Shared UX","","Documentation",""
"C2-2.10-001","15","15","15","Part I — Governance Constitution","2","Document Lifecycle","2.10","SP-C2-2.10-7772bd4c","Workflow engine implementation, state machine design, database schema, API contracts, technical implementation details — Architecture & Implementation Guides.","","Workflow engine implementation, state machine design, database schema, API contracts, technical implementation details — Architecture & Implementation Guides.","Out of Scope","Out of Scope","atomic","","Manual Reviewed — Confirmed","§2.10 out-of-scope section.","gate-a.2-semantic-engine","No","Operational Documents / Shared UX","","N/A",""
"C3-3.1-001","16","16","16","Part I — Governance Constitution","3","Workflow & Actions","3.1","SP-C3-3.1-a3baef34","Users shall see only the actions they need for their role and document state.","","Users shall see only the actions they need for their role and document state.","Explicit Shall","Product Enforceable Requirement","atomic","","Manual Reviewed — Confirmed","Explicit shall modal.","gate-a.2-semantic-engine","Yes","Workflow / Shared UX","","Code / Runtime / UI",""
"C3-3.1-002","16","16","16","Part I — Governance Constitution","3","Workflow & Actions","3.1","SP-C3-3.1-659fdcf9","Action behavior shall remain consistent across all DX OSE modules regardless of workflow implementation.","","Action behavior shall remain consistent across all DX OSE modules regardless of workflow implementation.","Explicit Shall","Product Enforceable Requirement","atomic","","Manual Reviewed — Confirmed","Explicit shall modal.","gate-a.2-semantic-engine","Yes","Workflow / Shared UX","","Code / Runtime / UI",""
"C3-3.1-003","16","16","16","Part I — Governance Constitution","3","Workflow & Actions","3.1","SP-C3-3.1-2c294553","No module may invent alternative names for standard actions unless ratified in this Constitution.","","No module may invent alternative names for standard actions unless ratified in this Constitution.","Explicit Must Not","Product Enforceable Requirement","atomic","","Manual Reviewed — Confirmed","Prohibition: No ... may ...","gate-a.2-semantic-engine","Yes","Workflow / Shared UX","","Code / Runtime / UI",""
"C3-3.2-001","16","16","16","Part I — Governance Constitution","3","Workflow & Actions","3.2","SP-C3-3.2-7129f24a","Save Draft, Submit, Cancel.","","Save Draft, Submit, Cancel.","Descriptive","Descriptive Context","atomic","","Manual Reviewed — Confirmed","Descriptive context — no product modal operator.","gate-a.2-semantic-engine","No","Workflow / Shared UX","","Documentation",""
"C3-3.2-002","16","16","16","Part I — Governance Constitution","3","Workflow & Actions","3.2","SP-C3-3.2-f25f247e","Cancel is an action, not a lifecycle state.","","Cancel is an action, not a lifecycle state.","Descriptive","Descriptive Context","atomic","","Manual Reviewed — Confirmed","Descriptive context — no product modal operator.","gate-a.2-semantic-engine","No","Workflow / Shared UX","","Documentation",""
"C3-3.2-003","16","16","16","Part I — Governance Constitution","3","Workflow & Actions","3.2","SP-C3-3.2-874f1566","Alternative labels with the same meaning (Abort, Discard, Cancel Document) must not be used.","","Alternative labels with the same meaning (Abort, Discard, Cancel Document) must not be used.","Explicit Must Not","Product Enforceable Requirement","atomic","","Manual Reviewed — Confirmed","Explicit must/shall not modal.","gate-a.2-semantic-engine","Yes","Workflow / Shared UX","","Code / Runtime / UI",""
"C3-3.3-001","16","16","16","Part I — Governance Constitution","3","Workflow & Actions","3.3","SP-C3-3.3-fdadbef4","Approve, Send Back, Reject.","","Approve, Send Back, Reject.","Descriptive","Descriptive Context","atomic","","Manual Reviewed — Confirmed","Descriptive context — no product modal operator.","gate-a.2-semantic-engine","No","Workflow / Shared UX","","Documentation",""
"C3-3.3-002","16","16","16","Part I — Governance Constitution","3","Workflow & Actions","3.3","SP-C3-3.3-95d9a4bf","Reviewer actions shall be available only while the document is actively assigned to the current reviewer according to workflow definition and the permission model.","","Reviewer actions shall be available only while the document is actively assigned to the current reviewer according to workflow definition and the permission model.","Explicit Shall","Product Enforceable Requirement","atomic","","Manual Reviewed — Confirmed","Explicit shall modal.","gate-a.2-semantic-engine","Yes","Workflow / Shared UX","","Code / Runtime / UI",""
"C3-3.4-001","16","16","16","Part I — Governance Constitution","3","Workflow & Actions","3.4","SP-C3-3.4-93e8a6c8","Ends document No Yes","","Ends document No Yes","Descriptive","Descriptive Context","span_member","§3.4 Send Back vs Reject table row.","Manual Reviewed — Confirmed","Descriptive context — no product modal operator.","gate-a.2-semantic-engine","No","Workflow / Shared UX","","Documentation",""
"C3-3.4-002","16","16","16","Part I — Governance Constitution","3","Workflow & Actions","3.4","SP-C3-3.4-77777038","Allows edit Yes No","","Allows edit Yes No","Descriptive","Descriptive Context","span_member","§3.4 Send Back vs Reject table row.","Manual Reviewed — Confirmed","Descriptive context — no product modal operator.","gate-a.2-semantic-engine","No","Workflow / Shared UX","","Documentation",""
"C3-3.4-003","16","16","16","Part I — Governance Constitution","3","Workflow & Actions","3.4","SP-C3-3.4-def36f28","Reason required Yes Yes","","Reason required Yes Yes","Descriptive","Descriptive Context","span_member","§3.4 Send Back vs Reject table row.","Manual Reviewed — Confirmed","Descriptive context — no product modal operator.","gate-a.2-semantic-engine","No","Workflow / Shared UX","","Documentation",""
"C3-3.4-004","16","16","16","Part I — Governance Constitution","3","Workflow & Actions","3.4","SP-C3-3.4-958d2993","Next step Edit → Submit New document if operation repeats","","Next step Edit → Submit New document if operation repeats","Governance Definition","Governance Definition","span_member","§3.4 Send Back vs Reject table row.","Manual Reviewed — Confirmed","Table/definition row — governance meaning.","gate-a.2-semantic-engine","No","Workflow / Shared UX","","Documentation",""
"C3-3.4-005","16","16","16","Part I — Governance Constitution","3","Workflow & Actions","3.4","SP-C3-3.4-87aa87d6","Business transaction Continues Terminates","","Business transaction Continues Terminates","Descriptive","Descriptive Context","span_member","§3.4 Send Back vs Reject table row.","Manual Reviewed — Confirmed","Descriptive context — no product modal operator.","gate-a.2-semantic-engine","No","Workflow / Shared UX","","Documentation",""
"C3-3.5-001","16","16","16","Part I — Governance Constitution","3","Workflow & Actions","3.5","SP-C3-3.5-c87a07ae","There shall be only one primary action for the current document state.","","There shall be only one primary action for the current document state.","Explicit Shall","Product Enforceable Requirement","atomic","","Manual Reviewed — Confirmed","Explicit shall modal.","gate-a.2-semantic-engine","Yes","Workflow / Shared UX","","Code / Runtime / UI",""
"C3-3.6-001","16","16","16","Part I — Governance Constitution","3","Workflow & Actions","3.6","SP-C3-3.6-4c1f49e9","Primary → Secondary → Neutral → Danger","","Primary → Secondary → Neutral → Danger","Descriptive","Descriptive Context","atomic","","Manual Reviewed — Confirmed","Descriptive context — no product modal operator.","gate-a.2-semantic-engine","No","Workflow / Shared UX","","Documentation",""
"C3-3.7-001","16","16","16","Part I — Governance Constitution","3","Workflow & Actions","3.7","SP-C3-3.7-7428fa93","Layer Determines Workflow Contracts & Who; when; routing; next step ACC This Constitution Meaning; behavior; terminology; confirmation rules; mandatory reasons; user expectations","","Layer Determines Workflow Contracts & Who; when; routing; next step ACC This Constitution Meaning; behavior; terminology; confirmation rules; mandatory reasons; user expectations","Descriptive","Descriptive Context","atomic","","Manual Reviewed — Confirmed","Descriptive context — no product modal operator.","gate-a.2-semantic-engine","No","Workflow / Shared UX","","Documentation",""
"C3-3.8-001","16","16","16","Part I — Governance Constitution","3","Workflow & Actions","3.8","SP-C3-3.8-ce8d1619","Icons, colors, visual styling, animations — DX OSE UX Constitution.","","Icons, colors, visual styling, animations — DX OSE UX Constitution.","Out of Scope","Out of Scope","atomic","","Manual Reviewed — Confirmed","§3.8 out-of-scope section.","gate-a.2-semantic-engine","No","Workflow / Shared UX","","N/A",""
"C4-4.1-001","17","17","17","Part I — Governance Constitution","4","Operation Permissions","4.1","SP-C4-4.1-f29e00f5","Operation permissions govern authorization only and shall never replace workflow validation, lifecycle validation, or business rule enforcement.","","Operation permissions govern authorization only and shall never replace workflow validation, lifecycle validation, or business rule enforcement.","Explicit Shall","Product Enforceable Requirement","atomic","","Manual Reviewed — Confirmed","Explicit shall modal.","gate-a.2-semantic-engine","Yes","ACC / Backend Authorization","","Code / Runtime / UI",""
"C4-4.1-002","17","17","17","Part I — Governance Constitution","4","Operation Permissions","4.1","SP-C4-4.1-6ad7b02e","The Access Control Catalog (ACC) is the single source of truth for permissions.","","The Access Control Catalog (ACC) is the single source of truth for permissions.","Descriptive","Descriptive Context","atomic","","Manual Reviewed — Confirmed","Descriptive context — no product modal operator.","gate-a.2-semantic-engine","No","ACC / Backend Authorization","","Documentation",""
"C4-4.2-001","17","17","17","Part I — Governance Constitution","4","Operation Permissions","4.2","SP-C4-4.2-3f9be5c5","View","","View","Governance Definition","Governance Definition","span_member","Standard operation list item.","Manual Reviewed — Confirmed","§4.2 standard operation name.","gate-a.2-semantic-engine","No","ACC / Backend Authorization","","Documentation",""
"C4-4.2-002","17","17","17","Part I — Governance Constitution","4","Operation Permissions","4.2","SP-C4-4.2-622ffcb7","Create","","Create","Governance Definition","Governance Definition","span_member","Standard operation list item.","Manual Reviewed — Confirmed","§4.2 standard operation name.","gate-a.2-semantic-engine","No","ACC / Backend Authorization","","Documentation",""
"C4-4.2-003","17","17","17","Part I — Governance Constitution","4","Operation Permissions","4.2","SP-C4-4.2-a6e75929","Edit","","Edit","Governance Definition","Governance Definition","span_member","Standard operation list item.","Manual Reviewed — Confirmed","§4.2 standard operation name.","gate-a.2-semantic-engine","No","ACC / Backend Authorization","","Documentation",""
"C4-4.2-004","17","17","17","Part I — Governance Constitution","4","Operation Permissions","4.2","SP-C4-4.2-34c00094","Delete","","Delete","Governance Definition","Governance Definition","span_member","Standard operation list item.","Manual Reviewed — Confirmed","§4.2 standard operation name.","gate-a.2-semantic-engine","No","ACC / Backend Authorization","","Documentation",""
"C4-4.2-005","17","17","17","Part I — Governance Constitution","4","Operation Permissions","4.2","SP-C4-4.2-a83c7101","Submit","","Submit","Governance Definition","Governance Definition","span_member","Standard operation list item.","Manual Reviewed — Confirmed","§4.2 standard operation name.","gate-a.2-semantic-engine","No","ACC / Backend Authorization","","Documentation",""
"C4-4.2-006","17","17","17","Part I — Governance Constitution","4","Operation Permissions","4.2","SP-C4-4.2-18a3275d","Approve","","Approve","Governance Definition","Governance Definition","span_member","Standard operation list item.","Manual Reviewed — Confirmed","§4.2 standard operation name.","gate-a.2-semantic-engine","No","ACC / Backend Authorization","","Documentation",""
"C4-4.2-007","17","17","17","Part I — Governance Constitution","4","Operation Permissions","4.2","SP-C4-4.2-e2e8625e","Reject","","Reject","Governance Definition","Governance Definition","span_member","Standard operation list item.","Manual Reviewed — Confirmed","§4.2 standard operation name.","gate-a.2-semantic-engine","No","ACC / Backend Authorization","","Documentation",""
"C4-4.2-008","17","17","17","Part I — Governance Constitution","4","Operation Permissions","4.2","SP-C4-4.2-e183e023","Send Back","","Send Back","Governance Definition","Governance Definition","span_member","Standard operation list item.","Manual Reviewed — Confirmed","§4.2 standard operation name.","gate-a.2-semantic-engine","No","ACC / Backend Authorization","","Documentation",""
"C4-4.2-009","17","17","17","Part I — Governance Constitution","4","Operation Permissions","4.2","SP-C4-4.2-cbd38cdb","Cancel","","Cancel","Governance Definition","Governance Definition","span_member","Standard operation list item.","Manual Reviewed — Confirmed","§4.2 standard operation name.","gate-a.2-semantic-engine","No","ACC / Backend Authorization","","Documentation",""
"C4-4.2-010","17","17","17","Part I — Governance Constitution","4","Operation Permissions","4.2","SP-C4-4.2-c07daaf8","Post","","Post","Governance Definition","Governance Definition","span_member","Standard operation list item.","Manual Reviewed — Confirmed","§4.2 standard operation name.","gate-a.2-semantic-engine","No","ACC / Backend Authorization","","Documentation",""
"C4-4.2-011","17","17","17","Part I — Governance Constitution","4","Operation Permissions","4.2","SP-C4-4.2-e81ba19f","Reopen","","Reopen","Governance Definition","Governance Definition","span_member","Standard operation list item.","Manual Reviewed — Confirmed","§4.2 standard operation name.","gate-a.2-semantic-engine","No","ACC / Backend Authorization","","Documentation",""
"C4-4.2-012","17","17","17","Part I — Governance Constitution","4","Operation Permissions","4.2","SP-C4-4.2-78fc4a5e","Close","","Close","Governance Definition","Governance Definition","span_member","Standard operation list item.","Manual Reviewed — Confirmed","§4.2 standard operation name.","gate-a.2-semantic-engine","No","ACC / Backend Authorization","","Documentation",""
"C4-4.2-013","17","17","17","Part I — Governance Constitution","4","Operation Permissions","4.2","SP-C4-4.2-ba6cf160","Archive","","Archive","Governance Definition","Governance Definition","span_member","Standard operation list item.","Manual Reviewed — Confirmed","§4.2 standard operation name.","gate-a.2-semantic-engine","No","ACC / Backend Authorization","","Documentation",""
"C4-4.2-014","17","17","17","Part I — Governance Constitution","4","Operation Permissions","4.2","SP-C4-4.2-fb835835","Print","","Print","Governance Definition","Governance Definition","span_member","Standard operation list item.","Manual Reviewed — Confirmed","§4.2 standard operation name.","gate-a.2-semantic-engine","No","ACC / Backend Authorization","","Documentation",""
"C4-4.2-015","17","17","17","Part I — Governance Constitution","4","Operation Permissions","4.2","SP-C4-4.2-40453edc","Export","","Export","Governance Definition","Governance Definition","span_member","Standard operation list item.","Manual Reviewed — Confirmed","§4.2 standard operation name.","gate-a.2-semantic-engine","No","ACC / Backend Authorization","","Documentation",""
"C4-4.2-016","17","17","17","Part I — Governance Constitution","4","Operation Permissions","4.2","SP-C4-4.2-839d92e9","Attach","","Attach","Governance Definition","Governance Definition","span_member","Standard operation list item.","Manual Reviewed — Confirmed","§4.2 standard operation name.","gate-a.2-semantic-engine","No","ACC / Backend Authorization","","Documentation",""
"C4-4.2-017","17","17","17","Part I — Governance Constitution","4","Operation Permissions","4.2","SP-C4-4.2-88bec404","View Audit.","","View Audit.","Descriptive","Descriptive Context","span_member","Standard operation list item.","Manual Reviewed — Confirmed","Descriptive context — no product modal operator.","gate-a.2-semantic-engine","No","ACC / Backend Authorization","","Documentation",""
"C4-4.2-018","17","17","17","Part I — Governance Constitution","4","Operation Permissions","4.2","SP-C4-4.2-dda143f0","Evidence Package is part of document representation, not an independent business operation, and does not require a separate permission in the current DX OSE release.","","Evidence Package is part of document representation, not an independent business operation, and does not require a separate permission in the current DX OSE release.","Descriptive","Descriptive Context","atomic","","Manual Reviewed — Confirmed","Descriptive context — no product modal operator.","gate-a.2-semantic-engine","No","ACC / Backend Authorization","","Documentation",""
"C4-4.3-001","17","17","17","Part I — Governance Constitution","4","Operation Permissions","4.3","SP-C4-4.3-4ef9f1c8","Permissions shall never bypass document lifecycle rules.","","Permissions shall never bypass document lifecycle rules.","Explicit Shall","Product Enforceable Requirement","atomic","","Manual Reviewed — Confirmed","§4.3 ACC operation permission rule.","gate-a.2-semantic-engine","Yes","ACC / Backend Authorization","","Code / Runtime / UI",""
"C4-4.3-002","17","17","17","Part I — Governance Constitution","4","Operation Permissions","4.3","SP-C4-4.3-14324fdf","Permissions grant eligibility, not execution authority.","","Permissions grant eligibility, not execution authority.","Explicit Shall","Product Enforceable Requirement","atomic","","Manual Reviewed — Confirmed","§4.3 ACC operation permission rule.","gate-a.2-semantic-engine","Yes","ACC / Backend Authorization","","Code / Runtime / UI",""
"C4-4.3-003","17","17","17","Part I — Governance Constitution","4","Operation Permissions","4.3","SP-C4-4.3-7a35e770","Action Allowed = Permission + Workflow + Lifecycle + Business Rules + Scope.","","Action Allowed = Permission + Workflow + Lifecycle + Business Rules + Scope.","Explicit Shall","Product Enforceable Requirement","atomic","","Manual Reviewed — Confirmed","§4.3 ACC operation permission rule.","gate-a.2-semantic-engine","Yes","ACC / Backend Authorization","","Code / Runtime / UI",""
"C4-4.3-004","17","17","17","Part I — Governance Constitution","4","Operation Permissions","4.3","SP-C4-4.3-579bff8b","Modules shall not introduce alternative operation names for standardized operations.","","Modules shall not introduce alternative operation names for standardized operations.","Explicit Shall","Product Enforceable Requirement","atomic","","Manual Reviewed — Confirmed","§4.3 ACC operation permission rule.","gate-a.2-semantic-engine","Yes","ACC / Backend Authorization","","Code / Runtime / UI",""
"C4-4.4-001","17","17","17","Part I — Governance Constitution","4","Operation Permissions","4.4","SP-C4-4.4-0298d068","Permission key naming, role matrix maintenance, role hierarchy, permission inheritance, technical authorization implementation — ACC.","","Permission key naming, role matrix maintenance, role hierarchy, permission inheritance, technical authorization implementation — ACC.","Out of Scope","Out of Scope","atomic","","Manual Reviewed — Confirmed","§4.4 out-of-scope section.","gate-a.2-semantic-engine","No","ACC / Backend Authorization","","N/A",""
"C5-5.1-001","18","18","18","Part I — Governance Constitution","5","Posting","5.1","SP-C5-5.1-3a3677ee","Posting is the single irreversible business commit point for all operational and financial effects within the DX OSE Platform.","","Posting is the single irreversible business commit point for all operational and financial effects within the DX OSE Platform.","Descriptive","Descriptive Context","atomic","","Manual Reviewed — Confirmed","Descriptive context — no product modal operator.","gate-a.2-semantic-engine","No","Posting / Backend","","Documentation",""
"C5-5.1-002","18","18","18","Part I — Governance Constitution","5","Posting","5.1","SP-C5-5.1-e910a946","Posting is the only operation permitted to create official operational and financial business effects.","","Posting is the only operation permitted to create official operational and financial business effects.","Descriptive","Descriptive Context","atomic","","Manual Reviewed — Confirmed","Descriptive context — no product modal operator.","gate-a.2-semantic-engine","No","Posting / Backend","","Documentation",""
"C5-5.1-003","18","18","18","Part I — Governance Constitution","5","Posting","5.1","SP-C5-5.1-e6fc9758","Documents become business-immutable after Posting except through formally governed reversal or adjustment procedures.","","Documents become business-immutable after Posting except through formally governed reversal or adjustment procedures.","Descriptive","Descriptive Context","atomic","","Manual Reviewed — Confirmed","Descriptive context — no product modal operator.","gate-a.2-semantic-engine","No","Posting / Backend","","Documentation",""
"C5-5.2-001","18","18","18","Part I — Governance Constitution","5","Posting","5.2","SP-C5-5.2-verify-6ecce5ca","user authority","Before Posting, the platform shall verify:","Before Posting, the platform shall verify: user authority","Explicit Shall","Product Enforceable Requirement","span_member","Semicolon-separated posting precondition from §5.2 verify list.","Manual Reviewed — Confirmed","§5.2 posting precondition verify item.","gate-a.2-semantic-engine","Yes","Posting / Backend","","Code / Runtime / UI",""
"C5-5.2-002","18","18","18","Part I — Governance Constitution","5","Posting","5.2","SP-C5-5.2-verify-6ecce5ca","valid workflow state","Before Posting, the platform shall verify:","Before Posting, the platform shall verify: valid workflow state","Explicit Shall","Product Enforceable Requirement","span_member","Semicolon-separated posting precondition from §5.2 verify list.","Manual Reviewed — Confirmed","§5.2 posting precondition verify item.","gate-a.2-semantic-engine","Yes","Posting / Backend","","Code / Runtime / UI",""
"C5-5.2-003","18","18","18","Part I — Governance Constitution","5","Posting","5.2","SP-C5-5.2-verify-6ecce5ca","open inventory/financial period (Posting Date)","Before Posting, the platform shall verify:","Before Posting, the platform shall verify: open inventory/financial period (Posting Date)","Explicit Shall","Product Enforceable Requirement","span_member","Semicolon-separated posting precondition from §5.2 verify list.","Manual Reviewed — Confirmed","§5.2 posting precondition verify item.","gate-a.2-semantic-engine","Yes","Posting / Backend","","Code / Runtime / UI",""
"C5-5.2-004","18","18","18","Part I — Governance Constitution","5","Posting","5.2","SP-C5-5.2-verify-6ecce5ca","full document revalidation","Before Posting, the platform shall verify:","Before Posting, the platform shall verify: full document revalidation","Explicit Shall","Product Enforceable Requirement","span_member","Semicolon-separated posting precondition from §5.2 verify list.","Manual Reviewed — Confirmed","§5.2 posting precondition verify item.","gate-a.2-semantic-engine","Yes","Posting / Backend","","Code / Runtime / UI",""
"C5-5.2-005","18","18","18","Part I — Governance Constitution","5","Posting","5.2","SP-C5-5.2-verify-6ecce5ca","stock availability for outbound documents","Before Posting, the platform shall verify:","Before Posting, the platform shall verify: stock availability for outbound documents","Explicit Shall","Product Enforceable Requirement","span_member","Semicolon-separated posting precondition from §5.2 verify list.","Manual Reviewed — Confirmed","§5.2 posting precondition verify item.","gate-a.2-semantic-engine","Yes","Posting / Backend","","Code / Runtime / UI",""
"C5-5.2-006","18","18","18","Part I — Governance Constitution","5","Posting","5.2","SP-C5-5.2-f5d9d061","Final validation — full revalidation immediately before Posting regardless of prior validation.","","Final validation — full revalidation immediately before Posting regardless of prior validation.","Explicit Shall","Product Enforceable Requirement","atomic","","Manual Reviewed — Confirmed","§5.2 explicit posting rule.","gate-a.2-semantic-engine","Yes","Posting / Backend","","Code / Runtime / UI",""
"C5-5.2-007","18","18","18","Part I — Governance Constitution","5","Posting","5.2","SP-C5-5.2-c1cb5d0d","Transaction boundary — single transactional boundary; partial posting prohibited.","","Transaction boundary — single transactional boundary; partial posting prohibited.","Explicit Shall","Product Enforceable Requirement","atomic","","Manual Reviewed — Confirmed","§5.2 explicit posting rule.","gate-a.2-semantic-engine","Yes","Posting / Backend","","Code / Runtime / UI",""
"C5-5.2-008","18","18","18","Part I — Governance Constitution","5","Posting","5.2","SP-C5-5.2-cac62550","Atomicity — any failure leaves document and related business data completely unchanged.","","Atomicity — any failure leaves document and related business data completely unchanged.","Explicit Shall","Product Enforceable Requirement","atomic","","Manual Reviewed — Confirmed","§5.2 explicit posting rule.","gate-a.2-semantic-engine","Yes","Posting / Backend","","Code / Runtime / UI",""
"C5-5.2-009","18","18","18","Part I — Governance Constitution","5","Posting","5.2","SP-C5-5.2-4f51414b","Idempotency — repeating the same posting request shall never create additional effects.","","Idempotency — repeating the same posting request shall never create additional effects.","Explicit Shall","Product Enforceable Requirement","atomic","","Manual Reviewed — Confirmed","§5.2 explicit posting rule.","gate-a.2-semantic-engine","Yes","Posting / Backend","","Code / Runtime / UI",""
"C5-5.2-010","18","18","18","Part I — Governance Constitution","5","Posting","5.2","SP-C5-5.2-3861a356","Posting trigger — Posting is automatically triggered upon successful final workflow approval unless a document-specific governance policy defines otherwise.","","Posting trigger — Posting is automatically triggered upon successful final workflow approval unless a document-specific governance policy defines otherwise.","Explicit Shall","Product Enforceable Requirement","span_member","§5.2 rule 5 posting trigger — atomic sentence split.","Manual Reviewed — Confirmed","§5.2 explicit posting rule.","gate-a.2-semantic-engine","Yes","Posting / Backend","","Code / Runtime / UI",""
"C5-5.2-011","18","18","18","Part I — Governance Constitution","5","Posting","5.2","SP-C5-5.2-123ec680","Final Workflow Approval = business authorization for Posting.","","Final Workflow Approval = business authorization for Posting.","Explicit Shall","Product Enforceable Requirement","span_member","§5.2 rule 5 posting trigger — atomic sentence split.","Manual Reviewed — Confirmed","§5.2 explicit posting rule.","gate-a.2-semantic-engine","Yes","Posting / Backend","","Code / Runtime / UI",""
"C5-5.2-012","18","18","18","Part I — Governance Constitution","5","Posting","5.2","SP-C5-5.2-094d547f","No additional posting confirmation is required by default.","","No additional posting confirmation is required by default.","Explicit Shall","Product Enforceable Requirement","span_member","§5.2 rule 5 posting trigger — atomic sentence split.","Manual Reviewed — Confirmed","§5.2 explicit posting rule.","gate-a.2-semantic-engine","Yes","Posting / Backend","","Code / Runtime / UI",""
"C5-5.2-013","18","18","18","Part I — Governance Constitution","5","Posting","5.2","SP-C5-5.2-1ff4c855","Posting behavior shall remain deterministic and repeat-safe throughout the platform.","","Posting behavior shall remain deterministic and repeat-safe throughout the platform.","Explicit Shall","Product Enforceable Requirement","atomic","","Manual Reviewed — Confirmed","§5.2 explicit posting rule.","gate-a.2-semantic-engine","Yes","Posting / Backend","","Code / Runtime / UI",""
"C5-5.3-001","18","18","18","Part I — Governance Constitution","5","Posting","5.3","SP-C5-5.3-27fabb87","Approval authorizes progression within workflow.","","Approval authorizes progression within workflow.","Descriptive","Descriptive Context","atomic","","Manual Reviewed — Confirmed","Descriptive context — no product modal operator.","gate-a.2-semantic-engine","No","Posting / Backend","","Documentation",""
"C5-5.3-002","18","18","18","Part I — Governance Constitution","5","Posting","5.3","SP-C5-5.3-0ada953f","Posting applies official operational and financial effects.","","Posting applies official operational and financial effects.","Descriptive","Descriptive Context","atomic","","Manual Reviewed — Confirmed","Descriptive context — no product modal operator.","gate-a.2-semantic-engine","No","Posting / Backend","","Documentation",""
"C5-5.3-003","18","18","18","Part I — Governance Constitution","5","Posting","5.3","SP-C5-5.3-a3a64b46","Workflow Contracts define whether final approval leads directly to Posting or to an optional Approved stage.","","Workflow Contracts define whether final approval leads directly to Posting or to an optional Approved stage.","Descriptive","Descriptive Context","atomic","","Manual Reviewed — Confirmed","Descriptive context — no product modal operator.","gate-a.2-semantic-engine","No","Posting / Backend","","Documentation",""
"C5-5.4-001","18","18","18","Part I — Governance Constitution","5","Posting","5.4","SP-C5-5.4-b17cee9e","Reversal procedures, inventory recalculation, ledger repair, historical data correction — separate governance documents.","","Reversal procedures, inventory recalculation, ledger repair, historical data correction — separate governance documents.","Out of Scope","Out of Scope","atomic","","Manual Reviewed — Confirmed","§5.4 out-of-scope section.","gate-a.2-semantic-engine","No","Posting / Backend","","N/A",""
"C6-6.1-001","19","19","19","Part I — Governance Constitution","6","Period Management","6.1","SP-C6-6.1-942c66b4","Period Management preserves inventory integrity, financial integrity, audit integrity, and reporting consistency.","","Period Management preserves inventory integrity, financial integrity, audit integrity, and reporting consistency.","Descriptive","Descriptive Context","atomic","","Manual Reviewed — Confirmed","Descriptive context — no product modal operator.","gate-a.2-semantic-engine","No","Period Management / Backend","","Documentation",""
"C6-6.1-002","19","19","19","Part I — Governance Constitution","6","Period Management","6.1","SP-C6-6.1-a194b7a8","It governs when transactions may officially affect inventory and financial records.","","It governs when transactions may officially affect inventory and financial records.","Explicit May","Optional Capability","atomic","","Manual Reviewed — Confirmed","Explicit may modal — optional capability.","gate-a.2-semantic-engine","Yes","Period Management / Backend","","Runtime",""
"C6-6.2-001","19","19","19","Part I — Governance Constitution","6","Period Management","6.2","SP-C6-6.2-278d19b3","DX OSE formally recognizes Inventory Period and Financial Period.","","DX OSE formally recognizes Inventory Period and Financial Period.","Descriptive","Descriptive Context","atomic","","Manual Reviewed — Confirmed","Descriptive context — no product modal operator.","gate-a.2-semantic-engine","No","Period Management / Backend","","Documentation",""
"C6-6.2-002","19","19","19","Part I — Governance Constitution","6","Period Management","6.2","SP-C6-6.2-0286df24","The current implementation may manage both using a shared calendar while allowing future separation.","","The current implementation may manage both using a shared calendar while allowing future separation.","Explicit May","Optional Capability","atomic","","Manual Reviewed — Confirmed","Explicit may modal — optional capability.","gate-a.2-semantic-engine","Yes","Period Management / Backend","","Runtime",""
"C6-6.3-001","19","19","19","Part I — Governance Constitution","6","Period Management","6.3","SP-C6-6.3-62bdda06","Each document shall permanently maintain Document Date, Posting Date, and Assigned Posting Period.","","Each document shall permanently maintain Document Date, Posting Date, and Assigned Posting Period.","Explicit Shall","Product Enforceable Requirement","atomic","","Manual Reviewed — Confirmed","Explicit shall modal.","gate-a.2-semantic-engine","Yes","Period Management / Backend","","Code / Runtime / UI",""
"C6-6.3-002","19","19","19","Part I — Governance Constitution","6","Period Management","6.3","SP-C6-6.3-6418b818","Document Date — actual business event date.","","Document Date — actual business event date.","Descriptive","Descriptive Context","atomic","","Manual Reviewed — Confirmed","Descriptive context — no product modal operator.","gate-a.2-semantic-engine","No","Period Management / Backend","","Documentation",""
"C6-6.3-003","19","19","19","Part I — Governance Constitution","6","Period Management","6.3","SP-C6-6.3-2c856ef7","Posting Date — official accounting and inventory recognition date.","","Posting Date — official accounting and inventory recognition date.","Descriptive","Descriptive Context","atomic","","Manual Reviewed — Confirmed","Descriptive context — no product modal operator.","gate-a.2-semantic-engine","No","Period Management / Backend","","Documentation",""
"C6-6.3-004","19","19","19","Part I — Governance Constitution","6","Period Management","6.3","SP-C6-6.3-e3d52263","Assigned Posting Period — determined at Posting, permanently recorded.","","Assigned Posting Period — determined at Posting, permanently recorded.","Descriptive","Descriptive Context","atomic","","Manual Reviewed — Confirmed","Descriptive context — no product modal operator.","gate-a.2-semantic-engine","No","Period Management / Backend","","Documentation",""
"C6-6.3-005","19","19","19","Part I — Governance Constitution","6","Period Management","6.3","SP-C6-6.3-e6fdd536","Document Date and Posting Date are independent and must never be treated as interchangeable.","","Document Date and Posting Date are independent and must never be treated as interchangeable.","Explicit Must","Product Enforceable Requirement","atomic","","Manual Reviewed — Confirmed","Explicit must modal.","gate-a.2-semantic-engine","Yes","Period Management / Backend","","Code / Runtime / UI",""
"C6-6.4-001","19","19","19","Part I — Governance Constitution","6","Period Management","6.4","SP-C6-6.4-2d0d188e","Open, Closing, Closed, Archived","","Open, Closing, Closed, Archived.","Descriptive","Descriptive Context","atomic","","Manual Reviewed — Confirmed","Descriptive context — no product modal operator.","gate-a.2-semantic-engine","No","Period Management / Backend","","Documentation",""
"C6-6.4-002","19","19","19","Part I — Governance Constitution","6","Period Management","6.4","SP-C6-6.4-62d2079a","Closing — controlled validation phase before period may close.","","Closing — controlled validation phase before period may close.","Explicit May","Optional Capability","atomic","","Manual Reviewed — Confirmed","Explicit may modal — optional capability.","gate-a.2-semantic-engine","Yes","Period Management / Backend","","Runtime",""
"C6-6.5-001","19","19","19","Part I — Governance Constitution","6","Period Management","6.5","SP-C6-6.5-5ca610c3","Posting permitted only when Posting Period is Open and all validations pass.","","Posting permitted only when Posting Period is Open and all validations pass.","Descriptive","Descriptive Context","atomic","","Manual Reviewed — Confirmed","Descriptive context — no product modal operator.","gate-a.2-semantic-engine","No","Period Management / Backend","","Documentation",""
"C6-6.5-002","19","19","19","Part I — Governance Constitution","6","Period Management","6.5","SP-C6-6.5-f55e2409","Future posting restrictions apply to Posting Date only, not Document Date.","","Future posting restrictions apply to Posting Date only, not Document Date.","Descriptive","Descriptive Context","atomic","","Manual Reviewed — Confirmed","Descriptive context — no product modal operator.","gate-a.2-semantic-engine","No","Period Management / Backend","","Documentation",""
"C6-6.5-003","19","19","19","Part I — Governance Constitution","6","Period Management","6.5","SP-C6-6.5-8f910cc3","Historical Document Date may be accepted if business policy allows and posting period is open.","","Historical Document Date may be accepted if business policy allows and posting period is open.","Explicit May","Optional Capability","atomic","","Manual Reviewed — Confirmed","Explicit may modal — optional capability.","gate-a.2-semantic-engine","Yes","Period Management / Backend","","Runtime",""
"C6-6.5-004","19","19","19","Part I — Governance Constitution","6","Period Management","6.5","SP-C6-6.5-e73b5bb0","Posting into Closed period prohibited.","","Posting into Closed period prohibited.","Explicit Shall","Product Enforceable Requirement","atomic","","Manual Reviewed — Confirmed","§6.5 normative rule/principle.","gate-a.2-semantic-engine","Yes","Period Management / Backend","","Code / Runtime / UI",""
"C6-6.5-005","19","19","19","Part I — Governance Constitution","6","Period Management","6.5","SP-C6-6.5-4b7ea5b4","Periods close sequentially; periods must not overlap.","","Periods close sequentially; periods must not overlap.","Explicit Shall","Product Enforceable Requirement","atomic","","Manual Reviewed — Confirmed","§6.5 normative rule/principle.","gate-a.2-semantic-engine","Yes","Period Management / Backend","","Code / Runtime / UI",""
"C6-6.5-006","19","19","19","Part I — Governance Constitution","6","Period Management","6.5","SP-C6-6.5-1abfcbfb","Period validation is centralized; modules shall not implement independent period logic.","","Period validation is centralized; modules shall not implement independent period logic.","Explicit Shall","Product Enforceable Requirement","atomic","","Manual Reviewed — Confirmed","§6.5 normative rule/principle.","gate-a.2-semantic-engine","Yes","Period Management / Backend","","Code / Runtime / UI",""
"C6-6.5-007","19","19","19","Part I — Governance Constitution","6","Period Management","6.5","SP-C6-6.5-397eccfd","Assigned Posting Period is immutable after Posting.","","Assigned Posting Period is immutable after Posting.","Descriptive","Descriptive Context","atomic","","Manual Reviewed — Confirmed","Descriptive context — no product modal operator.","gate-a.2-semantic-engine","No","Period Management / Backend","","Documentation",""
"C6-6.6-001","19","19","19","Part I — Governance Constitution","6","Period Management","6.6","SP-C6-6.6-b7ef71b2","Period Close is a governed business process, not a simple validation failure.","","Period Close is a governed business process, not a simple validation failure.","Descriptive","Descriptive Context","atomic","","Manual Reviewed — Confirmed","Descriptive context — no product modal operator.","gate-a.2-semantic-engine","No","Period Management / Backend","","Documentation",""
"C6-6.6-002","19","19","19","Part I — Governance Constitution","6","Period Management","6.6","SP-C6-6.6-aa275dd2","Validation phase: centralized validation with progress indication when Close Period is initiated.","","Validation phase: centralized validation with progress indication when Close Period is initiated.","Descriptive","Descriptive Context","atomic","","Manual Reviewed — Confirmed","Descriptive context — no product modal operator.","gate-a.2-semantic-engine","No","Period Management / Backend","","Documentation",""
"C6-6.6-003","19","19","19","Part I — Governance Constitution","6","Period Management","6.6","SP-C6-6.6-5bccc485","Resolution workspace when blocking conditions exist:","","Resolution workspace when blocking conditions exist:","Descriptive","Descriptive Context","atomic","","Manual Reviewed — Confirmed","Descriptive context — no product modal operator.","gate-a.2-semantic-engine","No","Period Management / Backend","","Documentation",""
"C6-6.6-004","19","19","19","Part I — Governance Constitution","6","Period Management","6.6","SP-C6-6.6-0745abb0","Tab 1 — Close Validation: draft documents, pending workflow, approved-not-posted, validation failures, integrity issues; authorized resolution; then Revalidate & Close.","","Tab 1 — Close Validation: draft documents, pending workflow, approved-not-posted, validation failures, integrity issues; authorized resolution; then Revalidate & Close.","Descriptive","Descriptive Context","atomic","","Manual Reviewed — Confirmed","Descriptive context — no product modal operator.","gate-a.2-semantic-engine","No","Period Management / Backend","","Documentation",""
"C6-6.6-005","19","19","19","Part I — Governance Constitution","6","Period Management","6.6","SP-C6-6.6-be818bb1","Tab 2 — Closed Periods: history (period, closed by, closed at, notes, audit).","","Tab 2 — Closed Periods: history (period, closed by, closed at, notes, audit).","Descriptive","Descriptive Context","atomic","","Manual Reviewed — Confirmed","Descriptive context — no product modal operator.","gate-a.2-semantic-engine","No","Period Management / Backend","","Documentation",""
"C6-6.6-006","19","19","19","Part I — Governance Constitution","6","Period Management","6.6","SP-C6-6.6-18fa0174","Principle: The platform shall provide governed period-close resolution whenever blocking conditions exist, rather than merely rejecting the request.","","Principle: The platform shall provide governed period-close resolution whenever blocking conditions exist, rather than merely rejecting the request.","Explicit Shall","Product Enforceable Requirement","atomic","","Manual Reviewed — Confirmed","Explicit shall modal.","gate-a.2-semantic-engine","Yes","Period Management / Backend","","Code / Runtime / UI",""
"C6-6.6-007","19","19","19","Part I — Governance Constitution","6","Period Management","6.6","SP-C6-6.6-2fc083e7","Integrates with Draft Governance (Chapter 7).","","Integrates with Draft Governance (Chapter 7).","Descriptive","Descriptive Context","atomic","","Manual Reviewed — Confirmed","Descriptive context — no product modal operator.","gate-a.2-semantic-engine","No","Period Management / Backend","","Documentation",""
"C6-6.7-001","19","19","19","Part I — Governance Constitution","6","Period Management","6.7","SP-C6-6.7-0abe7588","Prevent invalid Posting Dates proactively where possible.","","Prevent invalid Posting Dates proactively where possible.","Descriptive","Descriptive Context","atomic","","Manual Reviewed — Confirmed","Descriptive context — no product modal operator.","gate-a.2-semantic-engine","No","Period Management / Backend","","Documentation",""
"C6-6.8-001","20","19","20","Part I — Governance Constitution","6","Period Management","6.8","SP-C6-6.8-98548a85","Governed by separate financial governance policy — intentionally deferred from this Constitution.","","Governed by separate financial governance policy — intentionally deferred from this Constitution.","Descriptive","Descriptive Context","atomic","","Manual Reviewed — Confirmed","Descriptive context — no product modal operator.","gate-a.2-semantic-engine","No","Period Management / Backend","","Documentation",""
"C6-6.9-001","20","20","20","Part I — Governance Constitution","6","Period Management","6.9","SP-C6-6.9-a47be64d","Fiscal calendar configuration, accounting policies, year-end financial closing, financial reopening policies.","","Fiscal calendar configuration, accounting policies, year-end financial closing, financial reopening policies.","Out of Scope","Out of Scope","atomic","","Manual Reviewed — Confirmed","§6.9 out-of-scope section.","gate-a.2-semantic-engine","No","Period Management / Backend","","N/A",""
"C7-7.1-001","21","21","21","Part I — Governance Constitution","7","Draft & Document State Protection","7.1","SP-C7-7.1-9666fdb8","These must remain separate policies.","","These must remain separate policies.","Explicit Must","Product Enforceable Requirement","atomic","","Manual Reviewed — Confirmed","Explicit must modal.","gate-a.2-semantic-engine","Yes","Draft Governance / Shared UX","","Code / Runtime / UI",""
"C7-7.2-001","21","21","21","Part I — Governance Constitution","7","Draft & Document State Protection","7.2","SP-C7-7.2-e3c78374","Every operational document shall begin as a server-recognized draft unless Workflow Contracts define otherwise.","","Every operational document shall begin as a server-recognized draft unless Workflow Contracts define otherwise.","Explicit Shall","Product Enforceable Requirement","atomic","","Manual Reviewed — Confirmed","Explicit shall modal.","gate-a.2-semantic-engine","Yes","Draft Governance / Shared UX","","Code / Runtime / UI",""
"C7-7.3-001","21","21","21","Part I — Governance Constitution","7","Draft & Document State Protection","7.3","SP-C7-7.3-519852ef","Temporary buffer (not official draft) → Server draft → Workflow document after Submit.","","Temporary buffer (not official draft) → Server draft → Workflow document after Submit.","Descriptive","Descriptive Context","atomic","","Manual Reviewed — Confirmed","Descriptive context — no product modal operator.","gate-a.2-semantic-engine","No","Draft Governance / Shared UX","","Documentation",""
"C7-7.4-001","21","21","21","Part I — Governance Constitution","7","Draft & Document State Protection","7.4","SP-C7-7.4-19377164","The platform shall define: draft owner; access rights; ownership transfer (if permitted); handling of drafts for inactive or departed users.","","The platform shall define: draft owner; access rights; ownership transfer (if permitted); handling of drafts for inactive or departed users.","Explicit Shall","Product Enforceable Requirement","atomic","","Manual Reviewed — Confirmed","Explicit shall modal.","gate-a.2-semantic-engine","Yes","Draft Governance / Shared UX","","Code / Runtime / UI",""
"C7-7.5-001","21","21","21","Part I — Governance Constitution","7","Draft & Document State Protection","7.5","SP-C7-7.5-e9bf9293","Rules for opening the same draft from multiple sessions or devices shall align with Chapter 8 (Concurrency).","","Rules for opening the same draft from multiple sessions or devices shall align with Chapter 8 (Concurrency).","Explicit Shall","Product Enforceable Requirement","atomic","","Manual Reviewed — Confirmed","Explicit shall modal.","gate-a.2-semantic-engine","Yes","Draft Governance / Shared UX","","Code / Runtime / UI",""
"C7-7.6-001","21","21","21","Part I — Governance Constitution","7","Draft & Document State Protection","7.6","SP-C7-7.6-d180d3a6","Internal draft lifecycle states (e.g. active, submitted, discarded, expired) may exist; not all need be user-visible.","","Internal draft lifecycle states (e.g. active, submitted, discarded, expired) may exist; not all need be user-visible.","Explicit May","Optional Capability","atomic","","Manual Reviewed — Confirmed","Explicit may modal — optional capability.","gate-a.2-semantic-engine","Yes","Draft Governance / Shared UX","","Runtime",""
"C7-7.7-001","21","21","21","Part I — Governance Constitution","7","Draft & Document State Protection","7.7","SP-C7-7.7-cac4eb9c","Auto-save shall occur on meaningful business events (add/delete row, qty/price change, supplier/warehouse change, attachment, notes, before navigation).","","Auto-save shall occur on meaningful business events (add/delete row, qty/price change, supplier/warehouse change, attachment, notes, before navigation).","Explicit Shall","Product Enforceable Requirement","atomic","","Manual Reviewed — Confirmed","Explicit shall modal.","gate-a.2-semantic-engine","Yes","Draft Governance / Shared UX","","Code / Runtime / UI",""
"C7-7.7-002","21","21","21","Part I — Governance Constitution","7","Draft & Document State Protection","7.7","SP-C7-7.7-3a03af95","Not on fixed timers defined in this Constitution.","","Not on fixed timers defined in this Constitution.","Descriptive","Descriptive Context","atomic","","Manual Reviewed — Confirmed","Descriptive context — no product modal operator.","gate-a.2-semantic-engine","No","Draft Governance / Shared UX","","Documentation",""
"C7-7.8-001","21","21","21","Part I — Governance Constitution","7","Draft & Document State Protection","7.8","SP-C7-7.8-fb1bd03a","Recovered drafts shall not bypass current validation.","","Recovered drafts shall not bypass current validation.","Explicit Shall","Product Enforceable Requirement","atomic","","Manual Reviewed — Confirmed","§7.8 draft/document protection requirement.","gate-a.2-semantic-engine","Yes","Draft Governance / Shared UX","","Code / Runtime / UI",""
"C7-7.8-002","21","21","21","Part I — Governance Constitution","7","Draft & Document State Protection","7.8","SP-C7-7.8-80a3a563","Restored documents must be revalidated before continue or submit.","","Restored documents must be revalidated before continue or submit.","Explicit Must","Product Enforceable Requirement","atomic","","Manual Reviewed — Confirmed","§7.8 draft/document protection requirement.","gate-a.2-semantic-engine","Yes","Draft Governance / Shared UX","","Code / Runtime / UI",""
"C7-7.8-003","21","21","21","Part I — Governance Constitution","7","Draft & Document State Protection","7.8","SP-C7-7.8-af6e1e44","Recovery prompt: Continue or Discard.","","Recovery prompt: Continue or Discard.","Descriptive","Descriptive Context","atomic","","Manual Reviewed — Confirmed","Descriptive context — no product modal operator.","gate-a.2-semantic-engine","No","Draft Governance / Shared UX","","Documentation",""
"C7-7.8-004","21","21","21","Part I — Governance Constitution","7","Draft & Document State Protection","7.8","SP-C7-7.8-e102a5b3","Last saved indicator should be visible.","","Last saved indicator should be visible.","Explicit Should","Strong Recommendation","atomic","","Manual Reviewed — Confirmed","§7.8 strong recommendation.","gate-a.2-semantic-engine","Yes","Draft Governance / Shared UX","","UI / Runtime",""
"C7-7.9-001","21","21","21","Part I — Governance Constitution","7","Draft & Document State Protection","7.9","SP-C7-7.9-2a7cc9c6","Draft registry required per document family.","","Draft registry required per document family.","Explicit Shall","Product Enforceable Requirement","atomic","","Manual Reviewed — Confirmed","§7.9 draft/document protection requirement.","gate-a.2-semantic-engine","Yes","Draft Governance / Shared UX","","Code / Runtime / UI",""
"C7-7.9-002","21","21","21","Part I — Governance Constitution","7","Draft & Document State Protection","7.9","SP-C7-7.9-c0972026","Default retention 30 days.","","Default retention 30 days.","Descriptive","Descriptive Context","atomic","","Manual Reviewed — Confirmed","Descriptive context — no product modal operator.","gate-a.2-semantic-engine","No","Draft Governance / Shared UX","","Documentation",""
"C7-7.9-003","21","21","21","Part I — Governance Constitution","7","Draft & Document State Protection","7.9","SP-C7-7.9-4dc787a9","Expiration policy (delete, archive, expired state) shall be defined by platform policy.","","Expiration policy (delete, archive, expired state) shall be defined by platform policy.","Explicit Shall","Product Enforceable Requirement","atomic","","Manual Reviewed — Confirmed","§7.9 draft/document protection requirement.","gate-a.2-semantic-engine","Yes","Draft Governance / Shared UX","","Code / Runtime / UI",""
"C7-7.10-001","21","21","21","Part I — Governance Constitution","7","Draft & Document State Protection","7.10","SP-C7-7.10-e80c1548","Applies to: route navigation, browser refresh, browser/tab close, back navigation, session expiration with unsaved changes.","","Applies to: route navigation, browser refresh, browser/tab close, back navigation, session expiration with unsaved changes.","Descriptive","Descriptive Context","atomic","","Manual Reviewed — Confirmed","Descriptive context — no product modal operator.","gate-a.2-semantic-engine","No","Draft Governance / Shared UX","","Documentation",""
"C7-7.10-002","21","21","21","Part I — Governance Constitution","7","Draft & Document State Protection","7.10","SP-C7-7.10-e062c583","Successful Save Draft or Submit returns to clean state.","","Successful Save Draft or Submit returns to clean state.","Descriptive","Descriptive Context","atomic","","Manual Reviewed — Confirmed","Descriptive context — no product modal operator.","gate-a.2-semantic-engine","No","Draft Governance / Shared UX","","Documentation",""
"C7-7.11-001","22","21","22","Part I — Governance Constitution","7","Draft & Document State Protection","7.11","SP-C7-7.11-11180725","Upon successful creation of the first Server Draft, the System Document Number becomes permanently reserved per Chapter 9.","","Upon successful creation of the first Server Draft, the System Document Number becomes permanently reserved per Chapter 9.","Explicit Shall","Product Enforceable Requirement","atomic","","Manual Reviewed — Confirmed","§7.11 draft/document protection requirement.","gate-a.2-semantic-engine","Yes","Draft Governance / Shared UX","","Code / Runtime / UI",""
"C7-7.12-001","22","22","22","Part I — Governance Constitution","7","Draft & Document State Protection","7.12","SP-C7-7.12-4a1ebd38","Not supported — cloud ERP.","","Not supported — cloud ERP.","Descriptive","Descriptive Context","atomic","","Manual Reviewed — Confirmed","Descriptive context — no product modal operator.","gate-a.2-semantic-engine","No","Draft Governance / Shared UX","","Documentation",""
"C7-7.13-001","22","22","22","Part I — Governance Constitution","7","Draft & Document State Protection","7.13","SP-C7-7.13-020d3ac8","Storage technology, sync intervals, local cache design.","","Storage technology, sync intervals, local cache design.","Out of Scope","Out of Scope","atomic","","Manual Reviewed — Confirmed","§7.13 out-of-scope section.","gate-a.2-semantic-engine","No","Draft Governance / Shared UX","","N/A",""
"C8-8.1-001","23","23","23","Part I — Governance Constitution","8","Concurrency","8.1","SP-C8-8.1-95a739e5","Prevent silent overwrites when multiple users affect the same document.","","Prevent silent overwrites when multiple users affect the same document.","Descriptive","Descriptive Context","atomic","","Manual Reviewed — Confirmed","Descriptive context — no product modal operator.","gate-a.2-semantic-engine","No","Concurrency / Backend","","Documentation",""
"C8-8.2-001","23","23","23","Part I — Governance Constitution","8","Concurrency","8.2","SP-C8-8.2-bfd28605","Every editable document shall maintain a Concurrency Version for conflict detection.","","Every editable document shall maintain a Concurrency Version for conflict detection.","Explicit Shall","Product Enforceable Requirement","atomic","","Manual Reviewed — Confirmed","Explicit shall modal.","gate-a.2-semantic-engine","Yes","Concurrency / Backend","","Code / Runtime / UI",""
"C8-8.2-002","23","23","23","Part I — Governance Constitution","8","Concurrency","8.2","SP-C8-8.2-e43c191f","The Constitution does not mandate a specific technical mechanism.","","The Constitution does not mandate a specific technical mechanism.","Descriptive","Descriptive Context","atomic","","Manual Reviewed — Confirmed","Descriptive context — no product modal operator.","gate-a.2-semantic-engine","No","Concurrency / Backend","","Documentation",""
"C8-8.3-001","23","23","23","Part I — Governance Constitution","8","Concurrency","8.3","SP-C8-8.3-5f2aa4c9","Concurrency applies to the entire governed document, not isolated fields only.","","Concurrency applies to the entire governed document, not isolated fields only.","Explicit Shall","Product Enforceable Requirement","atomic","","Manual Reviewed — Confirmed","§8.3 concurrency requirement.","gate-a.2-semantic-engine","Yes","Concurrency / Backend","","Code / Runtime / UI",""
"C8-8.4-001","23","23","23","Part I — Governance Constitution","8","Concurrency","8.4","SP-C8-8.4-91383d35","Concurrent edits must be detected.","","Concurrent edits must be detected.","Explicit Shall","Product Enforceable Requirement","atomic","","Manual Reviewed — Confirmed","§8.4 normative rule/principle.","gate-a.2-semantic-engine","Yes","Concurrency / Backend","","Code / Runtime / UI",""
"C8-8.4-002","23","23","23","Part I — Governance Constitution","8","Concurrency","8.4","SP-C8-8.4-d703bf56","Last write wins is prohibited.","","Last write wins is prohibited.","Explicit Shall","Product Enforceable Requirement","atomic","","Manual Reviewed — Confirmed","§8.4 normative rule/principle.","gate-a.2-semantic-engine","Yes","Concurrency / Backend","","Code / Runtime / UI",""
"C8-8.4-003","23","23","23","Part I — Governance Constitution","8","Concurrency","8.4","SP-C8-8.4-43ceb5e7","Conflicting operation shall be rejected; user shall reload latest version.","","Conflicting operation shall be rejected; user shall reload latest version.","Explicit Shall","Product Enforceable Requirement","atomic","","Manual Reviewed — Confirmed","§8.4 normative rule/principle.","gate-a.2-semantic-engine","Yes","Concurrency / Backend","","Code / Runtime / UI",""
"C8-8.5-001","23","23","23","Part I — Governance Constitution","8","Concurrency","8.5","SP-C8-8.5-f9f1c953","Document is read-only except via Return workflow.","","Document is read-only except via Return workflow.","Explicit Shall","Product Enforceable Requirement","atomic","","Manual Reviewed — Confirmed","§8.5 concurrency requirement.","gate-a.2-semantic-engine","Yes","Concurrency / Backend","","Code / Runtime / UI",""
"C8-8.6-001","23","23","23","Part I — Governance Constitution","8","Concurrency","8.6","SP-C8-8.6-6c78514c","Save Draft, Submit, Approve, Reject, Send Back, Cancel, Post — must not execute twice on the same version without detection.","","Save Draft, Submit, Approve, Reject, Send Back, Cancel, Post — must not execute twice on the same version without detection.","Explicit Must Not","Product Enforceable Requirement","atomic","","Manual Reviewed — Confirmed","Explicit must/shall not modal.","gate-a.2-semantic-engine","Yes","Concurrency / Backend","","Code / Runtime / UI",""
"C8-8.7-001","23","23","23","Part I — Governance Constitution","8","Concurrency","8.7","SP-C8-8.7-84623d2b","Posting must not execute except on the latest valid document version after concurrency verification.","","Posting must not execute except on the latest valid document version after concurrency verification.","Explicit Must Not","Product Enforceable Requirement","atomic","","Manual Reviewed — Confirmed","Explicit must/shall not modal.","gate-a.2-semantic-engine","Yes","Concurrency / Backend","","Code / Runtime / UI",""
"C8-8.8-001","23","23","23","Part I — Governance Constitution","8","Concurrency","8.8","SP-C8-8.8-0e636c08","Reject conflicting update; do not overwrite another user's changes; require reload before retry.","","Reject conflicting update; do not overwrite another user's changes; require reload before retry.","Explicit Shall","Product Enforceable Requirement","atomic","","Manual Reviewed — Confirmed","§8.8 concurrency requirement.","gate-a.2-semantic-engine","Yes","Concurrency / Backend","","Code / Runtime / UI",""
"C8-8.8-002","23","23","23","Part I — Governance Constitution","8","Concurrency","8.8","SP-C8-8.8-251b2d58","The platform shall reject conflicting updates using the platform's concurrency mechanism (implementation: Architecture Guide).","","The platform shall reject conflicting updates using the platform's concurrency mechanism (implementation: Architecture Guide).","Explicit Shall","Product Enforceable Requirement","atomic","","Manual Reviewed — Confirmed","§8.8 concurrency requirement.","gate-a.2-semantic-engine","Yes","Concurrency / Backend","","Code / Runtime / UI",""
"C8-8.9-001","23","23","23","Part I — Governance Constitution","8","Concurrency","8.9","SP-C8-8.9-ca53c422","Draft ownership and draft locking — Chapter 7.","","Draft ownership and draft locking — Chapter 7.","Descriptive","Descriptive Context","atomic","","Manual Reviewed — Confirmed","Descriptive context — no product modal operator.","gate-a.2-semantic-engine","No","Concurrency / Backend","","Documentation",""
"C8-8.9-002","23","23","23","Part I — Governance Constitution","8","Concurrency","8.9","SP-C8-8.9-34619ae5","Conflict detection during operations — this chapter.","","Conflict detection during operations — this chapter.","Descriptive","Descriptive Context","atomic","","Manual Reviewed — Confirmed","Descriptive context — no product modal operator.","gate-a.2-semantic-engine","No","Concurrency / Backend","","Documentation",""
"C8-8.10-001","23","23","23","Part I — Governance Constitution","8","Concurrency","8.10","SP-C8-8.10-015b72db","Concurrency conflicts shall be recorded in audit when appropriate.","","Concurrency conflicts shall be recorded in audit when appropriate.","Explicit Shall","Product Enforceable Requirement","atomic","","Manual Reviewed — Confirmed","Explicit shall modal.","gate-a.2-semantic-engine","Yes","Concurrency / Backend","","Code / Runtime / UI",""
"C8-8.11-001","23","23","23","Part I — Governance Constitution","8","Concurrency","8.11","SP-C8-8.11-24b269ee","Specific HTTP codes, database locking mechanisms.","","Specific HTTP codes, database locking mechanisms.","Out of Scope","Out of Scope","atomic","","Manual Reviewed — Confirmed","§8.11 out-of-scope section.","gate-a.2-semantic-engine","No","Concurrency / Backend","","N/A",""
"C9-9.1-001","24","24","24","Part II — Document Identity","9","Document Numbering","9.1","SP-C9-9.1-0675fd88","One auditable numbering policy for all document types.","","One auditable numbering policy for all document types.","Descriptive","Descriptive Context","atomic","","Manual Reviewed — Confirmed","Descriptive context — no product modal operator.","gate-a.2-semantic-engine","No","Document Numbering / Platform","","Documentation",""
"C9-9.2-001","24","24","24","Part II — Document Identity","9","Document Numbering","9.2","SP-C9-9.2-de3b0768","Assigned by the platform only; users must not enter or edit.","","Assigned by the platform only; users must not enter or edit.","Explicit Must Not","Product Enforceable Requirement","atomic","","Manual Reviewed — Confirmed","Explicit must/shall not modal.","gate-a.2-semantic-engine","Yes","Document Numbering / Platform","","Code / Runtime / UI",""
"C9-9.2-002","24","24","24","Part II — Document Identity","9","Document Numbering","9.2","SP-C9-9.2-95fd709b","Assigned at first Server Draft Save (Chapter 7.11).","","Assigned at first Server Draft Save (Chapter 7.11).","Descriptive","Descriptive Context","atomic","","Manual Reviewed — Confirmed","Descriptive context — no product modal operator.","gate-a.2-semantic-engine","No","Document Numbering / Platform","","Documentation",""
"C9-9.2-003","24","24","24","Part II — Document Identity","9","Document Numbering","9.2","SP-C9-9.2-f8a2a056","Format: `{Type Prefix}-{Year}-{Sequence}` (e.g. GRN-2026-00001).","","Format: `{Type Prefix}-{Year}-{Sequence}` (e.g. GRN-2026-00001).","Descriptive","Descriptive Context","atomic","","Manual Reviewed — Confirmed","Descriptive context — no product modal operator.","gate-a.2-semantic-engine","No","Document Numbering / Platform","","Documentation",""
"C9-9.2-004","24","24","24","Part II — Document Identity","9","Document Numbering","9.2","SP-C9-9.2-3822d1d8","External references (e.g. supplier invoice number) are separate fields.","","External references (e.g. supplier invoice number) are separate fields.","Descriptive","Descriptive Context","atomic","","Manual Reviewed — Confirmed","Descriptive context — no product modal operator.","gate-a.2-semantic-engine","No","Document Numbering / Platform","","Documentation",""
"C9-9.3-001","24","24","24","Part II — Document Identity","9","Document Numbering","9.3","SP-C9-9.3-5f69d9c6","Uniqueness — unique within governed numbering scope.","","Uniqueness — unique within governed numbering scope.","Descriptive","Descriptive Context","atomic","","Manual Reviewed — Confirmed","Descriptive context — no product modal operator.","gate-a.2-semantic-engine","No","Document Numbering / Platform","","Documentation",""
"C9-9.3-002","24","24","24","Part II — Document Identity","9","Document Numbering","9.3","SP-C9-9.3-d3d3143e","Reservation — upon first Server Draft, number permanently reserved.","","Reservation — upon first Server Draft, number permanently reserved.","Descriptive","Descriptive Context","atomic","","Manual Reviewed — Confirmed","Descriptive context — no product modal operator.","gate-a.2-semantic-engine","No","Document Numbering / Platform","","Documentation",""
"C9-9.3-003","24","24","24","Part II — Document Identity","9","Document Numbering","9.3","SP-C9-9.3-21dfee30","Deleted drafts — number never released or recycled.","","Deleted drafts — number never released or recycled.","Descriptive","Descriptive Context","atomic","","Manual Reviewed — Confirmed","Descriptive context — no product modal operator.","gate-a.2-semantic-engine","No","Document Numbering / Platform","","Documentation",""
"C9-9.3-004","24","24","24","Part II — Document Identity","9","Document Numbering","9.3","SP-C9-9.3-a2ea9f07","Gap policy — gaps acceptable; numbers must not be reused.","","Gap policy — gaps acceptable; numbers must not be reused.","Explicit Shall","Product Enforceable Requirement","atomic","","Manual Reviewed — Confirmed","§9.3 normative rule/principle.","gate-a.2-semantic-engine","Yes","Document Numbering / Platform","","Code / Runtime / UI",""
"C9-9.3-005","24","24","24","Part II — Document Identity","9","Document Numbering","9.3","SP-C9-9.3-57dd9424","Unified engine — all creation channels (manual, import, integration, future) use same numbering governance.","","Unified engine — all creation channels (manual, import, integration, future) use same numbering governance.","Descriptive","Descriptive Context","atomic","","Manual Reviewed — Confirmed","Descriptive context — no product modal operator.","gate-a.2-semantic-engine","No","Document Numbering / Platform","","Documentation",""
"C9-9.3-006","24","24","24","Part II — Document Identity","9","Document Numbering","9.3","SP-C9-9.3-0cbe2a94","Prefix governance — prefixes governed centrally; modules must not configure independently unless authorized.","","Prefix governance — prefixes governed centrally; modules must not configure independently unless authorized.","Explicit Shall","Product Enforceable Requirement","atomic","","Manual Reviewed — Confirmed","§9.3 normative rule/principle.","gate-a.2-semantic-engine","Yes","Document Numbering / Platform","","Code / Runtime / UI",""
"C9-9.3-007","24","24","24","Part II — Document Identity","9","Document Numbering","9.3","SP-C9-9.3-8614310a","Failed allocation — gaps from failed/rolled-back operations acceptable.","","Failed allocation — gaps from failed/rolled-back operations acceptable.","Descriptive","Descriptive Context","atomic","","Manual Reviewed — Confirmed","Descriptive context — no product modal operator.","gate-a.2-semantic-engine","No","Document Numbering / Platform","","Documentation",""
"C9-9.3-008","24","24","24","Part II — Document Identity","9","Document Numbering","9.3","SP-C9-9.3-e4d8d118","Immutability — once assigned, number immutable for entire lifecycle.","","Immutability — once assigned, number immutable for entire lifecycle.","Descriptive","Descriptive Context","atomic","","Manual Reviewed — Confirmed","Descriptive context — no product modal operator.","gate-a.2-semantic-engine","No","Document Numbering / Platform","","Documentation",""
"C9-9.3-009","24","24","24","Part II — Document Identity","9","Document Numbering","9.3","SP-C9-9.3-da9cecca","Audit — allocation traceable through platform audit mechanisms.","","Audit — allocation traceable through platform audit mechanisms.","Descriptive","Descriptive Context","atomic","","Manual Reviewed — Confirmed","Descriptive context — no product modal operator.","gate-a.2-semantic-engine","No","Document Numbering / Platform","","Documentation",""
"C9-9.3-010","24","24","24","Part II — Document Identity","9","Document Numbering","9.3","SP-C9-9.3-0458a2ee","Manual override — prohibited.","","Manual override — prohibited.","Explicit Shall","Product Enforceable Requirement","atomic","","Manual Reviewed — Confirmed","§9.3 normative rule/principle.","gate-a.2-semantic-engine","Yes","Document Numbering / Platform","","Code / Runtime / UI",""
"C9-9.3-011","24","24","24","Part II — Document Identity","9","Document Numbering","9.3","SP-C9-9.3-0d276149","Annual reset — per prefix per year (or fiscal year per platform policy).","","Annual reset — per prefix per year (or fiscal year per platform policy).","Descriptive","Descriptive Context","atomic","","Manual Reviewed — Confirmed","Descriptive context — no product modal operator.","gate-a.2-semantic-engine","No","Document Numbering / Platform","","Documentation",""
"C9-9.4-001","24","24","24","Part II — Document Identity","9","Document Numbering","9.4","SP-C9-9.4-28f32fb7","Branch or property prefixes embedded in document numbers.","","Branch or property prefixes embedded in document numbers.","Out of Scope","Out of Scope","atomic","","Manual Reviewed — Confirmed","§9.4 out-of-scope section.","gate-a.2-semantic-engine","No","Document Numbering / Platform","","N/A",""
"C10-10.1-001","25","25","25","Part III — Data Integrity","10","Stock & Quantity","10.1","SP-C10-10.1-484f03d3","Class Examples Stock check at posting Inbound Goods receipt, opening balance, positive adjustment Not required Outbound Transfer, breakage, lost, issue, get pass dispatch Required","","Class Examples Stock check at posting Inbound Goods receipt, opening balance, positive adjustment Not required Outbound Transfer, breakage, lost, issue, get pass dispatch Required","Descriptive","Descriptive Context","atomic","","Manual Reviewed — Confirmed","Descriptive context — no product modal operator.","gate-a.2-semantic-engine","No","Inventory / Stock","","Documentation",""
"C10-10.2-001","25","25","25","Part III — Data Integrity","10","Stock & Quantity","10.2","SP-C10-10.2-6a6afb92","Stock availability validated against latest committed inventory state at Posting.","","Stock availability validated against latest committed inventory state at Posting.","Explicit Shall","Product Enforceable Requirement","atomic","","Manual Reviewed — Confirmed","§10.2 inventory/stock rule bullet.","gate-a.2-semantic-engine","Yes","Inventory / Stock","","Code / Runtime / UI",""
"C10-10.2-002","25","25","25","Part III — Data Integrity","10","Stock & Quantity","10.2","SP-C10-10.2-8419d0fe","Negative inventory prohibited in DX OSE v2.0.","","Negative inventory prohibited in DX OSE v2.0.","Explicit Shall","Product Enforceable Requirement","atomic","","Manual Reviewed — Confirmed","§10.2 inventory/stock rule bullet.","gate-a.2-semantic-engine","Yes","Inventory / Stock","","Code / Runtime / UI",""
"C10-10.2-003","25","25","25","Part III — Data Integrity","10","Stock & Quantity","10.2","SP-C10-10.2-acc59334","Quantity must be greater than zero; zero-quantity lines prohibited.","","Quantity must be greater than zero; zero-quantity lines prohibited.","Explicit Shall","Product Enforceable Requirement","atomic","","Manual Reviewed — Confirmed","§10.2 inventory/stock rule bullet.","gate-a.2-semantic-engine","Yes","Inventory / Stock","","Code / Runtime / UI",""
"C10-10.2-004","25","25","25","Part III — Data Integrity","10","Stock & Quantity","10.2","SP-C10-10.2-7a8cb9c2","Quantity precision per platform settings; validation uses precise values.","","Quantity precision per platform settings; validation uses precise values.","Explicit Shall","Product Enforceable Requirement","atomic","","Manual Reviewed — Confirmed","§10.2 inventory/stock rule bullet.","gate-a.2-semantic-engine","Yes","Inventory / Stock","","Code / Runtime / UI",""
"C10-10.2-005","25","25","25","Part III — Data Integrity","10","Stock & Quantity","10.2","SP-C10-10.2-493e7159","Stock validation against source inventory location defined by transaction.","","Stock validation against source inventory location defined by transaction.","Explicit Shall","Product Enforceable Requirement","atomic","","Manual Reviewed — Confirmed","§10.2 inventory/stock rule bullet.","gate-a.2-semantic-engine","Yes","Inventory / Stock","","Code / Runtime / UI",""
"C10-10.2-006","25","25","25","Part III — Data Integrity","10","Stock & Quantity","10.2","SP-C10-10.2-0fa77002","All calculations use base unit.","","All calculations use base unit.","Explicit Shall","Product Enforceable Requirement","atomic","","Manual Reviewed — Confirmed","§10.2 inventory/stock rule bullet.","gate-a.2-semantic-engine","Yes","Inventory / Stock","","Code / Runtime / UI",""
"C10-10.2-007","25","25","25","Part III — Data Integrity","10","Stock & Quantity","10.2","SP-C10-10.2-2085c56a","Batch-controlled and serial-controlled inventory — Out of Scope v2.0.","","Batch-controlled and serial-controlled inventory — Out of Scope v2.0.","Explicit Shall","Product Enforceable Requirement","atomic","","Manual Reviewed — Confirmed","§10.2 inventory/stock rule bullet.","gate-a.2-semantic-engine","Yes","Inventory / Stock","","Code / Runtime / UI",""
"C10-10.2-008","25","25","25","Part III — Data Integrity","10","Stock & Quantity","10.2","SP-C10-10.2-a7939bbe","No transaction shall violate constitutional stock integrity rules.","","No transaction shall violate constitutional stock integrity rules.","Explicit Shall","Product Enforceable Requirement","atomic","","Manual Reviewed — Confirmed","§10.2 inventory/stock rule bullet.","gate-a.2-semantic-engine","Yes","Inventory / Stock","","Code / Runtime / UI",""
"C10-10.2-009","25","25","25","Part III — Data Integrity","10","Stock & Quantity","10.2","SP-C10-10.2-429db927","Inventory movements generated exclusively by Posted transactions.","","Inventory movements generated exclusively by Posted transactions.","Explicit Shall","Product Enforceable Requirement","atomic","","Manual Reviewed — Confirmed","§10.2 inventory/stock rule bullet.","gate-a.2-semantic-engine","Yes","Inventory / Stock","","Code / Runtime / UI",""
"C10-10.2-010","25","25","25","Part III — Data Integrity","10","Stock & Quantity","10.2","SP-C10-10.2-ebc0cb27","Posted inventory movements shall never be edited; corrections via new governed transactions.","","Posted inventory movements shall never be edited; corrections via new governed transactions.","Explicit Shall","Product Enforceable Requirement","atomic","","Manual Reviewed — Confirmed","§10.2 inventory/stock rule bullet.","gate-a.2-semantic-engine","Yes","Inventory / Stock","","Code / Runtime / UI",""
"C10-10.2-011","25","25","25","Part III — Data Integrity","10","Stock & Quantity","10.2","SP-C10-10.2-2645304a","Inbound: ●  no stock check","","Inbound: ●  no stock check","Explicit Shall","Product Enforceable Requirement","atomic","","Manual Reviewed — Confirmed","§10.2 stock check rule by movement direction.","gate-a.2-semantic-engine","Yes","Inventory / Stock","","Code / Runtime / UI",""
"C10-10.2-012","25","25","25","Part III — Data Integrity","10","Stock & Quantity","10.2","SP-C10-10.2-bfdd6c43","Outbound: authoritative on platform; client may warn only","","Outbound: authoritative on platform; client may warn only","Explicit Shall","Product Enforceable Requirement","atomic","","Manual Reviewed — Confirmed","§10.2 stock check rule by movement direction.","gate-a.2-semantic-engine","Yes","Inventory / Stock","","Code / Runtime / UI",""
"C10-10.3-001","25","25","25","Part III — Data Integrity","10","Stock & Quantity","10.3","SP-C10-10.3-5fd88725","Unit conversion within inventory movements; reservation (Chapter 2.4.5).","","Unit conversion within inventory movements; reservation (Chapter 2.4.5).","Out of Scope","Out of Scope","atomic","","Manual Reviewed — Confirmed","§10.3 out-of-scope section.","gate-a.2-semantic-engine","No","Inventory / Stock","","N/A",""
"C11-11.1-001","26","26","26","Part III — Data Integrity","11","Display Currency","11.1","SP-C11-11.1-805dc2a2","Display formatting only — not accounting or conversion.","","Display formatting only — not accounting or conversion.","Descriptive","Descriptive Context","atomic","","Manual Reviewed — Confirmed","Descriptive context — no product modal operator.","gate-a.2-semantic-engine","No","Display Currency / Shared UX","","Documentation",""
"C11-11.2-001","26","26","26","Part III — Data Integrity","11","Display Currency","11.2","SP-C11-11.2-b9774efd","Property-level display currency.","","Property-level display currency.","Descriptive","Descriptive Context","atomic","","Manual Reviewed — Confirmed","Descriptive context — no product modal operator.","gate-a.2-semantic-engine","No","Display Currency / Shared UX","","Documentation",""
"C11-11.3-001","26","26","26","Part III — Data Integrity","11","Display Currency","11.3","SP-C11-11.3-8722f40c","Changing display currency changes symbol and format only.","","Changing display currency changes symbol and format only.","Descriptive","Descriptive Context","atomic","","Manual Reviewed — Confirmed","Descriptive context — no product modal operator.","gate-a.2-semantic-engine","No","Display Currency / Shared UX","","Documentation",""
"C11-11.3-002","26","26","26","Part III — Data Integrity","11","Display Currency","11.3","SP-C11-11.3-7f408667","It must not convert amounts, alter stored values, ledger, valuation, historical posted documents, or participate in financial calculations, inventory valuation, posting logic, taxation, or accounting transactions.","","It must not convert amounts, alter stored values, ledger, valuation, historical posted documents, or participate in financial calculations, inventory valuation, posting logic, taxation, or accounting transactions.","Explicit Must Not","Product Enforceable Requirement","atomic","","Manual Reviewed — Confirmed","Explicit must/shall not modal.","gate-a.2-semantic-engine","Yes","Display Currency / Shared UX","","Code / Runtime / UI",""
"C11-11.4-001","26","26","26","Part III — Data Integrity","11","Display Currency","11.4","SP-C11-11.4-a78a3465","Display Currency shall apply consistently across all user interfaces, reports, dashboards, exported documents, and printed outputs unless explicitly governed otherwise.","","Display Currency shall apply consistently across all user interfaces, reports, dashboards, exported documents, and printed outputs unless explicitly governed otherwise.","Explicit Shall","Product Enforceable Requirement","atomic","","Manual Reviewed — Confirmed","Explicit shall modal.","gate-a.2-semantic-engine","Yes","Display Currency / Shared UX","","Code / Runtime / UI",""
"C11-11.4-002","26","26","26","Part III — Data Integrity","11","Display Currency","11.4","SP-C11-11.4-108df5a4","Reports and PDF shall use property display currency as each channel is brought under this standard.","","Reports and PDF shall use property display currency as each channel is brought under this standard.","Explicit Shall","Product Enforceable Requirement","atomic","","Manual Reviewed — Confirmed","Explicit shall modal.","gate-a.2-semantic-engine","Yes","Display Currency / Shared UX","","Code / Runtime / UI",""
"C11-11.5-001","26","26","26","Part III — Data Integrity","11","Display Currency","11.5","SP-C11-11.5-8afa0b4c","Decimal places per currency rules (SAR/USD 2, JPY 0, KWD 3).","","Decimal places per currency rules (SAR/USD 2, JPY 0, KWD 3).","Descriptive","Descriptive Context","atomic","","Manual Reviewed — Confirmed","Descriptive context — no product modal operator.","gate-a.2-semantic-engine","No","Display Currency / Shared UX","","Documentation",""
"C11-11.6-001","26","26","26","Part III — Data Integrity","11","Display Currency","11.6","SP-C11-11.6-ecb9642e","Changing Property Display Currency must not modify historical posted documents or stored business data.","","Changing Property Display Currency must not modify historical posted documents or stored business data.","Explicit Shall","Product Enforceable Requirement","atomic","","Manual Reviewed — Confirmed","§11.6 normative rule/principle.","gate-a.2-semantic-engine","Yes","Display Currency / Shared UX","","Code / Runtime / UI",""
"C11-11.7-001","26","26","26","Part III — Data Integrity","11","Display Currency","11.7","SP-C11-11.7-a4c590fd","Property settings — not inventory module settings.","","Property settings — not inventory module settings.","Descriptive","Descriptive Context","atomic","","Manual Reviewed — Confirmed","Descriptive context — no product modal operator.","gate-a.2-semantic-engine","No","Display Currency / Shared UX","","Documentation",""
"C11-11.8-001","26","26","26","Part III — Data Integrity","11","Display Currency","11.8","SP-C11-11.8-211e5874","Exchange rates, multi-currency purchasing, multi-currency accounting.","","Exchange rates, multi-currency purchasing, multi-currency accounting.","Out of Scope","Out of Scope","atomic","","Manual Reviewed — Confirmed","§11.8 out-of-scope section.","gate-a.2-semantic-engine","No","Display Currency / Shared UX","","N/A",""
"C12-12.1-001","27","27","27","Part IV — Document Composition","12","Document Header","12.1","SP-C12-12.1-1472d452","The document header represents the business identity of the document throughout its lifecycle.","","The document header represents the business identity of the document throughout its lifecycle.","Descriptive","Descriptive Context","atomic","","Manual Reviewed — Confirmed","Descriptive context — no product modal operator.","gate-a.2-semantic-engine","No","Document Header / All Documents","","Documentation",""
"C12-12.2-001","27","27","27","Part IV — Document Composition","12","Document Header","12.2","SP-C12-12.2-bfa69c7d","Fixed order where applicable: document number, status, workflow step, created by/date, property, department, warehouse, related party, period, display currency, total value, quick actions.","","Fixed order where applicable: document number, status, workflow step, created by/date, property, department, warehouse, related party, period, display currency, total value, quick actions.","Descriptive","Descriptive Context","atomic","","Manual Reviewed — Confirmed","Descriptive context — no product modal operator.","gate-a.2-semantic-engine","No","Document Header / All Documents","","Documentation",""
"C12-12.2-002","27","27","27","Part IV — Document Composition","12","Document Header","12.2","SP-C12-12.2-b8c4d41d","Optional fields omitted when not applicable; positions must not shift arbitrarily.","","Optional fields omitted when not applicable; positions must not shift arbitrarily.","Explicit Must Not","Product Enforceable Requirement","atomic","","Manual Reviewed — Confirmed","Explicit must/shall not modal.","gate-a.2-semantic-engine","Yes","Document Header / All Documents","","Code / Runtime / UI",""
"C12-12.3-001","27","27","27","Part IV — Document Composition","12","Document Header","12.3","SP-C12-12.3-50c4b6de","System fields (document number, status, created by/at, posted by/at, etc.) — must not be usereditable.","","System fields (document number, status, created by/at, posted by/at, etc.) — must not be usereditable.","Explicit Must Not","Product Enforceable Requirement","atomic","","Manual Reviewed — Confirmed","Explicit must/shall not modal.","gate-a.2-semantic-engine","Yes","Document Header / All Documents","","Code / Runtime / UI",""
"C12-12.3-002","27","27","27","Part IV — Document Composition","12","Document Header","12.3","SP-C12-12.3-1f0e36db","Business fields — subject to document rules and lifecycle.","","Business fields — subject to document rules and lifecycle.","Descriptive","Descriptive Context","atomic","","Manual Reviewed — Confirmed","Descriptive context — no product modal operator.","gate-a.2-semantic-engine","No","Document Header / All Documents","","Documentation",""
"C12-12.3-003","27","27","27","Part IV — Document Composition","12","Document Header","12.3","SP-C12-12.3-4af409d4","Mandatory vs optional — per document type in Workflow Contracts / module policy.","","Mandatory vs optional — per document type in Workflow Contracts / module policy.","Descriptive","Descriptive Context","atomic","","Manual Reviewed — Confirmed","Descriptive context — no product modal operator.","gate-a.2-semantic-engine","No","Document Header / All Documents","","Documentation",""
"C12-12.4-001","27","27","27","Part IV — Document Composition","12","Document Header","12.4","SP-C12-12.4-71c7c946","Header fields shall become read-only once the document enters a non-editable lifecycle state unless explicitly governed otherwise.","","Header fields shall become read-only once the document enters a non-editable lifecycle state unless explicitly governed otherwise.","Explicit Shall","Product Enforceable Requirement","atomic","","Manual Reviewed — Confirmed","Explicit shall modal.","gate-a.2-semantic-engine","Yes","Document Header / All Documents","","Code / Runtime / UI",""
"C12-12.5-001","27","27","27","Part IV — Document Composition","12","Document Header","12.5","SP-C12-12.5-9a0c0146","Changes to property, department, warehouse after lines exist or after workflow progress must require confirmation and shall follow document business rules (see BDR for line-clear policies).","","Changes to property, department, warehouse after lines exist or after workflow progress must require confirmation and shall follow document business rules (see BDR for line-clear policies).","Explicit Must","Product Enforceable Requirement","atomic","","Manual Reviewed — Confirmed","Explicit must modal. Multi-modal reviewed (2 operators) in §12.5.","gate-a.2-semantic-engine","Yes","Document Header / All Documents","","Code / Runtime / UI",""
"C12-12.6-001","27","27","27","Part IV — Document Composition","12","Document Header","12.6","SP-C12-12.6-3b0be5f9","Header information and document lines shall remain logically consistent throughout the lifecycle unless explicitly governed otherwise.","","Header information and document lines shall remain logically consistent throughout the lifecycle unless explicitly governed otherwise.","Explicit Shall","Product Enforceable Requirement","atomic","","Manual Reviewed — Confirmed","§12.6 normative rule/principle.","gate-a.2-semantic-engine","Yes","Document Header / All Documents","","Code / Runtime / UI",""
"C12-12.7-001","27","27","27","Part IV — Document Composition","12","Document Header","12.7","SP-C12-12.7-9a9bab81","Modules may add header fields provided standard header order and positions are preserved.","","Modules may add header fields provided standard header order and positions are preserved.","Explicit May","Optional Capability","atomic","","Manual Reviewed — Confirmed","Explicit may modal — optional capability.","gate-a.2-semantic-engine","Yes","Document Header / All Documents","","Runtime",""
"C13-13.1-001","28","28","28","Part IV — Document Composition","13","Document Lines","13.1","SP-C13-13.1-438fb889","Unified grid behavior for all line-based documents.","","Unified grid behavior for all line-based documents.","Descriptive","Descriptive Context","atomic","","Manual Reviewed — Confirmed","Descriptive context — no product modal operator.","gate-a.2-semantic-engine","No","Document Lines / All Documents","","Documentation",""
"C13-13.2-001","28","28","28","Part IV — Document Composition","13","Document Lines","13.2","SP-C13-13.2-7c796864","Each line shall maintain a unique internal identity independent of display order or row number.","","Each line shall maintain a unique internal identity independent of display order or row number.","Explicit Shall","Product Enforceable Requirement","atomic","","Manual Reviewed — Confirmed","Explicit shall modal.","gate-a.2-semantic-engine","Yes","Document Lines / All Documents","","Code / Runtime / UI",""
"C13-13.2-002","28","28","28","Part IV — Document Composition","13","Document Lines","13.2","SP-C13-13.2-700e9788","Display order is presentation only.","","Display order is presentation only.","Descriptive","Descriptive Context","atomic","","Manual Reviewed — Confirmed","Descriptive context — no product modal operator.","gate-a.2-semantic-engine","No","Document Lines / All Documents","","Documentation",""
"C13-13.3-001","28","28","28","Part IV — Document Composition","13","Document Lines","13.3","SP-C13-13.3-4224c285","Column order, alignment, editable vs read-only, required columns, row validation, footer totals, add/delete, empty state, large datasets, keyboard navigation (Chapter 17).","","Column order, alignment, editable vs read-only, required columns, row validation, footer totals, add/delete, empty state, large datasets, keyboard navigation (Chapter 17).","Descriptive","Descriptive Context","atomic","","Manual Reviewed — Confirmed","Descriptive context — no product modal operator.","gate-a.2-semantic-engine","No","Document Lines / All Documents","","Documentation",""
"C13-13.4-001","28","28","28","Part IV — Document Composition","13","Document Lines","13.4","SP-C13-13.4-cd32d7ff","Posted document lines shall be immutable.","","Posted document lines shall be immutable.","Explicit Shall","Product Enforceable Requirement","atomic","","Manual Reviewed — Confirmed","Explicit shall modal.","gate-a.2-semantic-engine","Yes","Document Lines / All Documents","","Code / Runtime / UI",""
"C13-13.4-002","28","28","28","Part IV — Document Composition","13","Document Lines","13.4","SP-C13-13.4-bc1935f3","Corrections via new governed business transactions.","","Corrections via new governed business transactions.","Descriptive","Descriptive Context","atomic","","Manual Reviewed — Confirmed","Descriptive context — no product modal operator.","gate-a.2-semantic-engine","No","Document Lines / All Documents","","Documentation",""
"C13-13.5-001","28","28","28","Part IV — Document Composition","13","Document Lines","13.5","SP-C13-13.5-ed5c9e82","Line values and calculated fields shall recalculate automatically per governed business rules when relevant data changes.","","Line values and calculated fields shall recalculate automatically per governed business rules when relevant data changes.","Explicit Shall","Product Enforceable Requirement","atomic","","Manual Reviewed — Confirmed","Explicit shall modal.","gate-a.2-semantic-engine","Yes","Document Lines / All Documents","","Code / Runtime / UI",""
"C13-13.6-001","28","28","28","Part IV — Document Composition","13","Document Lines","13.6","SP-C13-13.6-15147fa8","All lines shall remain consistent with governing business context in the header unless explicitly governed otherwise.","","All lines shall remain consistent with governing business context in the header unless explicitly governed otherwise.","Explicit Shall","Product Enforceable Requirement","atomic","","Manual Reviewed — Confirmed","Explicit shall modal.","gate-a.2-semantic-engine","Yes","Document Lines / All Documents","","Code / Runtime / UI",""
"C13-13.7-001","28","28","28","Part IV — Document Composition","13","Document Lines","13.7","SP-C13-13.7-a818569e","Document and line totals are system-calculated; must not be directly user-editable.","","Document and line totals are system-calculated; must not be directly user-editable.","Explicit Must Not","Product Enforceable Requirement","atomic","","Manual Reviewed — Confirmed","Explicit must/shall not modal.","gate-a.2-semantic-engine","Yes","Document Lines / All Documents","","Code / Runtime / UI",""
"C13-13.8-001","28","28","28","Part IV — Document Composition","13","Document Lines","13.8","SP-C13-13.8-16105fe7","Duplicate line behavior shall be defined by each business document according to functional requirements (not one global merge/prevent policy).","","Duplicate line behavior shall be defined by each business document according to functional requirements (not one global merge/prevent policy).","Explicit Shall","Product Enforceable Requirement","atomic","","Manual Reviewed — Confirmed","Explicit shall modal.","gate-a.2-semantic-engine","Yes","Document Lines / All Documents","","Code / Runtime / UI",""
"C13-13.9-001","28","28","28","Part IV — Document Composition","13","Document Lines","13.9","SP-C13-13.9-e4fa5af7","Significant line-level business changes shall be auditable per platform audit policy.","","Significant line-level business changes shall be auditable per platform audit policy.","Explicit Shall","Product Enforceable Requirement","atomic","","Manual Reviewed — Confirmed","§13.9 normative rule/principle.","gate-a.2-semantic-engine","Yes","Document Lines / All Documents","","Code / Runtime / UI",""
"C13-13.10-001","28","28","28","Part IV — Document Composition","13","Document Lines","13.10","SP-C13-13.10-6a21cfa3","Large datasets shall not degrade usability (Chapter 27).","","Large datasets shall not degrade usability (Chapter 27).","Explicit Must Not","Product Enforceable Requirement","atomic","","Manual Reviewed — Confirmed","Explicit must/shall not modal.","gate-a.2-semantic-engine","Yes","Document Lines / All Documents","","Code / Runtime / UI",""
"C14-14.1-001","29","29","29","Part IV — Document Composition","14","Attachments","14.1","SP-C14-14.1-103ff643","Consistent attachment experience via unified platform attachment capability (one behavior, module configuration only).","","Consistent attachment experience via unified platform attachment capability (one behavior, module configuration only).","Descriptive","Descriptive Context","atomic","","Manual Reviewed — Confirmed","Descriptive context — no product modal operator.","gate-a.2-semantic-engine","No","Attachments / Platform","","Documentation",""
"C14-14.2-001","29","29","29","Part IV — Document Composition","14","Attachments","14.2","SP-C14-14.2-926072d9","Invoice, evidence, supporting document, line photo, excel import, generated report, other — per module.","","Invoice, evidence, supporting document, line photo, excel import, generated report, other — per module.","Descriptive","Descriptive Context","atomic","","Manual Reviewed — Confirmed","Descriptive context — no product modal operator.","gate-a.2-semantic-engine","No","Attachments / Platform","","Documentation",""
"C14-14.3-001","29","29","29","Part IV — Document Composition","14","Attachments","14.3","SP-C14-14.3-a346e3e3","State Typical rights Draft Add, replace, delete In review View, download Posted Read-only Posted attachments shall not be modified, replaced, or deleted.","","State Typical rights Draft Add, replace, delete In review View, download Posted Read-only Posted attachments shall not be modified, replaced, or deleted.","Explicit Must Not","Product Enforceable Requirement","atomic","","Manual Reviewed — Confirmed","Explicit must/shall not modal.","gate-a.2-semantic-engine","Yes","Attachments / Platform","","Code / Runtime / UI",""
"C14-14.3-002","29","29","29","Part IV — Document Composition","14","Attachments","14.3","SP-C14-14.3-1b4ea796","Required attachments must block submit when missing.","","Required attachments must block submit when missing.","Explicit Must","Product Enforceable Requirement","atomic","","Manual Reviewed — Confirmed","Explicit must modal.","gate-a.2-semantic-engine","Yes","Attachments / Platform","","Code / Runtime / UI",""
"C14-14.4-001","29","29","29","Part IV — Document Composition","14","Attachments","14.4","SP-C14-14.4-01913dd2","Platform shall enforce allowed types, maximum size, and maximum count (values in platform policy, not this Constitution).","","Platform shall enforce allowed types, maximum size, and maximum count (values in platform policy, not this Constitution).","Explicit Shall","Product Enforceable Requirement","atomic","","Manual Reviewed — Confirmed","Explicit shall modal.","gate-a.2-semantic-engine","Yes","Attachments / Platform","","Code / Runtime / UI",""
"C14-14.5-001","29","29","29","Part IV — Document Composition","14","Attachments","14.5","SP-C14-14.5-d29f751b","Uploaded files shall comply with platform security validation policy.","","Uploaded files shall comply with platform security validation policy.","Explicit Shall","Product Enforceable Requirement","atomic","","Manual Reviewed — Confirmed","Explicit shall modal.","gate-a.2-semantic-engine","Yes","Attachments / Platform","","Code / Runtime / UI",""
"C14-14.6-001","29","29","29","Part IV — Document Composition","14","Attachments","14.6","SP-C14-14.6-2f8e0535","Download subject to same authorization as document view (and finer where required).","","Download subject to same authorization as document view (and finer where required).","Descriptive","Descriptive Context","atomic","","Manual Reviewed — Confirmed","Descriptive context — no product modal operator.","gate-a.2-semantic-engine","No","Attachments / Platform","","Documentation",""
"C14-14.7-001","29","29","29","Part IV — Document Composition","14","Attachments","14.7","SP-C14-14.7-5a7375ee","Attachment lifecycle follows linked entity (document or line).","","Attachment lifecycle follows linked entity (document or line).","Descriptive","Descriptive Context","atomic","","Manual Reviewed — Confirmed","Descriptive context — no product modal operator.","gate-a.2-semantic-engine","No","Attachments / Platform","","Documentation",""
"C14-14.8-001","29","29","29","Part IV — Document Composition","14","Attachments","14.8","SP-C14-14.8-cf544d8c","Original filename may display; platform defines internal storage identity — filenames must not serve as internal identifiers.","","Original filename may display; platform defines internal storage identity — filenames must not serve as internal identifiers.","Explicit Must Not","Product Enforceable Requirement","atomic","","Manual Reviewed — Confirmed","Explicit must/shall not modal. Multi-modal reviewed (2 operators) in §14.8.","gate-a.2-semantic-engine","Yes","Attachments / Platform","","Code / Runtime / UI",""
"C14-14.9-001","29","29","29","Part IV — Document Composition","14","Attachments","14.9","SP-C14-14.9-515e2637","All attachment operations auditable.","","All attachment operations auditable.","Descriptive","Descriptive Context","atomic","","Manual Reviewed — Confirmed","Descriptive context — no product modal operator.","gate-a.2-semantic-engine","No","Attachments / Platform","","Documentation",""
"C14-14.10-001","29","29","29","Part IV — Document Composition","14","Attachments","14.10","SP-C14-14.10-0f112aeb","Preview UX details — UX Constitution.","","Preview UX details — UX Constitution.","Out of Scope","Out of Scope","atomic","","Manual Reviewed — Confirmed","§14.10 out-of-scope section.","gate-a.2-semantic-engine","No","Attachments / Platform","","N/A",""
"C15-15.1-001","30","30","30","Part IV — Document Composition","15","Notes & Comments","15.1","SP-C15-15.1-e0dc1c28","Workflow comment, internal note, system note, audit comment.","","Workflow comment, internal note, system note, audit comment.","Descriptive","Descriptive Context","atomic","","Manual Reviewed — Confirmed","Descriptive context — no product modal operator.","gate-a.2-semantic-engine","No","Notes & Comments / All Documents","","Documentation",""
"C15-15.2-001","30","30","30","Part IV — Document Composition","15","Notes & Comments","15.2","SP-C15-15.2-ea9c9c5e","Reject, Send Back, Cancel — reason required where defined.","","Reject, Send Back, Cancel — reason required where defined.","Explicit Shall","Product Enforceable Requirement","atomic","","Manual Reviewed — Confirmed","§15.2 normative rule/principle.","gate-a.2-semantic-engine","Yes","Notes & Comments / All Documents","","Code / Runtime / UI",""
"C15-15.3-001","30","30","30","Part IV — Document Composition","15","Notes & Comments","15.3","SP-C15-15.3-6218b0f2","Workflow comments, system notes, and audit comments shall become immutable once recorded.","","Workflow comments, system notes, and audit comments shall become immutable once recorded.","Explicit Shall","Product Enforceable Requirement","atomic","","Manual Reviewed — Confirmed","Explicit shall modal.","gate-a.2-semantic-engine","Yes","Notes & Comments / All Documents","","Code / Runtime / UI",""
"C15-15.3-002","30","30","30","Part IV — Document Composition","15","Notes & Comments","15.3","SP-C15-15.3-41b5deda","Internal notes visibility governed by platform authorization model.","","Internal notes visibility governed by platform authorization model.","Descriptive","Descriptive Context","atomic","","Manual Reviewed — Confirmed","Descriptive context — no product modal operator.","gate-a.2-semantic-engine","No","Notes & Comments / All Documents","","Documentation",""
"C15-15.4-001","30","30","30","Part IV — Document Composition","15","Notes & Comments","15.4","SP-C15-15.4-4618fb0b","Generated exclusively by the platform; users must not manually create or modify.","","Generated exclusively by the platform; users must not manually create or modify.","Explicit Must Not","Product Enforceable Requirement","atomic","","Manual Reviewed — Confirmed","Explicit must/shall not modal.","gate-a.2-semantic-engine","Yes","Notes & Comments / All Documents","","Code / Runtime / UI",""
"C15-15.5-001","30","30","30","Part IV — Document Composition","15","Notes & Comments","15.5","SP-C15-15.5-5b126e76","Notes and comments in chronological order within unified timeline (Chapter 22).","","Notes and comments in chronological order within unified timeline (Chapter 22).","Descriptive","Descriptive Context","atomic","","Manual Reviewed — Confirmed","Descriptive context — no product modal operator.","gate-a.2-semantic-engine","No","Notes & Comments / All Documents","","Documentation",""
"C15-15.6-001","30","30","30","Part IV — Document Composition","15","Notes & Comments","15.6","SP-C15-15.6-aceefab2","Per type policy; workflow comments in timeline; print inclusion per module policy.","","Per type policy; workflow comments in timeline; print inclusion per module policy.","Descriptive","Descriptive Context","atomic","","Manual Reviewed — Confirmed","Descriptive context — no product modal operator.","gate-a.2-semantic-engine","No","Notes & Comments / All Documents","","Documentation",""
"C16-16.1-001","31","31","31","Part IV — Document Composition","16","Item Images","16.1","SP-C16-16.1-6198121c","Images support operational accuracy (especially count), not decoration.","","Images support operational accuracy (especially count), not decoration.","Descriptive","Descriptive Context","atomic","","Manual Reviewed — Confirmed","Descriptive context — no product modal operator.","gate-a.2-semantic-engine","No","Item Master / Shared UX","","Documentation",""
"C16-16.2-001","31","31","31","Part IV — Document Composition","16","Item Images","16.2","SP-C16-16.2-b7e0b36c","Item images are Item Master data; must not be created or modified through transactional documents.","","Item images are Item Master data; must not be created or modified through transactional documents.","Explicit Must Not","Product Enforceable Requirement","atomic","","Manual Reviewed — Confirmed","Explicit must/shall not modal.","gate-a.2-semantic-engine","Yes","Item Master / Shared UX","","Code / Runtime / UI",""
"C16-16.3-001","31","31","31","Part IV — Document Composition","16","Item Images","16.3","SP-C16-16.3-b7ee651f","Single source: Item Master","","Single source: Item Master","Explicit Shall","Product Enforceable Requirement","atomic","","Manual Reviewed — Confirmed","§16.3 item image rule.","gate-a.2-semantic-engine","Yes","Item Master / Shared UX","","Code / Runtime / UI",""
"C16-16.3-002","31","31","31","Part IV — Document Composition","16","Item Images","16.3","SP-C16-16.3-0d392d03","Thumbnails in operational screens where valuable","","Thumbnails in operational screens where valuable","Explicit Shall","Product Enforceable Requirement","atomic","","Manual Reviewed — Confirmed","§16.3 item image rule.","gate-a.2-semantic-engine","Yes","Item Master / Shared UX","","Code / Runtime / UI",""
"C16-16.3-003","31","31","31","Part IV — Document Composition","16","Item Images","16.3","SP-C16-16.3-66110b47","Standardized placeholder when no image","","Standardized placeholder when no image","Explicit Shall","Product Enforceable Requirement","atomic","","Manual Reviewed — Confirmed","§16.3 item image rule.","gate-a.2-semantic-engine","Yes","Item Master / Shared UX","","Code / Runtime / UI",""
"C16-16.3-004","31","31","31","Part IV — Document Composition","16","Item Images","16.3","SP-C16-16.3-cf72890c","Bulk upload may be supported","","Bulk upload may be supported","Explicit May","Optional Capability","atomic","","Manual Reviewed — Confirmed","§16.3 optional bulk upload capability.","gate-a.2-semantic-engine","Yes","Item Master / Shared UX","","Runtime",""
"C16-16.3-005","31","31","31","Part IV — Document Composition","16","Item Images","16.3","SP-C16-16.3-3d239478","Count sheet export/import compatibility when images included","","Count sheet export/import compatibility when images included","Explicit Shall","Product Enforceable Requirement","atomic","","Manual Reviewed — Confirmed","§16.3 item image rule.","gate-a.2-semantic-engine","Yes","Item Master / Shared UX","","Code / Runtime / UI",""
"C16-16.3-006","31","31","31","Part IV — Document Composition","16","Item Images","16.3","SP-C16-16.3-164b5f94","Thumbnails in grids; not full resolution","","Thumbnails in grids; not full resolution","Explicit Shall","Product Enforceable Requirement","atomic","","Manual Reviewed — Confirmed","§16.3 item image rule.","gate-a.2-semantic-engine","Yes","Item Master / Shared UX","","Code / Runtime / UI",""
"C16-16.3-007","31","31","31","Part IV — Document Composition","16","Item Images","16.3","SP-C16-16.3-cb339c68","Maximum 1 MB per image","","Maximum 1 MB per image","Explicit Shall","Product Enforceable Requirement","atomic","","Manual Reviewed — Confirmed","§16.3 item image rule.","gate-a.2-semantic-engine","Yes","Item Master / Shared UX","","Code / Runtime / UI",""
"C16-16.3-008","31","31","31","Part IV — Document Composition","16","Item Images","16.3","SP-C16-16.3-44a3246d","Supported formats/dimensions per platform media policy","","Supported formats/dimensions per platform media policy","Explicit Shall","Product Enforceable Requirement","atomic","","Manual Reviewed — Confirmed","§16.3 item image rule.","gate-a.2-semantic-engine","Yes","Item Master / Shared UX","","Code / Runtime / UI",""
"C16-16.3-009","31","31","31","Part IV — Document Composition","16","Item Images","16.3","SP-C16-16.3-5756e88a","Unified export behavior when image absent","","Unified export behavior when image absent","Explicit Shall","Product Enforceable Requirement","atomic","","Manual Reviewed — Confirmed","§16.3 item image rule.","gate-a.2-semantic-engine","Yes","Item Master / Shared UX","","Code / Runtime / UI",""
"C17-17.1-001","32","32","32","Part V — System Interaction Standards","17","Keyboard Navigation","17.1","SP-C17-17.1-354cb252","All modules and shared experiences: documents, master data, settings, reports, dialogs.","","All modules and shared experiences: documents, master data, settings, reports, dialogs.","Descriptive","Descriptive Context","atomic","","Manual Reviewed — Confirmed","Descriptive context — no product modal operator.","gate-a.2-semantic-engine","No","Keyboard Navigation / Shared UX","","Documentation",""
"C17-17.2-001","32","32","32","Part V — System Interaction Standards","17","Keyboard Navigation","17.2","SP-C17-17.2-cb033b3f","Keyboard-first","","Keyboard-first","Descriptive","Descriptive Context","span_member","Semicolon-separated list item.","Manual Reviewed — Confirmed","Descriptive context — no product modal operator.","gate-a.2-semantic-engine","No","Keyboard Navigation / Shared UX","","Documentation",""
"C17-17.2-002","32","32","32","Part V — System Interaction Standards","17","Keyboard Navigation","17.2","SP-C17-17.2-cb033b3f","Enter → next field (not submit/post/delete)","","Enter → next field (not submit/post/delete)","Descriptive","Descriptive Context","span_member","Semicolon-separated list item.","Manual Reviewed — Confirmed","Descriptive context — no product modal operator.","gate-a.2-semantic-engine","No","Keyboard Navigation / Shared UX","","Documentation",""
"C17-17.2-003","32","32","32","Part V — System Interaction Standards","17","Keyboard Navigation","17.2","SP-C17-17.2-cb033b3f","Enter at row end → next row or add row","","Enter at row end → next row or add row","Descriptive","Descriptive Context","span_member","Semicolon-separated list item.","Manual Reviewed — Confirmed","Descriptive context — no product modal operator.","gate-a.2-semantic-engine","No","Keyboard Navigation / Shared UX","","Documentation",""
"C17-17.2-004","32","32","32","Part V — System Interaction Standards","17","Keyboard Navigation","17.2","SP-C17-17.2-cb033b3f","Shift+Enter → previous","","Shift+Enter → previous","Descriptive","Descriptive Context","span_member","Semicolon-separated list item.","Manual Reviewed — Confirmed","Descriptive context — no product modal operator.","gate-a.2-semantic-engine","No","Keyboard Navigation / Shared UX","","Documentation",""
"C17-17.2-005","32","32","32","Part V — System Interaction Standards","17","Keyboard Navigation","17.2","SP-C17-17.2-cb033b3f","Enter in textarea → new line","","Enter in textarea → new line","Descriptive","Descriptive Context","span_member","Semicolon-separated list item.","Manual Reviewed — Confirmed","Descriptive context — no product modal operator.","gate-a.2-semantic-engine","No","Keyboard Navigation / Shared UX","","Documentation",""
"C17-17.2-006","32","32","32","Part V — System Interaction Standards","17","Keyboard Navigation","17.2","SP-C17-17.2-cb033b3f","Esc closes lookup/calendar/small overlay","","Esc closes lookup/calendar/small overlay","Descriptive","Descriptive Context","span_member","Semicolon-separated list item.","Manual Reviewed — Confirmed","Descriptive context — no product modal operator.","gate-a.2-semantic-engine","No","Keyboard Navigation / Shared UX","","Documentation",""
"C17-17.2-007","32","32","32","Part V — System Interaction Standards","17","Keyboard Navigation","17.2","SP-C17-17.2-ea3453df","Tab standard browser order","","Tab standard browser order","Descriptive","Descriptive Context","span_member","Semicolon-separated list item.","Manual Reviewed — Confirmed","Descriptive context — no product modal operator.","gate-a.2-semantic-engine","No","Keyboard Navigation / Shared UX","","Documentation",""
"C17-17.3-001","32","32","32","Part V — System Interaction Standards","17","Keyboard Navigation","17.3","SP-C17-17.3-277c83b4","Keyboard behavior consistent across all modules","","Keyboard behavior consistent across all modules","Descriptive","Descriptive Context","atomic","","Manual Reviewed — Confirmed","Descriptive context — no product modal operator.","gate-a.2-semantic-engine","No","Keyboard Navigation / Shared UX","","Documentation",""
"C17-17.3-002","32","32","32","Part V — System Interaction Standards","17","Keyboard Navigation","17.3","SP-C17-17.3-c0e11b13","Focus visually distinguishable","","Focus visually distinguishable","Descriptive","Descriptive Context","atomic","","Manual Reviewed — Confirmed","Descriptive context — no product modal operator.","gate-a.2-semantic-engine","No","Keyboard Navigation / Shared UX","","Documentation",""
"C17-17.3-003","32","32","32","Part V — System Interaction Standards","17","Keyboard Navigation","17.3","SP-C17-17.3-53824471","Skip disabled and hidden controls","","Skip disabled and hidden controls","Descriptive","Descriptive Context","atomic","","Manual Reviewed — Confirmed","Descriptive context — no product modal operator.","gate-a.2-semantic-engine","No","Keyboard Navigation / Shared UX","","Documentation",""
"C17-17.3-004","32","32","32","Part V — System Interaction Standards","17","Keyboard Navigation","17.3","SP-C17-17.3-43837256","Dialogs assign initial focus to primary interactive element","","Dialogs assign initial focus to primary interactive element","Descriptive","Descriptive Context","atomic","","Manual Reviewed — Confirmed","Descriptive context — no product modal operator.","gate-a.2-semantic-engine","No","Keyboard Navigation / Shared UX","","Documentation",""
"C17-17.3-005","32","32","32","Part V — System Interaction Standards","17","Keyboard Navigation","17.3","SP-C17-17.3-816f8f04","Global shortcuts centrally governed — modules must not introduce independent global shortcuts","","Global shortcuts centrally governed — modules must not introduce independent global shortcuts","Explicit Shall","Product Enforceable Requirement","atomic","","Manual Reviewed — Confirmed","§17.3 normative rule/principle.","gate-a.2-semantic-engine","Yes","Keyboard Navigation / Shared UX","","Code / Runtime / UI",""
"C17-17.4-001","32","32","32","Part V — System Interaction Standards","17","Keyboard Navigation","17.4","SP-C17-17.4-53d1f78b","Global shortcut catalog (future amendment).","","Global shortcut catalog (future amendment).","Out of Scope","Out of Scope","atomic","","Manual Reviewed — Confirmed","§17.4 out-of-scope section.","gate-a.2-semantic-engine","No","Keyboard Navigation / Shared UX","","N/A",""
"C18-18.1-001","33","33","33","Part V — System Interaction Standards","18","Validation","18.1","SP-C18-18.1-8828fb68","One error type → one display channel.","","One error type → one display channel.","Descriptive","Descriptive Context","atomic","","Manual Reviewed — Confirmed","Descriptive context — no product modal operator.","gate-a.2-semantic-engine","No","Validation / Shared UX","","Documentation",""
"C18-18.1-002","33","33","33","Part V — System Interaction Standards","18","Validation","18.1","SP-C18-18.1-0443f10d","Field Inline Row On row Document Summary banner Confirmation Dialog — not validation Success Chapter 20 System failure Chapter 19","","Field Inline Row On row Document Summary banner Confirmation Dialog — not validation Success Chapter 20 System failure Chapter 19","Descriptive","Descriptive Context","span_member","Validation level table row.","Manual Reviewed — Confirmed","Descriptive context — no product modal operator.","gate-a.2-semantic-engine","No","Validation / Shared UX","","Documentation",""
"C18-18.2-001","33","33","33","Part V — System Interaction Standards","18","Validation","18.2","SP-C18-18.2-0217682b","Errors disappear when fixed; submit → focus first error","","Errors disappear when fixed; submit → focus first error","Descriptive","Descriptive Context","atomic","","Manual Reviewed — Confirmed","Descriptive context — no product modal operator.","gate-a.2-semantic-engine","No","Validation / Shared UX","","Documentation",""
"C18-18.2-002","33","33","33","Part V — System Interaction Standards","18","Validation","18.2","SP-C18-18.2-23804227","Many errors: banner shows count; details at fields/rows","","Many errors: banner shows count; details at fields/rows","Descriptive","Descriptive Context","atomic","","Manual Reviewed — Confirmed","Descriptive context — no product modal operator.","gate-a.2-semantic-engine","No","Validation / Shared UX","","Documentation",""
"C18-18.2-003","33","33","33","Part V — System Interaction Standards","18","Validation","18.2","SP-C18-18.2-e0a4b0c8","All messages support localization","","All messages support localization","Descriptive","Descriptive Context","atomic","","Manual Reviewed — Confirmed","Descriptive context — no product modal operator.","gate-a.2-semantic-engine","No","Validation / Shared UX","","Documentation",""
"C18-18.2-004","33","33","33","Part V — System Interaction Standards","18","Validation","18.2","SP-C18-18.2-726d5d3b","Backend returns codes; platform presents translated text","","Backend returns codes; platform presents translated text","Descriptive","Descriptive Context","atomic","","Manual Reviewed — Confirmed","Descriptive context — no product modal operator.","gate-a.2-semantic-engine","No","Validation / Shared UX","","Documentation",""
"C18-18.2-005","33","33","33","Part V — System Interaction Standards","18","Validation","18.2","SP-C18-18.2-d4d130af","Deterministic — same input + conditions → same result","","Deterministic — same input + conditions → same result","Descriptive","Descriptive Context","atomic","","Manual Reviewed — Confirmed","Descriptive context — no product modal operator.","gate-a.2-semantic-engine","No","Validation / Shared UX","","Documentation",""
"C18-18.2-006","33","33","33","Part V — System Interaction Standards","18","Validation","18.2","SP-C18-18.2-1e48e1b1","Validation at data entry, workflow actions, posting per business rules","","Validation at data entry, workflow actions, posting per business rules","Descriptive","Descriptive Context","atomic","","Manual Reviewed — Confirmed","Descriptive context — no product modal operator.","gate-a.2-semantic-engine","No","Validation / Shared UX","","Documentation",""
"C18-18.2-007","33","33","33","Part V — System Interaction Standards","18","Validation","18.2","SP-C18-18.2-7a3a615b","Client-side assists; server-side authoritative","","Client-side assists; server-side authoritative","Descriptive","Descriptive Context","atomic","","Manual Reviewed — Confirmed","Descriptive context — no product modal operator.","gate-a.2-semantic-engine","No","Validation / Shared UX","","Documentation",""
"C18-18.2-008","33","33","33","Part V — System Interaction Standards","18","Validation","18.2","SP-C18-18.2-ae08f493","Messages in logical order (header → lines → document)","","Messages in logical order (header → lines → document)","Descriptive","Descriptive Context","atomic","","Manual Reviewed — Confirmed","Descriptive context — no product modal operator.","gate-a.2-semantic-engine","No","Validation / Shared UX","","Documentation",""
"C18-18.2-009","33","33","33","Part V — System Interaction Standards","18","Validation","18.2","SP-C18-18.2-78de4322","Warnings informational unless governed; validation errors block operation","","Warnings informational unless governed; validation errors block operation","Descriptive","Descriptive Context","atomic","","Manual Reviewed — Confirmed","Descriptive context — no product modal operator.","gate-a.2-semantic-engine","No","Validation / Shared UX","","Documentation",""
"C18-18.2-010","33","33","33","Part V — System Interaction Standards","18","Validation","18.2","SP-C18-18.2-6e2816b6","Must not duplicate same error across channels","","Must not duplicate same error across channels","Explicit Shall","Product Enforceable Requirement","atomic","","Manual Reviewed — Confirmed","§18.2 normative rule/principle.","gate-a.2-semantic-engine","Yes","Validation / Shared UX","","Code / Runtime / UI",""
"C18-18.3-001","33","33","33","Part V — System Interaction Standards","18","Validation","18.3","SP-C18-18.3-bea2a582","Individual message wording catalog.","","Individual message wording catalog.","Out of Scope","Out of Scope","atomic","","Manual Reviewed — Confirmed","§18.3 out-of-scope section.","gate-a.2-semantic-engine","No","Validation / Shared UX","","N/A",""
"C19-19.1-001","34","34","34","Part V — System Interaction Standards","19","Error Handling","19.1","SP-C19-19.1-2165fab3","Information, warning, validation error, blocking business error, system error.","","Information, warning, validation error, blocking business error, system error.","Descriptive","Descriptive Context","atomic","","Manual Reviewed — Confirmed","Descriptive context — no product modal operator.","gate-a.2-semantic-engine","No","Error Handling / Shared UX","","Documentation",""
"C19-19.2-001","34","34","34","Part V — System Interaction Standards","19","Error Handling","19.2","SP-C19-19.2-003364b9","Matches severity; no duplicate channels.","","Matches severity; no duplicate channels.","Descriptive","Descriptive Context","atomic","","Manual Reviewed — Confirmed","Descriptive context — no product modal operator.","gate-a.2-semantic-engine","No","Error Handling / Shared UX","","Documentation",""
"C19-19.3-001","34","34","34","Part V — System Interaction Standards","19","Error Handling","19.3","SP-C19-19.3-58bbed57","Clear, actionable, free of technical implementation details.","","Clear, actionable, free of technical implementation details.","Descriptive","Descriptive Context","atomic","","Manual Reviewed — Confirmed","Descriptive context — no product modal operator.","gate-a.2-semantic-engine","No","Error Handling / Shared UX","","Documentation",""
"C19-19.3-002","34","34","34","Part V — System Interaction Standards","19","Error Handling","19.3","SP-C19-19.3-f8680724","Sensitive information (stack traces, SQL, internal IDs) must never be exposed to end users.","","Sensitive information (stack traces, SQL, internal IDs) must never be exposed to end users.","Explicit Must","Product Enforceable Requirement","atomic","","Manual Reviewed — Confirmed","Explicit must modal.","gate-a.2-semantic-engine","Yes","Error Handling / Shared UX","","Code / Runtime / UI",""
"C19-19.4-001","34","34","34","Part V — System Interaction Standards","19","Error Handling","19.4","SP-C19-19.4-a4106c53","Suggest next action; retry only when safe and meaningful.","","Suggest next action; retry only when safe and meaningful.","Descriptive","Descriptive Context","atomic","","Manual Reviewed — Confirmed","Descriptive context — no product modal operator.","gate-a.2-semantic-engine","No","Error Handling / Shared UX","","Documentation",""
"C19-19.5-001","34","34","34","Part V — System Interaction Standards","19","Error Handling","19.5","SP-C19-19.5-94ccb9dd","Equivalent conditions → consistent codes and experience.","","Equivalent conditions → consistent codes and experience.","Descriptive","Descriptive Context","atomic","","Manual Reviewed — Confirmed","Descriptive context — no product modal operator.","gate-a.2-semantic-engine","No","Error Handling / Shared UX","","Documentation",""
"C19-19.5-002","34","34","34","Part V — System Interaction Standards","19","Error Handling","19.5","SP-C19-19.5-5b4ce491","Structured error codes and families are defined in the Architecture & Implementation Guide, not in this Constitution.","","Structured error codes and families are defined in the Architecture & Implementation Guide, not in this Constitution.","Descriptive","Descriptive Context","atomic","","Manual Reviewed — Confirmed","Descriptive context — no product modal operator.","gate-a.2-semantic-engine","No","Error Handling / Shared UX","","Documentation",""
"C19-19.6-001","34","34","34","Part V — System Interaction Standards","19","Error Handling","19.6","SP-C19-19.6-0929d608","System errors logged per platform operational logging policy.","","System errors logged per platform operational logging policy.","Descriptive","Descriptive Context","atomic","","Manual Reviewed — Confirmed","Descriptive context — no product modal operator.","gate-a.2-semantic-engine","No","Error Handling / Shared UX","","Documentation",""
"C19-19.7-001","34","34","34","Part V — System Interaction Standards","19","Error Handling","19.7","SP-C19-19.7-163f7a1b","First error focusable and announced to assistive technology.","","First error focusable and announced to assistive technology.","Descriptive","Descriptive Context","atomic","","Manual Reviewed — Confirmed","Descriptive context — no product modal operator.","gate-a.2-semantic-engine","No","Error Handling / Shared UX","","Documentation",""
"C20-20.1-001","35","35","35","Part V — System Interaction Standards","20","Notifications","20.1","SP-C20-20.1-0e2113a2","Success, information, warning, error, progress, reminder.","","Success, information, warning, error, progress, reminder.","Descriptive","Descriptive Context","atomic","","Manual Reviewed — Confirmed","Descriptive context — no product modal operator.","gate-a.2-semantic-engine","No","Notifications / Shared UX","","Documentation",""
"C20-20.2-001","35","35","35","Part V — System Interaction Standards","20","Notifications","20.2","SP-C20-20.2-9eb3df8d","Unified dictionary","","Unified dictionary","Descriptive","Descriptive Context","span_member","Semicolon-separated list item.","Manual Reviewed — Confirmed","Descriptive context — no product modal operator.","gate-a.2-semantic-engine","No","Notifications / Shared UX","","Documentation",""
"C20-20.3-001","35","35","35","Part V — System Interaction Standards","20","Notifications","20.3","SP-C20-20.3-b04d04f1","Critical > Error > Warning > Success > Info.","","Critical > Error > Warning > Success > Info.","Descriptive","Descriptive Context","atomic","","Manual Reviewed — Confirmed","Descriptive context — no product modal operator.","gate-a.2-semantic-engine","No","Notifications / Shared UX","","Documentation",""
"C20-20.4-001","35","35","35","Part V — System Interaction Standards","20","Notifications","20.4","SP-C20-20.4-ae96195a","Transient notifications expire; critical items persist until user interaction where appropriate.","","Transient notifications expire; critical items persist until user interaction where appropriate.","Descriptive","Descriptive Context","atomic","","Manual Reviewed — Confirmed","Descriptive context — no product modal operator.","gate-a.2-semantic-engine","No","Notifications / Shared UX","","Documentation",""
"C20-20.5-001","35","35","35","Part V — System Interaction Standards","20","Notifications","20.5","SP-C20-20.5-62f2ab3c","Must not notify user to open document they cannot access.","","Must not notify user to open document they cannot access.","Descriptive","Descriptive Context","atomic","","Manual Reviewed — Confirmed","Descriptive context — no product modal operator.","gate-a.2-semantic-engine","No","Notifications / Shared UX","","Documentation",""
"C20-20.6-001","35","35","35","Part V — System Interaction Standards","20","Notifications","20.6","SP-C20-20.6-7042c63f","Notifications ≠ Validation ≠ Error Handling.","","Notifications ≠ Validation ≠ Error Handling.","Descriptive","Descriptive Context","atomic","","Manual Reviewed — Confirmed","Descriptive context — no product modal operator.","gate-a.2-semantic-engine","No","Notifications / Shared UX","","Documentation",""
"C21-21.1-001","36","36","36","Part V — System Interaction Standards","21","Loading & Progress","21.1","SP-C21-21.1-6182f75b","Loading scope matches operation","","Loading scope matches operation","Governance Definition","Governance Definition","span_member","Semicolon-separated list item.","Manual Reviewed — Confirmed","Table/definition row — governance meaning.","gate-a.2-semantic-engine","No","Loading & Progress / Shared UX","","Documentation",""
"C21-21.2-001","36","36","36","Part V — System Interaction Standards","21","Loading & Progress","21.2","SP-C21-21.2-2f49f050","Skeleton (content), inline (buttons, lookups), progress (upload/import/export/print).","","Skeleton (content), inline (buttons, lookups), progress (upload/import/export/print).","Descriptive","Descriptive Context","atomic","","Manual Reviewed — Confirmed","Descriptive context — no product modal operator.","gate-a.2-semantic-engine","No","Loading & Progress / Shared UX","","Documentation",""
"C21-21.2-002","36","36","36","Part V — System Interaction Standards","21","Loading & Progress","21.2","SP-C21-21.2-2b3f5c56","Must not block entire application for partial operations (aligned with UX Constitution).","","Must not block entire application for partial operations (aligned with UX Constitution).","Descriptive","Descriptive Context","atomic","","Manual Reviewed — Confirmed","Descriptive context — no product modal operator.","gate-a.2-semantic-engine","No","Loading & Progress / Shared UX","","Documentation",""
"C21-21.3-001","36","36","36","Part V — System Interaction Standards","21","Loading & Progress","21.3","SP-C21-21.3-e0ac2678","If loading exceeds reasonable duration, user shall be informed operation continues.","","If loading exceeds reasonable duration, user shall be informed operation continues.","Explicit Shall","Product Enforceable Requirement","atomic","","Manual Reviewed — Confirmed","Explicit shall modal.","gate-a.2-semantic-engine","Yes","Loading & Progress / Shared UX","","Code / Runtime / UI",""
"C21-21.4-001","36","36","36","Part V — System Interaction Standards","21","Loading & Progress","21.4","SP-C21-21.4-f09ef6d2","Long operations should support cancel where safe; pages should render progressively.","","Long operations should support cancel where safe; pages should render progressively.","Explicit Should","Strong Recommendation","atomic","","Manual Reviewed — Confirmed","Explicit should modal.","gate-a.2-semantic-engine","Yes","Loading & Progress / Shared UX","","UI / Runtime",""
"C21-21.5-001","36","36","36","Part V — System Interaction Standards","21","Loading & Progress","21.5","SP-C21-21.5-5d2f2d64","Exact timeout values — Architecture Guide.","","Exact timeout values — Architecture Guide.","Out of Scope","Out of Scope","atomic","","Manual Reviewed — Confirmed","§21.5 out-of-scope section.","gate-a.2-semantic-engine","No","Loading & Progress / Shared UX","","N/A",""
"C22-22.1-001","37","37","37","Part V — System Interaction Standards","22","Audit & Timeline","22.1","SP-C22-22.1-f6eccda4","Created, last modified, submitted, approved, rejected, posted — actor and timestamp where applicable.","","Created, last modified, submitted, approved, rejected, posted — actor and timestamp where applicable.","Descriptive","Descriptive Context","atomic","","Manual Reviewed — Confirmed","Descriptive context — no product modal operator.","gate-a.2-semantic-engine","No","Audit & Timeline / Platform","","Documentation",""
"C22-22.2-001","37","37","37","Part V — System Interaction Standards","22","Audit & Timeline","22.2","SP-C22-22.2-f91f2da5","Every workflow action and significant attachment/line change must generate audit record.","","Every workflow action and significant attachment/line change must generate audit record.","Explicit Shall","Product Enforceable Requirement","atomic","","Manual Reviewed — Confirmed","§22.2 normative rule/principle.","gate-a.2-semantic-engine","Yes","Audit & Timeline / Platform","","Code / Runtime / UI",""
"C22-22.3-001","37","37","37","Part V — System Interaction Standards","22","Audit & Timeline","22.3","SP-C22-22.3-d1e2b059","Single chronological timeline; immutable audit records; UTC internally, display per user time zone.","","Single chronological timeline; immutable audit records; UTC internally, display per user time zone.","Descriptive","Descriptive Context","atomic","","Manual Reviewed — Confirmed","Descriptive context — no product modal operator.","gate-a.2-semantic-engine","No","Audit & Timeline / Platform","","Documentation",""
"C22-22.3-002","37","37","37","Part V — System Interaction Standards","22","Audit & Timeline","22.3","SP-C22-22.3-26210da3","Timeline filtering permitted without altering records.","","Timeline filtering permitted without altering records.","Descriptive","Descriptive Context","atomic","","Manual Reviewed — Confirmed","Descriptive context — no product modal operator.","gate-a.2-semantic-engine","No","Audit & Timeline / Platform","","Documentation",""
"C22-22.3-003","37","37","37","Part V — System Interaction Standards","22","Audit & Timeline","22.3","SP-C22-22.3-d1458f53","Concurrency conflicts recorded when appropriate (Chapter 8.10).","","Concurrency conflicts recorded when appropriate (Chapter 8.10).","Descriptive","Descriptive Context","atomic","","Manual Reviewed — Confirmed","Descriptive context — no product modal operator.","gate-a.2-semantic-engine","No","Audit & Timeline / Platform","","Documentation",""
"C22-22.4-001","37","37","37","Part V — System Interaction Standards","22","Audit & Timeline","22.4","SP-C22-22.4-b8f6680b","Official print should include approval/audit summary where appropriate.","","Official print should include approval/audit summary where appropriate.","Explicit Should","Strong Recommendation","atomic","","Manual Reviewed — Confirmed","Explicit should modal.","gate-a.2-semantic-engine","Yes","Audit & Timeline / Platform","","UI / Runtime",""
"C23-23.1-001","38","38","38","Part VI — Lookup & Search","23","Lookup Standard","23.1","SP-C23-23.1-81961d07","One lookup behavior for items, parties, locations, and references.","","One lookup behavior for items, parties, locations, and references.","Descriptive","Descriptive Context","atomic","","Manual Reviewed — Confirmed","Descriptive context — no product modal operator.","gate-a.2-semantic-engine","No","Lookup Standard / Shared UX","","Documentation",""
"C23-23.2-001","38","38","38","Part VI — Lookup & Search","23","Lookup Standard","23.2","SP-C23-23.2-c3feaf04","Receiving, stock-based, catalog, issue — same UX; data scope differs.","","Receiving, stock-based, catalog, issue — same UX; data scope differs.","Descriptive","Descriptive Context","atomic","","Manual Reviewed — Confirmed","Descriptive context — no product modal operator.","gate-a.2-semantic-engine","No","Lookup Standard / Shared UX","","Documentation",""
"C23-23.3-001","38","38","38","Part VI — Lookup & Search","23","Lookup Standard","23.3","SP-C23-23.3-9a57e21e","Code, name, barcode; ranking: exact code → exact barcode → prefix → contains; debounce before search; normalization (case/space insensitive).","","Code, name, barcode; ranking: exact code → exact barcode → prefix → contains; debounce before search; normalization (case/space insensitive).","Descriptive","Descriptive Context","atomic","","Manual Reviewed — Confirmed","Descriptive context — no product modal operator.","gate-a.2-semantic-engine","No","Lookup Standard / Shared UX","","Documentation",""
"C23-23.4-001","38","38","38","Part VI — Lookup & Search","23","Lookup Standard","23.4","SP-C23-23.4-0369010f","Keyboard ↑↓ Enter Esc Tab; close on select, outside click, field exit; one lookup open; focus to quantity after item pick in line entry.","","Keyboard ↑↓ Enter Esc Tab; close on select, outside click, field exit; one lookup open; focus to quantity after item pick in line entry.","Descriptive","Descriptive Context","atomic","","Manual Reviewed — Confirmed","Descriptive context — no product modal operator.","gate-a.2-semantic-engine","No","Lookup Standard / Shared UX","","Documentation",""
"C23-23.5-001","38","38","38","Part VI — Lookup & Search","23","Lookup Standard","23.5","SP-C23-23.5-9a89f912","Loading, no results, error+retry — unified messaging; unified empty states.","","Loading, no results, error+retry — unified messaging; unified empty states.","Descriptive","Descriptive Context","atomic","","Manual Reviewed — Confirmed","Descriptive context — no product modal operator.","gate-a.2-semantic-engine","No","Lookup Standard / Shared UX","","Documentation",""
"C23-23.6-001","38","38","38","Part VI — Lookup & Search","23","Lookup Standard","23.6","SP-C23-23.6-3054aa94","Permission filtering — only authorized data","","Permission filtering — only authorized data","Descriptive","Descriptive Context","atomic","","Manual Reviewed — Confirmed","Descriptive context — no product modal operator.","gate-a.2-semantic-engine","No","Lookup Standard / Shared UX","","Documentation",""
"C23-23.6-002","38","38","38","Part VI — Lookup & Search","23","Lookup Standard","23.6","SP-C23-23.6-efcbe268","Tenant isolation — no cross-tenant data","","Tenant isolation — no cross-tenant data","Descriptive","Descriptive Context","atomic","","Manual Reviewed — Confirmed","Descriptive context — no product modal operator.","gate-a.2-semantic-engine","No","Lookup Standard / Shared UX","","Documentation",""
"C23-23.6-003","38","38","38","Part VI — Lookup & Search","23","Lookup Standard","23.6","SP-C23-23.6-9ee7e2f1","Large results — paging or infinite scroll per platform policy","","Large results — paging or infinite scroll per platform policy","Descriptive","Descriptive Context","atomic","","Manual Reviewed — Confirmed","Descriptive context — no product modal operator.","gate-a.2-semantic-engine","No","Lookup Standard / Shared UX","","Documentation",""
"C23-23.6-004","38","38","38","Part VI — Lookup & Search","23","Lookup Standard","23.6","SP-C23-23.6-c2d7d788","Large catalogs — server-side search; loading entire catalogs prohibited","","Large catalogs — server-side search; loading entire catalogs prohibited","Explicit Shall","Product Enforceable Requirement","atomic","","Manual Reviewed — Confirmed","§23.6 normative rule/principle.","gate-a.2-semantic-engine","Yes","Lookup Standard / Shared UX","","Code / Runtime / UI",""
"C23-23.7-001","38","38","38","Part VI — Lookup & Search","23","Lookup Standard","23.7","SP-C23-23.7-733a25df","Recent items, favorites.","","Recent items, favorites.","Out of Scope","Out of Scope","atomic","","Manual Reviewed — Confirmed","§23.7 out-of-scope section.","gate-a.2-semantic-engine","No","Lookup Standard / Shared UX","","N/A",""
"C24-24.1-001","39","39","39","Part VII — Presentation Standards","24","Workspace & Responsive","24.1","SP-C24-24.1-499a7659","Desktop only for v2.0 operational data entry.","","Desktop only for v2.0 operational data entry.","Descriptive","Descriptive Context","atomic","","Manual Reviewed — Confirmed","Descriptive context — no product modal operator.","gate-a.2-semantic-engine","No","Workspace & Responsive / Shared UX","","Documentation",""
"C24-24.1-002","39","39","39","Part VII — Presentation Standards","24","Workspace & Responsive","24.1","SP-C24-24.1-78953c12","Mobile/tablet entry out of scope unless future amendment.","","Mobile/tablet entry out of scope unless future amendment.","Descriptive","Descriptive Context","atomic","","Manual Reviewed — Confirmed","Descriptive context — no product modal operator.","gate-a.2-semantic-engine","No","Workspace & Responsive / Shared UX","","Documentation",""
"C24-24.2-001","39","39","39","Part VII — Presentation Standards","24","Workspace & Responsive","24.2","SP-C24-24.2-21a1b7b7","Minimum 1366×768; reference design 1920×1080 @ 100%; supported 1440, 1600, 1920.","","Minimum 1366×768; reference design 1920×1080 @ 100%; supported 1440, 1600, 1920.","Descriptive","Descriptive Context","atomic","","Manual Reviewed — Confirmed","Descriptive context — no product modal operator.","gate-a.2-semantic-engine","No","Workspace & Responsive / Shared UX","","Documentation",""
"C24-24.3-001","39","39","39","Part VII — Presentation Standards","24","Workspace & Responsive","24.3","SP-C24-24.3-3c1b12d9","80%–125%: required for release acceptance.","","80%–125%: required for release acceptance.","Descriptive","Descriptive Context","atomic","","Manual Reviewed — Confirmed","Descriptive context — no product modal operator.","gate-a.2-semantic-engine","No","Workspace & Responsive / Shared UX","","Documentation",""
"C24-24.3-002","39","39","39","Part VII — Presentation Standards","24","Workspace & Responsive","24.3","SP-C24-24.3-9dc20a63","150%: best effort — not release gate.","","150%: best effort — not release gate.","Descriptive","Descriptive Context","atomic","","Manual Reviewed — Confirmed","Descriptive context — no product modal operator.","gate-a.2-semantic-engine","No","Workspace & Responsive / Shared UX","","Documentation",""
"C24-24.4-001","39","39","39","Part VII — Presentation Standards","24","Workspace & Responsive","24.4","SP-C24-24.4-bb5c5dec","No horizontal page scroll except inside grids","","No horizontal page scroll except inside grids","Descriptive","Descriptive Context","span_member","Semicolon-separated list item.","Manual Reviewed — Confirmed","Descriptive context — no product modal operator.","gate-a.2-semantic-engine","No","Workspace & Responsive / Shared UX","","Documentation",""
"C24-24.5-001","39","39","39","Part VII — Presentation Standards","24","Workspace & Responsive","24.5","SP-C24-24.5-f1a2c5ab","Supported browsers per platform browser support matrix (Architecture Guide).","","Supported browsers per platform browser support matrix (Architecture Guide).","Descriptive","Descriptive Context","atomic","","Manual Reviewed — Confirmed","Descriptive context — no product modal operator.","gate-a.2-semantic-engine","No","Workspace & Responsive / Shared UX","","Documentation",""
"C24-24.5-002","39","39","39","Part VII — Presentation Standards","24","Workspace & Responsive","24.5","SP-C24-24.5-208ec1d4","High DPI (2K/4K) supported.","","High DPI (2K/4K) supported.","Descriptive","Descriptive Context","atomic","","Manual Reviewed — Confirmed","Descriptive context — no product modal operator.","gate-a.2-semantic-engine","No","Workspace & Responsive / Shared UX","","Documentation",""
"C24-24.5-003","39","39","39","Part VII — Presentation Standards","24","Workspace & Responsive","24.5","SP-C24-24.5-7dddea3d","Multi-monitor consistency.","","Multi-monitor consistency.","Descriptive","Descriptive Context","atomic","","Manual Reviewed — Confirmed","Descriptive context — no product modal operator.","gate-a.2-semantic-engine","No","Workspace & Responsive / Shared UX","","Documentation",""
"C24-24.6-001","39","39","39","Part VII — Presentation Standards","24","Workspace & Responsive","24.6","SP-C24-24.6-95d95e1d","1366×768 @ 80/90/100/110/125%; 1440/1600/1920 @ 100% — Definition of Done (Chapter 29).","","1366×768 @ 80/90/100/110/125%; 1440/1600/1920 @ 100% — Definition of Done (Chapter 29).","Descriptive","Descriptive Context","atomic","","Manual Reviewed — Confirmed","Descriptive context — no product modal operator.","gate-a.2-semantic-engine","No","Workspace & Responsive / Shared UX","","Documentation",""
"C24-24.7-001","39","39","39","Part VII — Presentation Standards","24","Workspace & Responsive","24.7","SP-C24-24.7-e1cf2280","Geometry tokens — UX Constitution; this chapter — acceptance criteria.","","Geometry tokens — UX Constitution; this chapter — acceptance criteria.","Descriptive","Descriptive Context","atomic","","Manual Reviewed — Confirmed","Descriptive context — no product modal operator.","gate-a.2-semantic-engine","No","Workspace & Responsive / Shared UX","","Documentation",""
"C25-25.1-001","40","40","40","Part VII — Presentation Standards","25","Document Layout","25.1","SP-C25-25.1-0ac52bf2","One document page pattern for create/edit; one for detail/workflow.","","One document page pattern for create/edit; one for detail/workflow.","Descriptive","Descriptive Context","atomic","","Manual Reviewed — Confirmed","Descriptive context — no product modal operator.","gate-a.2-semantic-engine","No","Document Layout / Shared UX","","Documentation",""
"C25-25.2-001","40","40","40","Part VII — Presentation Standards","25","Document Layout","25.2","SP-C25-25.2-ae363d9f","Create/Edit: masthead, alert band, body (header + lines), fixed action area.","","Create/Edit: masthead, alert band, body (header + lines), fixed action area.","Descriptive","Descriptive Context","atomic","","Manual Reviewed — Confirmed","Descriptive context — no product modal operator.","gate-a.2-semantic-engine","No","Document Layout / Shared UX","","Documentation",""
"C25-25.2-002","40","40","40","Part VII — Presentation Standards","25","Document Layout","25.2","SP-C25-25.2-ae177cf3","Detail/Workflow: masthead, status, alert band, action bar, content, timeline.","","Detail/Workflow: masthead, status, alert band, action bar, content, timeline.","Descriptive","Descriptive Context","atomic","","Manual Reviewed — Confirmed","Descriptive context — no product modal operator.","gate-a.2-semantic-engine","No","Document Layout / Shared UX","","Documentation",""
"C25-25.2-003","40","40","40","Part VII — Presentation Standards","25","Document Layout","25.2","SP-C25-25.2-d453665e","Modules must not invent unrelated layouts.","","Modules must not invent unrelated layouts.","Explicit Shall","Product Enforceable Requirement","atomic","","Manual Reviewed — Confirmed","§25.2 normative rule/principle.","gate-a.2-semantic-engine","Yes","Document Layout / Shared UX","","Code / Runtime / UI",""
"C25-25.2-004","40","40","40","Part VII — Presentation Standards","25","Document Layout","25.2","SP-C25-25.2-83d5bc58","All modules must declare and follow one archetype.","","All modules must declare and follow one archetype.","Explicit Shall","Product Enforceable Requirement","atomic","","Manual Reviewed — Confirmed","§25.2 normative rule/principle.","gate-a.2-semantic-engine","Yes","Document Layout / Shared UX","","Code / Runtime / UI",""
"C25-25.3-001","40","40","40","Part VII — Presentation Standards","25","Document Layout","25.3","SP-C25-25.3-f1a769bd","Primary scroll owner defined per archetype — must be consistent (details: UX Constitution + Architecture Guide).","","Primary scroll owner defined per archetype — must be consistent (details: UX Constitution + Architecture Guide).","Explicit Shall","Product Enforceable Requirement","atomic","","Manual Reviewed — Confirmed","§25.3 normative rule/principle.","gate-a.2-semantic-engine","Yes","Document Layout / Shared UX","","Code / Runtime / UI",""
"C25-25.4-001","40","40","40","Part VII — Presentation Standards","25","Document Layout","25.4","SP-C25-25.4-cdf0c31e","Header, action bar, and primary actions should remain accessible per archetype without losing context.","","Header, action bar, and primary actions should remain accessible per archetype without losing context.","Explicit Should","Strong Recommendation","atomic","","Manual Reviewed — Confirmed","Explicit should modal.","gate-a.2-semantic-engine","Yes","Document Layout / Shared UX","","UI / Runtime",""
"C25-25.5-001","40","40","40","Part VII — Presentation Standards","25","Document Layout","25.5","SP-C25-25.5-487e37b4","Unified empty states; spacing/density per UX Constitution.","","Unified empty states; spacing/density per UX Constitution.","Descriptive","Descriptive Context","atomic","","Manual Reviewed — Confirmed","Descriptive context — no product modal operator.","gate-a.2-semantic-engine","No","Document Layout / Shared UX","","Documentation",""
"C25-25.6-001","40","40","40","Part VII — Presentation Standards","25","Document Layout","25.6","SP-C25-25.6-acf46175","Collapsible sections behave consistently across modules.","","Collapsible sections behave consistently across modules.","Descriptive","Descriptive Context","atomic","","Manual Reviewed — Confirmed","Descriptive context — no product modal operator.","gate-a.2-semantic-engine","No","Document Layout / Shared UX","","Documentation",""
"C25-25.7-001","40","40","40","Part VII — Presentation Standards","25","Document Layout","25.7","SP-C25-25.7-3f432868","Goods receipt create (after conformance) — create/edit reference; goods receipt detail — workflow reference.","","Goods receipt create (after conformance) — create/edit reference; goods receipt detail — workflow reference.","Descriptive","Descriptive Context","atomic","","Manual Reviewed — Confirmed","Descriptive context — no product modal operator.","gate-a.2-semantic-engine","No","Document Layout / Shared UX","","Documentation",""
"C25-25.8-001","40","40","40","Part VII — Presentation Standards","25","Document Layout","25.8","SP-C25-25.8-f3d23311","Exact pixel tokens — UX Constitution.","","Exact pixel tokens — UX Constitution.","Out of Scope","Out of Scope","atomic","","Manual Reviewed — Confirmed","§25.8 out-of-scope section.","gate-a.2-semantic-engine","No","Document Layout / Shared UX","","N/A",""
"C26-26.1-001","41","41","41","Part VII — Presentation Standards","26","Printing & Export","26.1","SP-C26-26.1-6b75cd08","Print and PDF export must match.","","Print and PDF export must match.","Explicit Shall","Product Enforceable Requirement","atomic","","Manual Reviewed — Confirmed","§26.1 normative rule/principle.","gate-a.2-semantic-engine","Yes","Printing & Export / Reports","","Code / Runtime / UI",""
"C26-26.1-002","41","41","41","Part VII — Presentation Standards","26","Printing & Export","26.1","SP-C26-26.1-f35ef8bf","Status watermarks (draft, posted, void, etc.).","","Status watermarks (draft, posted, void, etc.).","Descriptive","Descriptive Context","atomic","","Manual Reviewed — Confirmed","Descriptive context — no product modal operator.","gate-a.2-semantic-engine","No","Printing & Export / Reports","","Documentation",""
"C26-26.1-003","41","41","41","Part VII — Presentation Standards","26","Printing & Export","26.1","SP-C26-26.1-d00805ca","Header/footer with organization identity; page numbers and print metadata.","","Header/footer with organization identity; page numbers and print metadata.","Descriptive","Descriptive Context","atomic","","Manual Reviewed — Confirmed","Descriptive context — no product modal operator.","gate-a.2-semantic-engine","No","Printing & Export / Reports","","Documentation",""
"C26-26.2-001","41","41","41","Part VII — Presentation Standards","26","Printing & Export","26.2","SP-C26-26.2-dde8e261","Platform electronic record is authoritative; printed/exported copies are representations.","","Platform electronic record is authoritative; printed/exported copies are representations.","Descriptive","Descriptive Context","atomic","","Manual Reviewed — Confirmed","Descriptive context — no product modal operator.","gate-a.2-semantic-engine","No","Printing & Export / Reports","","Documentation",""
"C26-26.3-001","41","41","41","Part VII — Presentation Standards","26","Printing & Export","26.3","SP-C26-26.3-8ae55843","Print and export subject to same permission model as view; export authorization explicit.","","Print and export subject to same permission model as view; export authorization explicit.","Descriptive","Descriptive Context","atomic","","Manual Reviewed — Confirmed","Descriptive context — no product modal operator.","gate-a.2-semantic-engine","No","Printing & Export / Reports","","Documentation",""
"C26-26.4-001","41","41","41","Part VII — Presentation Standards","26","Printing & Export","26.4","SP-C26-26.4-00034f7f","Sensitive data masked per authorization on export/print.","","Sensitive data masked per authorization on export/print.","Descriptive","Descriptive Context","atomic","","Manual Reviewed — Confirmed","Descriptive context — no product modal operator.","gate-a.2-semantic-engine","No","Printing & Export / Reports","","Documentation",""
"C26-26.5-001","41","41","41","Part VII — Presentation Standards","26","Printing & Export","26.5","SP-C26-26.5-8e182546","May be allowed with unofficial marking.","","May be allowed with unofficial marking.","Descriptive","Descriptive Context","atomic","","Manual Reviewed — Confirmed","Descriptive context — no product modal operator.","gate-a.2-semantic-engine","No","Printing & Export / Reports","","Documentation",""
"C26-26.6-001","41","41","41","Part VII — Presentation Standards","26","Printing & Export","26.6","SP-C26-26.6-ebaae793","Print of sensitive documents should be logged.","","Print of sensitive documents should be logged.","Explicit Should","Strong Recommendation","atomic","","Manual Reviewed — Confirmed","Explicit should modal.","gate-a.2-semantic-engine","Yes","Printing & Export / Reports","","UI / Runtime",""
"C26-26.7-001","41","41","41","Part VII — Presentation Standards","26","Printing & Export","26.7","SP-C26-26.7-035eace7","Arabic and English should be supported per property or user preference.","","Arabic and English should be supported per property or user preference.","Explicit Should","Strong Recommendation","atomic","","Manual Reviewed — Confirmed","Explicit should modal.","gate-a.2-semantic-engine","Yes","Printing & Export / Reports","","UI / Runtime",""
"C27-27.1-001","42","42","42","Part VIII — Platform Principles","27","Performance","27.1","SP-C27-27.1-dc3bf644","Large lists — paging or virtual presentation","","Large lists — paging or virtual presentation","Descriptive","Descriptive Context","span_member","Semicolon-separated list item.","Manual Reviewed — Confirmed","Descriptive context — no product modal operator.","gate-a.2-semantic-engine","No","Performance / Platform","","Documentation",""
"C27-27.2-001","42","42","42","Part VIII — Platform Principles","27","Performance","27.2","SP-C27-27.2-47ed526c","Document entry responsive under normal hotel operations; exact metrics in QA acceptance criteria and Architecture Guide.","","Document entry responsive under normal hotel operations; exact metrics in QA acceptance criteria and Architecture Guide.","Descriptive","Descriptive Context","atomic","","Manual Reviewed — Confirmed","Descriptive context — no product modal operator.","gate-a.2-semantic-engine","No","Performance / Platform","","Documentation",""
"C28-28.1-001","43","43","43","Part VIII — Platform Principles","28","Accessibility","28.1","SP-C28-28.1-9b183c40","Interactive elements labeled; color not sole state indicator; contrast per agreed targets; accessibility in QA gates.","","Interactive elements labeled; color not sole state indicator; contrast per agreed targets; accessibility in QA gates.","Descriptive","Descriptive Context","atomic","","Manual Reviewed — Confirmed","Descriptive context — no product modal operator.","gate-a.2-semantic-engine","No","Accessibility / Shared UX","","Documentation",""
"C28-28.2-001","43","43","43","Part VIII — Platform Principles","28","Accessibility","28.2","SP-C28-28.2-e1f8014a","Platform shall support screen reader compatibility for governed interactions.","","Platform shall support screen reader compatibility for governed interactions.","Explicit Shall","Product Enforceable Requirement","atomic","","Manual Reviewed — Confirmed","§28.2 normative rule/principle.","gate-a.2-semantic-engine","Yes","Accessibility / Shared UX","","Code / Runtime / UI",""
"C28-28.3-001","43","43","43","Part VIII — Platform Principles","28","Accessibility","28.3","SP-C28-28.3-c4879841","Validation and error messages shall be accessible to assistive technology.","","Validation and error messages shall be accessible to assistive technology.","Explicit Shall","Product Enforceable Requirement","atomic","","Manual Reviewed — Confirmed","§28.3 normative rule/principle.","gate-a.2-semantic-engine","Yes","Accessibility / Shared UX","","Code / Runtime / UI",""
"C28-28.4-001","43","43","43","Part VIII — Platform Principles","28","Accessibility","28.4","SP-C28-28.4-7c43cb49","Keyboard/focus — Chapter 17; perception/assistive tech — this chapter.","","Keyboard/focus — Chapter 17; perception/assistive tech — this chapter.","Descriptive","Descriptive Context","atomic","","Manual Reviewed — Confirmed","Descriptive context — no product modal operator.","gate-a.2-semantic-engine","No","Accessibility / Shared UX","","Documentation",""
"C28-28.5-001","43","43","43","Part VIII — Platform Principles","28","Accessibility","28.5","SP-C28-28.5-9692a976","Full WCAG certification program — separate initiative.","","Full WCAG certification program — separate initiative.","Out of Scope","Out of Scope","atomic","","Manual Reviewed — Confirmed","§28.5 out-of-scope section.","gate-a.2-semantic-engine","No","Accessibility / Shared UX","","N/A",""
"C29-29.1-001","44","44","44","Part IX — Conformance","29","Constitution Compliance & Ratification","29.1","SP-C29-29.1-667adaec","New and revised capabilities must declare applicable chapters and demonstrate compliance before release.","","New and revised capabilities must declare applicable chapters and demonstrate compliance before release.","Explicit Must","Product Enforceable Requirement","atomic","","Manual Reviewed — Confirmed","Explicit must modal.","gate-a.2-semantic-engine","Yes","Governance / QA","","Code / Runtime / UI",""
"C29-29.2-001","44","44","44","Part IX — Conformance","29","Constitution Compliance & Ratification","29.2","SP-C29-29.2-6abd9878","Fully Compliant | Partially Compliant (documented gaps + remediation plan) | Non-Compliant (not releasable without waiver).","","Fully Compliant | Partially Compliant (documented gaps + remediation plan) | Non-Compliant (not releasable without waiver).","Descriptive","Descriptive Context","atomic","","Manual Reviewed — Confirmed","Descriptive context — no product modal operator.","gate-a.2-semantic-engine","No","Governance / QA","","Documentation",""
"C29-29.3-001","44","44","44","Part IX — Conformance","29","Constitution Compliance & Ratification","29.3","SP-C29-29.3-b2c220ce","A screen/capability is compliant when all mandatory rules in applicable chapters are satisfied, including responsive test matrix where applicable.","","A screen/capability is compliant when all mandatory rules in applicable chapters are satisfied, including responsive test matrix where applicable.","Governance Process Requirement","Governance Process Requirement","atomic","","Manual Reviewed — Confirmed","Chapter 29 governance/compliance process.","gate-a.2-semantic-engine","No","Governance / QA","","Governance QA",""
"C29-29.4-001","44","44","44","Part IX — Conformance","29","Constitution Compliance & Ratification","29.4","SP-C29-29.4-3fa801e3","Exceptions require documented approval, scope, expiry, and registration.","","Exceptions require documented approval, scope, expiry, and registration.","Descriptive","Descriptive Context","atomic","","Manual Reviewed — Confirmed","Descriptive context — no product modal operator.","gate-a.2-semantic-engine","No","Governance / QA","","Documentation",""
"C29-29.4-002","44","44","44","Part IX — Conformance","29","Constitution Compliance & Ratification","29.4","SP-C29-29.4-dfed89d7","Architecture Exception Governance — waiver process formal; exceptions must not weaken audit, posting, or period rules.","","Architecture Exception Governance — waiver process formal; exceptions must not weaken audit, posting, or period rules.","Explicit Shall","Product Enforceable Requirement","atomic","","Manual Reviewed — Confirmed","§29.4 normative rule/principle.","gate-a.2-semantic-engine","Yes","Governance / QA","","Code / Runtime / UI",""
"C29-29.5-001","44","44","44","Part IX — Conformance","29","Constitution Compliance & Ratification","29.5","SP-C29-29.5-0c05a944","New operational modules must undergo constitutional review before production approval.","","New operational modules must undergo constitutional review before production approval.","Explicit Must","Product Enforceable Requirement","atomic","","Manual Reviewed — Confirmed","Explicit must modal.","gate-a.2-semantic-engine","Yes","Governance / QA","","Code / Runtime / UI",""
"C29-29.6-001","44","44","44","Part IX — Conformance","29","Constitution Compliance & Ratification","29.6","SP-C29-29.6-8c08509b","QA validates against this Constitution and UX Constitution.","","QA validates against this Constitution and UX Constitution.","Descriptive","Descriptive Context","atomic","","Manual Reviewed — Confirmed","Descriptive context — no product modal operator.","gate-a.2-semantic-engine","No","Governance / QA","","Documentation",""
"C29-29.6-002","44","44","44","Part IX — Conformance","29","Constitution Compliance & Ratification","29.6","SP-C29-29.6-a3c34659","Methods — Architecture Guide.","","Methods — Architecture Guide.","Descriptive","Descriptive Context","atomic","","Manual Reviewed — Confirmed","Descriptive context — no product modal operator.","gate-a.2-semantic-engine","No","Governance / QA","","Documentation",""
"C29-29.7-001","44","44","44","Part IX — Conformance","29","Constitution Compliance & Ratification","29.7","SP-C29-29.7-20243b4d","Non-compliance tracked; backlog does not override Constitution.","","Non-compliance tracked; backlog does not override Constitution.","Governance Process Requirement","Governance Process Requirement","atomic","","Manual Reviewed — Confirmed","Chapter 29 governance/compliance process.","gate-a.2-semantic-engine","No","Governance / QA","","Governance QA",""
"C29-29.8-001","44","44","44","Part IX — Conformance","29","Constitution Compliance & Ratification","29.8","SP-C29-29.8-1000abd1","This Constitution v2.0 Final is ratified upon approval by Product & Governance and Enterprise Architecture.","","This Constitution v2.0 Final is ratified upon approval by Product & Governance and Enterprise Architecture.","Governance Process Requirement","Governance Process Requirement","atomic","","Manual Reviewed — Confirmed","Chapter 29 governance/compliance process.","gate-a.2-semantic-engine","No","Governance / QA","","Governance QA",""
"C29-29.8-002","44","44","44","Part IX — Conformance","29","Constitution Compliance & Ratification","29.8","SP-C29-29.8-f5c94c2a","Supersedes: DX OSE Document Constitution v1.0.","","Supersedes: DX OSE Document Constitution v1.0.","Descriptive","Descriptive Context","atomic","","Manual Reviewed — Confirmed","Descriptive context — no product modal operator.","gate-a.2-semantic-engine","No","Governance / QA","","Documentation",""
"C29-29.8-003","44","44","44","Part IX — Conformance","29","Constitution Compliance & Ratification","29.8","SP-C29-29.8-0144c074","Subordinate: Architecture & Implementation Guides, BDR.","","Subordinate: Architecture & Implementation Guides, BDR.","Descriptive","Descriptive Context","atomic","","Manual Reviewed — Confirmed","Descriptive context — no product modal operator.","gate-a.2-semantic-engine","No","Governance / QA","","Documentation",""
"CA-A-001","45","45","45","Appendix A","A","Business Decision Records (BDR) Index","A","SP-A-BDR-001","BDR- Reject terminates document; Return → edit → Submit; no Re-submit Active","bdr_id=BDR-001; title=Reject terminates document; Return → edit → Submit; no Re-submit; status=Active; number_line=001","BDR index entry BDR-001: Reject terminates document; Return → edit → Submit; no Re-submit (Active)","Reference Index Entry","Reference Index","atomic","Appendix A BDR index row.","Manual Reviewed — Confirmed","Appendix A BDR index row.","gate-a.2-semantic-engine","No","Governance / BDR Index","Appendix B","BDR index review","Reference index; not constitutional clause"
"CA-A-002","45","45","45","Appendix A","A","Business Decision Records (BDR) Index","A","SP-A-BDR-002","BDR- Draft-first for operational documents Active","bdr_id=BDR-002; title=Draft-first for operational documents; status=Active; number_line=002","BDR index entry BDR-002: Draft-first for operational documents (Active)","Reference Index Entry","Reference Index","atomic","Appendix A BDR index row.","Manual Reviewed — Confirmed","Appendix A BDR index row.","gate-a.2-semantic-engine","No","Governance / BDR Index","Appendix B","BDR index review","Reference index; not constitutional clause"
"CA-A-003","45","45","45","Appendix A","A","Business Decision Records (BDR) Index","A","SP-A-BDR-003","BDR- No automatic line merge; duplicate rules per document type Active","bdr_id=BDR-003; title=No automatic line merge; duplicate rules per document type; status=Active; number_line=003","BDR index entry BDR-003: No automatic line merge; duplicate rules per document type (Active)","Reference Index Entry","Reference Index","atomic","Appendix A BDR index row.","Manual Reviewed — Confirmed","Appendix A BDR index row.","gate-a.2-semantic-engine","No","Governance / BDR Index","Appendix B","BDR index review","Reference index; not constitutional clause"
"CA-A-004","45","45","45","Appendix A","A","Business Decision Records (BDR) Index","A","SP-A-BDR-004","BDR- Final Workflow Approval triggers Posting by default Active","bdr_id=BDR-004; title=Final Workflow Approval triggers Posting by default; status=Active; number_line=004","BDR index entry BDR-004: Final Workflow Approval triggers Posting by default (Active)","Reference Index Entry","Reference Index","atomic","Appendix A BDR index row.","Manual Reviewed — Confirmed","Appendix A BDR index row.","gate-a.2-semantic-engine","No","Governance / BDR Index","Appendix B","BDR index review","Reference index; not constitutional clause"
"CA-A-005","45","45","45","Appendix A","A","Business Decision Records (BDR) Index","A","SP-A-BDR-005","BDR- Evidence Package is not a separate permission Active","bdr_id=BDR-005; title=Evidence Package is not a separate permission; status=Active; number_line=005","BDR index entry BDR-005: Evidence Package is not a separate permission (Active)","Reference Index Entry","Reference Index","atomic","Appendix A BDR index row.","Manual Reviewed — Confirmed","Appendix A BDR index row.","gate-a.2-semantic-engine","No","Governance / BDR Index","Appendix B","BDR index review","Reference index; not constitutional clause"
"CA-A-006","45","45","45","Appendix A","A","Business Decision Records (BDR) Index","A","SP-A-BDR-006","BDR- Period Close uses Resolution Workspace Active","bdr_id=BDR-006; title=Period Close uses Resolution Workspace; status=Active; number_line=006","BDR index entry BDR-006: Period Close uses Resolution Workspace (Active)","Reference Index Entry","Reference Index","atomic","Appendix A BDR index row.","Manual Reviewed — Confirmed","Appendix A BDR index row.","gate-a.2-semantic-engine","No","Governance / BDR Index","Appendix B","BDR index review","Reference index; not constitutional clause"
"CA-A-007","45","45","45","Appendix A","A","Business Decision Records (BDR) Index","A","SP-A-BDR-007","BDR- Void vs Cancelled user-facing label Under","bdr_id=BDR-007; title=Void vs Cancelled user-facing label; status=Under Review; number_line=007","BDR index entry BDR-007: Void vs Cancelled user-facing label (Under Review)","Reference Index Entry","Reference Index","atomic","Appendix A BDR index row.","Manual Reviewed — Confirmed","Appendix A BDR index row.","gate-a.2-semantic-engine","No","Governance / BDR Index","Appendix B","BDR index review","Reference index; not constitutional clause"
"CA-A-008","45","45","45","Appendix A","A","Business Decision Records (BDR) Index","A","SP-A-BDR-008","BDR- Approved state optional — distinct stage before Posting only Active","bdr_id=BDR-008; title=Approved state optional — distinct stage before Posting only; status=Active; number_line=008","BDR index entry BDR-008: Approved state optional — distinct stage before Posting only (Active)","Reference Index Entry","Reference Index","atomic","Appendix A BDR index row.","Manual Reviewed — Confirmed","Appendix A BDR index row.","gate-a.2-semantic-engine","No","Governance / BDR Index","Appendix B","BDR index review","Reference index; not constitutional clause"
"CA-A-009","45","45","45","Appendix A","A","Business Decision Records (BDR) Index","A","SP-A-BDR-009","BDR- Item Business Rules (v1 ITM-1): duplicate messaging, supplier/warehouse change, Active","bdr_id=BDR-009; title=Item Business Rules (v1 ITM-1): duplicate messaging, supplier/warehouse change, base unit immutability after first movement; status=Active; number_line=009","BDR index entry BDR-009: Item Business Rules (v1 ITM-1): duplicate messaging, supplier/warehouse change, base unit immutability after first movement (Active)","Reference Index Entry","Reference Index","atomic","Appendix A BDR index row.","Manual Reviewed — Confirmed","Appendix A BDR index row.","gate-a.2-semantic-engine","No","Governance / BDR Index","Appendix B","BDR index review","Reference index; not constitutional clause"
"CB-B-002","46","46","46","Appendix B","B","Open Governance Notes","B","SP-B-BDR-007","BDR-007 — Void vs Cancelled user-facing label — Under Review","","BDR-007 excluded pending ratification","Explicitly Excluded Pending Ratification","Excluded Pending Ratification","atomic","Appendix B explicit BDR-007 exclusion.","Manual Reviewed — Confirmed","BDR-007 excluded pending ratification.","gate-a.2-semantic-engine","No","User-facing lifecycle labeling","2.2","Exclusion register","BDR-007 excluded from enforceable requirements"
