"fresh_id","pdf_page","part","chapter_num","chapter_title","section","exact_pdf_source_text","normalized_atomic_clause","strength_classification","category_bucket","applies_to","related_sections","verification_type","extraction_note"
"C1-1.1-001","11","Part 0 — Authority","1","Authority & Hierarchy","1.1","This Constitution establishes the governing principles, policies, standards, and mandatory rules for the DX OSE Enterprise ERP Platform. It defines what the platform must do from a governance perspective. It is technology-neutral and shall remain valid regardless of changes to frontend, backend, database, or integration technologies. This Constitution is the Single Source of Truth (SSOT) for governance across the DX OSE ERP Platform. All subordinate governance, UX, workflow, access control, and implementation documents shall conform to this Constitution.","This Constitution establishes the governing principles, policies, standards, and mandatory rules for the DX OSE Enterprise ERP Platform. It defines what the platform must do from a governance perspective. It is technology-neutral and shall remain valid regardless of changes to frontend, backend, database, or integration technologies. This Constitution is the Single Source of Truth (SSOT) for governance across the DX OSE ERP Platform. All subordinate governance, UX, workflow, access control, and implementation documents shall conform to this Constitution.","Explicit Must","Enforceable Normative Requirements","Platform","","Code / Runtime / UI",""
"C1-1.2-001","11","Part 0 — Authority","1","Authority & Hierarchy","1.2","When documents conflict, the higher-level document shall always prevail. No subordinate document may override or contradict this Constitution. Order Document Governs 1 DX OSE Constitution Principles, policies, standards, and mandatory rules — SSOT 2 DX OSE UX Constitution User experience, layout geometry, scroll ownership, visual rhythm 3 Business Decision Records Formal Product/Governance decisions that interpret or extend (BDR) this Constitution without amending it 4 Workflow Contracts Document cycles, internal states, transitions, and routing 5 Access Control Catalog (ACC) Who may execute each operation or transition 6 Architecture & How governance is implemented — non-normative for Implementation Guides governance","When documents conflict, the higher-level document shall always prevail. No subordinate document may override or contradict this Constitution. Order Document Governs 1 DX OSE Constitution Principles, policies, standards, and mandatory rules — SSOT 2 DX OSE UX Constitution User experience, layout geometry, scroll ownership, visual rhythm 3 Business Decision Records Formal Product/Governance decisions that interpret or extend (BDR) this Constitution without amending it 4 Workflow Contracts Document cycles, internal states, transitions, and routing 5 Access Control Catalog (ACC) Who may execute each operation or transition 6 Architecture & How governance is implemented — non-normative for Implementation Guides governance","Explicit Shall","Enforceable Normative Requirements","Platform","","Code / Runtime / UI",""
"C1-1.2-002","11","Part 0 — Authority","1","Authority & Hierarchy","1.2","The official governance library shall maintain, at minimum:","The official governance library shall maintain, at minimum:","Explicit Shall","Enforceable Normative Requirements","Platform","","Code / Runtime / UI",""
"C1-1.2-003","11","Part 0 — Authority","1","Authority & Hierarchy","1.2","DX OSE Constitution","DX OSE Constitution","Descriptive","Descriptive Governance Statements","Platform","","Documentation",""
"C1-1.2-004","11","Part 0 — Authority","1","Authority & Hierarchy","1.2","DX OSE UX Constitution","DX OSE UX Constitution","Descriptive","Descriptive Governance Statements","Platform","","Documentation",""
"C1-1.2-005","11","Part 0 — Authority","1","Authority & Hierarchy","1.2","Business Decision Records (BDR)","Business Decision Records (BDR)","Descriptive","Descriptive Governance Statements","Platform","","Documentation",""
"C1-1.2-006","11","Part 0 — Authority","1","Authority & Hierarchy","1.2","Workflow Contracts","Workflow Contracts","Descriptive","Descriptive Governance Statements","Platform","","Documentation",""
"C1-1.2-007","11","Part 0 — Authority","1","Authority & Hierarchy","1.2","Access Control Catalog","Access Control Catalog","Descriptive","Descriptive Governance Statements","Platform","","Documentation",""
"C1-1.2-008","11","Part 0 — Authority","1","Authority & Hierarchy","1.2","Architecture Guide","Architecture Guide","Descriptive","Descriptive Governance Statements","Platform","","Documentation",""
"C1-1.2-009","11","Part 0 — Authority","1","Authority & Hierarchy","1.2","Implementation Guide","Implementation Guide","Descriptive","Descriptive Governance Statements","Platform","","Documentation",""
"C1-1.3-001","11","Part 0 — Authority","1","Authority & Hierarchy","1.3","Section 1.3 Four Tiers has been removed in its entirety per Master Review Log ratification. This section number is reserved and shall not be reassigned to other content without explicit governance decision.","Section 1.3 Four Tiers has been removed in its entirety per Master Review Log ratification. This section number is reserved and shall not be reassigned to other content without explicit governance decision.","Explicit Must Not","Enforceable Normative Requirements","Platform","","Code / Runtime / UI",""
"C1-1.4-001","11","Part 0 — Authority","1","Authority & Hierarchy","1.4","This Constitution applies to all current and future operational modules of the DX OSE ERP Platform.","This Constitution applies to all current and future operational modules of the DX OSE ERP Platform.","Descriptive","Descriptive Governance Statements","Platform","","Documentation",""
"C1-1.4-002","11","Part 0 — Authority","1","Authority & Hierarchy","1.4","Platform-wide chapters apply to all DX OSE modules and shared user experiences.","Platform-wide chapters apply to all DX OSE modules and shared user experiences.","Descriptive","Descriptive Governance Statements","Platform","","Documentation",""
"C1-1.4-003","11","Part 0 — Authority","1","Authority & Hierarchy","1.4","Document-specific chapters apply to operational documents and document entry","Document-specific chapters apply to operational documents and document entry","Descriptive","Descriptive Governance Statements","Platform","","Documentation",""
"C1-1.4-004","11","Part 0 — Authority","1","Authority & Hierarchy","1.4","workflows.","workflows.","Descriptive","Descriptive Governance Statements","Platform","","Documentation",""
"C1-1.4-005","11","Part 0 — Authority","1","Authority & Hierarchy","1.4","Out of scope for this Constitution:","Out of scope for this Constitution:","Out of Scope","Out-of-Scope Clauses","Platform","","N/A",""
"C1-1.4-006","11","Part 0 — Authority","1","Authority & Hierarchy","1.4","Technology stack","Technology stack","Out of Scope","Out-of-Scope Clauses","Platform","","N/A",""
"C1-1.4-007","11","Part 0 — Authority","1","Authority & Hierarchy","1.4","Internal implementation details","Internal implementation details","Out of Scope","Out-of-Scope Clauses","Platform","","N/A",""
"C1-1.4-008","11","Part 0 — Authority","1","Authority & Hierarchy","1.4","Database architecture","Database architecture","Out of Scope","Out-of-Scope Clauses","Platform","","N/A",""
"C1-1.4-009","11","Part 0 — Authority","1","Authority & Hierarchy","1.4","Integration implementation details","Integration implementation details","Out of Scope","Out-of-Scope Clauses","Platform","","N/A",""
"C1-1.4-010","11","Part 0 — Authority","1","Authority & Hierarchy","1.4","Implementation detail belongs in Architecture & Implementation Guides.","Implementation detail belongs in Architecture & Implementation Guides.","Out of Scope","Out-of-Scope Clauses","Platform","","N/A",""
"C1-1.5-001","12","Part 0 — Authority","1","Authority & Hierarchy","1.5","Normative keywords shall be interpreted exactly as defined in this chapter.","Normative keywords shall be interpreted exactly as defined in this chapter.","Explicit Shall","Enforceable Normative Requirements","Platform","","Code / Runtime / UI",""
"C2-2.1-001","13","Part I — Governance Constitution","2","Document Lifecycle","2.1","DX OSE shall provide one consistent document lifecycle experience across all operational modules. Principle: The user experience is the contract. The implementation is an internal concern. Modules may implement different internal workflows, provided that the user-facing lifecycle remains consistent across the platform. Internal workflow implementation, workflow step names, and internal status codes must never be exposed to end users.","DX OSE shall provide one consistent document lifecycle experience across all operational modules. Principle: The user experience is the contract. The implementation is an internal concern. Modules may implement different internal workflows, provided that the user-facing lifecycle remains consistent across the platform. Internal workflow implementation, workflow step names, and internal status codes must never be exposed to end users.","Explicit Must","Enforceable Normative Requirements","Operational Documents / Shared UX","","Code / Runtime / UI",""
"C2-2.2-001","13","Part I — Governance Constitution","2","Document Lifecycle","2.2","Each user-facing lifecycle state shall represent one consistent business meaning across the entire DX OSE ERP Platform. No module may redefine these meanings. No module may introduce additional user-facing lifecycle states unless they are first ratified in this Constitution.","Each user-facing lifecycle state shall represent one consistent business meaning across the entire DX OSE ERP Platform. No module may redefine these meanings. No module may introduce additional user-facing lifecycle states unless they are first ratified in this Constitution.","Explicit Shall","Enforceable Normative Requirements","Operational Documents / Shared UX","","Code / Runtime / UI",""
"C2-2.2-002","13","Part I — Governance Constitution","2","Document Lifecycle","2.2","Draft Editable; no official operational or financial effect","Draft Editable; no official operational or financial effect","Governance Definition","Descriptive Governance Statements","Operational Documents / Shared UX","","Documentation",""
"C2-2.2-003","13","Part I — Governance Constitution","2","Document Lifecycle","2.2","Submitted Sent into review","Submitted Sent into review","Governance Definition","Descriptive Governance Statements","Operational Documents / Shared UX","","Documentation",""
"C2-2.2-004","13","Part I — Governance Constitution","2","Document Lifecycle","2.2","In Review In an approval chain","In Review In an approval chain","Governance Definition","Descriptive Governance Statements","Operational Documents / Shared UX","","Documentation",""
"C2-2.2-005","13","Part I — Governance Constitution","2","Document Lifecycle","2.2","Approved *Optional.* Used only when a document has a distinct business stage between final","Approved *Optional.* Used only when a document has a distinct business stage between final","Governance Definition","Descriptive Governance Statements","Operational Documents / Shared UX","","Documentation",""
"C2-2.2-006","13","Part I — Governance Constitution","2","Document Lifecycle","2.2","approval and posting","approval and posting","Governance Definition","Descriptive Governance Statements","Operational Documents / Shared UX","","Documentation",""
"C2-2.2-007","13","Part I — Governance Constitution","2","Document Lifecycle","2.2","Posted Official operational and financial effects applied","Posted Official operational and financial effects applied","Governance Definition","Descriptive Governance Statements","Operational Documents / Shared UX","","Documentation",""
"C2-2.2-008","13","Part I — Governance Constitution","2","Document Lifecycle","2.2","Rejected Terminated; no resubmission of the same document","Rejected Terminated; no resubmission of the same document","Governance Definition","Descriptive Governance Statements","Operational Documents / Shared UX","","Documentation",""
"C2-2.2-009","13","Part I — Governance Constitution","2","Document Lifecycle","2.2","Returned Sent back to creator for correction (Send Back)","Returned Sent back to creator for correction (Send Back)","Governance Definition","Descriptive Governance Statements","Operational Documents / Shared UX","","Documentation",""
"C2-2.2-010","13","Part I — Governance Constitution","2","Document Lifecycle","2.2","Void Formally cancelled before becoming part of the permanent business record","Void Formally cancelled before becoming part of the permanent business record","Governance Definition","Descriptive Governance Statements","Operational Documents / Shared UX","","Documentation",""
"C2-2.2-011","13","Part I — Governance Constitution","2","Document Lifecycle","2.2","Closed Operationally complete without Posted being the final state (e.g. custody returned, get-","Closed Operationally complete without Posted being the final state (e.g. custody returned, get-","Governance Definition","Descriptive Governance Statements","Operational Documents / Shared UX","","Documentation",""
"C2-2.2-012","13","Part I — Governance Constitution","2","Document Lifecycle","2.2","pass completed, loan ended)","pass completed, loan ended)","Governance Definition","Descriptive Governance Statements","Operational Documents / Shared UX","","Documentation",""
"C2-2.2-013","13","Part I — Governance Constitution","2","Document Lifecycle","2.2","Cancel and Void","Cancel and Void","Governance Definition","Descriptive Governance Statements","Operational Documents / Shared UX","","Documentation",""
"C2-2.2-014","13","Part I — Governance Constitution","2","Document Lifecycle","2.2","Cancel is an action.","Cancel is an action.","Governance Definition","Descriptive Governance Statements","Operational Documents / Shared UX","","Documentation",""
"C2-2.2-015","13","Part I — Governance Constitution","2","Document Lifecycle","2.2","Void is the lifecycle state resulting from cancellation before the document enters the governed permanent record.","Void is the lifecycle state resulting from cancellation before the document enters the governed permanent record.","Governance Definition","Descriptive Governance Statements","Operational Documents / Shared UX","","Documentation",""
"C2-2.2-016","13","Part I — Governance Constitution","2","Document Lifecycle","2.2","A separate user-facing state named Cancelled shall not be introduced unless ratified in this Constitution (*see BDR-007*).","A separate user-facing state named Cancelled shall not be introduced unless ratified in this Constitution (*see BDR-007*).","Explicitly Excluded Pending Ratification","Explicitly Excluded Pending Ratification","Operational Documents / Shared UX","","Exclusion register verification",""
"C2-2.3-001","13","Part I — Governance Constitution","2","Document Lifecycle","2.3","Each module shall provide a consistent mapping between internal workflow states and standardized user-facing lifecycle states. Internal workflow identifiers, status codes, enum names, workflow step names, and other implementation details must never be exposed to end users. Identical business outcomes shall always resolve to the same standardized user-facing lifecycle state across the DX OSE platform.","Each module shall provide a consistent mapping between internal workflow states and standardized user-facing lifecycle states. Internal workflow identifiers, status codes, enum names, workflow step names, and other implementation details must never be exposed to end users. Identical business outcomes shall always resolve to the same standardized user-facing lifecycle state across the DX OSE platform.","Explicit Must","Enforceable Normative Requirements","Operational Documents / Shared UX","","Code / Runtime / UI",""
"C2-2.4.1-001","14","Part I — Governance Constitution","2","Document Lifecycle","2.4.1","Posting is the single business commit point for all operational and financial effects within the DX OSE ERP Platform. No operational or financial effect shall be considered official before Posting unless this Constitution explicitly states otherwise.","Posting is the single business commit point for all operational and financial effects within the DX OSE ERP Platform. No operational or financial effect shall be considered official before Posting unless this Constitution explicitly states otherwise.","Explicit Shall","Enforceable Normative Requirements","Operational Documents / Shared UX","","Code / Runtime / UI",""
"C2-2.4.2-001","14","Part I — Governance Constitution","2","Document Lifecycle","2.4.2","Operational reports represent official business results, including stock balance, inventory ledger, inventory movement history, inventory valuation, and financial inventory reports.","Operational reports represent official business results, including stock balance, inventory ledger, inventory movement history, inventory valuation, and financial inventory reports.","Descriptive","Descriptive Governance Statements","Operational Documents / Shared UX","","Documentation",""
"C2-2.4.2-002","14","Part I — Governance Constitution","2","Document Lifecycle","2.4.2","Rule: Operational reports shall derive operational and financial results exclusively from Posted documents.","Rule: Operational reports shall derive operational and financial results exclusively from Posted documents.","Explicit Shall","Enforceable Normative Requirements","Operational Documents / Shared UX","","Code / Runtime / UI",""
"C2-2.4.3-001","14","Part I — Governance Constitution","2","Document Lifecycle","2.4.3","Workflow reports represent workflow progress and operational monitoring (pending approvals, finance/GM queues, reviewer packs, SLA dashboards, draft monitoring).","Workflow reports represent workflow progress and operational monitoring (pending approvals, finance/GM queues, reviewer packs, SLA dashboards, draft monitoring).","Descriptive","Descriptive Governance Statements","Operational Documents / Shared UX","","Documentation",""
"C2-2.4.3-002","14","Part I — Governance Constitution","2","Document Lifecycle","2.4.3","Rule: Workflow reports may include Draft, Submitted, In Review, Returned, Rejected, Posted, and other lifecycle states according to business requirements.","Rule: Workflow reports may include Draft, Submitted, In Review, Returned, Rejected, Posted, and other lifecycle states according to business requirements.","Explicit May","Optional Capabilities","Operational Documents / Shared UX","","Runtime",""
"C2-2.4.4-001","14","Part I — Governance Constitution","2","Document Lifecycle","2.4.4","Evidence Package is not a reporting category. It comprises document-level proof artifacts (PDF, print output, evidence export, timeline, audit trail, supporting attachments) for one document. It is governed under Document Composition and Audit chapters.","Evidence Package is not a reporting category. It comprises document-level proof artifacts (PDF, print output, evidence export, timeline, audit trail, supporting attachments) for one document. It is governed under Document Composition and Audit chapters.","Descriptive","Descriptive Governance Statements","Operational Documents / Shared UX","","Documentation",""
"C2-2.4.5-001","14","Part I — Governance Constitution","2","Document Lifecycle","2.4.5","Inventory reservation is governed by business policy. The default DX OSE behavior is no reservation before Posting unless explicitly defined by a ratified business policy.","Inventory reservation is governed by business policy. The default DX OSE behavior is no reservation before Posting unless explicitly defined by a ratified business policy.","Descriptive","Descriptive Governance Statements","Operational Documents / Shared UX","","Documentation",""
"C2-2.5-001","14","Part I — Governance Constitution","2","Document Lifecycle","2.5","Editability shall be governed exclusively by document lifecycle state, not by individual screen
implementations.","Editability shall be governed exclusively by document lifecycle state, not by individual screen
implementations.","Explicit Shall","Enforceable Normative Requirements","Operational Documents / Shared UX","","Code / Runtime / UI",""
"C2-2.5-002","14","Part I — Governance Constitution","2","Document Lifecycle","2.5","Draft Yes","Draft Yes","Descriptive","Descriptive Governance Statements","Operational Documents / Shared UX","","Documentation",""
"C2-2.5-003","14","Part I — Governance Constitution","2","Document Lifecycle","2.5","Returned Yes","Returned Yes","Descriptive","Descriptive Governance Statements","Operational Documents / Shared UX","","Documentation",""
"C2-2.5-004","14","Part I — Governance Constitution","2","Document Lifecycle","2.5","Submitted No","Submitted No","Descriptive","Descriptive Governance Statements","Operational Documents / Shared UX","","Documentation",""
"C2-2.5-005","14","Part I — Governance Constitution","2","Document Lifecycle","2.5","In Review No","In Review No","Descriptive","Descriptive Governance Statements","Operational Documents / Shared UX","","Documentation",""
"C2-2.5-006","14","Part I — Governance Constitution","2","Document Lifecycle","2.5","Posted No","Posted No","Descriptive","Descriptive Governance Statements","Operational Documents / Shared UX","","Documentation",""
"C2-2.5-007","14","Part I — Governance Constitution","2","Document Lifecycle","2.5","Rejected No","Rejected No","Descriptive","Descriptive Governance Statements","Operational Documents / Shared UX","","Documentation",""
"C2-2.5-008","14","Part I — Governance Constitution","2","Document Lifecycle","2.5","Void / Cancelled No","Void / Cancelled No","Descriptive","Descriptive Governance Statements","Operational Documents / Shared UX","","Documentation",""
"C2-2.5-009","14","Part I — Governance Constitution","2","Document Lifecycle","2.5","Closed No","Closed No","Descriptive","Descriptive Governance Statements","Operational Documents / Shared UX","","Documentation",""
"C2-2.6-001","14","Part I — Governance Constitution","2","Document Lifecycle","2.6","Delete is permitted only while the document is in Draft. Once a document leaves Draft, Delete must not be available. Business termination shall use governed lifecycle actions (Cancel, Reject, Void, Close, etc.). Deletion permanently removes a document before it becomes part of the business record. Once a document enters the governed lifecycle, business termination actions shall replace deletion.","Delete is permitted only while the document is in Draft. Once a document leaves Draft, Delete must not be available. Business termination shall use governed lifecycle actions (Cancel, Reject, Void, Close, etc.). Deletion permanently removes a document before it becomes part of the business record. Once a document enters the governed lifecycle, business termination actions shall replace deletion.","Explicit Must Not","Enforceable Normative Requirements","Operational Documents / Shared UX","","Code / Runtime / UI",""
"C2-2.7-001","15","Part I — Governance Constitution","2","Document Lifecycle","2.7","After Return: Edit → Submit. There shall be no separate action named Re-submit. Submit always represents entering the workflow, whether for the first time or after Return. After Reject, the same document must not re-enter workflow. A new document is required.","After Return: Edit → Submit. There shall be no separate action named Re-submit. Submit always represents entering the workflow, whether for the first time or after Return. After Reject, the same document must not re-enter workflow. A new document is required.","Explicit Must Not","Enforceable Normative Requirements","Operational Documents / Shared UX","","Code / Runtime / UI",""
"C2-2.8-001","15","Part I — Governance Constitution","2","Document Lifecycle","2.8","Every document detail view shall present a unified timeline showing, as applicable: current state, workflow step, actor, date and time, mandatory reasons, workflow comments, system events, and duration (when applicable).","Every document detail view shall present a unified timeline showing, as applicable: current state, workflow step, actor, date and time, mandatory reasons, workflow comments, system events, and duration (when applicable).","Explicit Shall","Enforceable Normative Requirements","Operational Documents / Shared UX","","Code / Runtime / UI",""
"C2-2.9-001","15","Part I — Governance Constitution","2","Document Lifecycle","2.9","Cancel Creator action Void (per Ch. 2.2)","Cancel Creator action Void (per Ch. 2.2)","Governance Definition","Descriptive Governance Statements","Operational Documents / Shared UX","","Documentation",""
"C2-2.9-002","15","Part I — Governance Constitution","2","Document Lifecycle","2.9","Reject Reviewer workflow action Rejected","Reject Reviewer workflow action Rejected","Governance Definition","Descriptive Governance Statements","Operational Documents / Shared UX","","Documentation",""
"C2-2.9-003","15","Part I — Governance Constitution","2","Document Lifecycle","2.9","Close Lifecycle completion action Closed","Close Lifecycle completion action Closed","Governance Definition","Descriptive Governance Statements","Operational Documents / Shared UX","","Documentation",""
"C2-2.10-001","15","Part I — Governance Constitution","2","Document Lifecycle","2.10","Workflow engine implementation, state machine design, database schema, API contracts, technical implementation details — Architecture & Implementation Guides.","Workflow engine implementation, state machine design, database schema, API contracts, technical implementation details — Architecture & Implementation Guides.","Out of Scope","Out-of-Scope Clauses","Operational Documents / Shared UX","","N/A",""
"C3-3.1-001","16","Part I — Governance Constitution","3","Workflow & Actions","3.1","Users shall see only the actions they need for their role and document state. Action behavior shall remain consistent across all DX OSE modules regardless of workflow implementation. No module may invent alternative names for standard actions unless ratified in this Constitution.","Users shall see only the actions they need for their role and document state. Action behavior shall remain consistent across all DX OSE modules regardless of workflow implementation. No module may invent alternative names for standard actions unless ratified in this Constitution.","Explicit Shall","Enforceable Normative Requirements","Workflow / Shared UX","","Code / Runtime / UI",""
"C3-3.2-001","16","Part I — Governance Constitution","3","Workflow & Actions","3.2","Save Draft, Submit, Cancel. Cancel is an action, not a lifecycle state. Alternative labels with the same meaning (Abort, Discard, Cancel Document) must not be used.","Save Draft, Submit, Cancel. Cancel is an action, not a lifecycle state. Alternative labels with the same meaning (Abort, Discard, Cancel Document) must not be used.","Explicit Must Not","Enforceable Normative Requirements","Workflow / Shared UX","","Code / Runtime / UI",""
"C3-3.3-001","16","Part I — Governance Constitution","3","Workflow & Actions","3.3","Approve, Send Back, Reject. Reviewer actions shall be available only while the document is actively assigned to the current reviewer according to workflow definition and the permission model.","Approve, Send Back, Reject. Reviewer actions shall be available only while the document is actively assigned to the current reviewer according to workflow definition and the permission model.","Explicit Shall","Enforceable Normative Requirements","Workflow / Shared UX","","Code / Runtime / UI",""
"C3-3.4-001","16","Part I — Governance Constitution","3","Workflow & Actions","3.4","Ends document No Yes","Ends document No Yes","Descriptive","Descriptive Governance Statements","Workflow / Shared UX","","Documentation",""
"C3-3.4-002","16","Part I — Governance Constitution","3","Workflow & Actions","3.4","Allows edit Yes No","Allows edit Yes No","Descriptive","Descriptive Governance Statements","Workflow / Shared UX","","Documentation",""
"C3-3.4-003","16","Part I — Governance Constitution","3","Workflow & Actions","3.4","Reason required Yes Yes","Reason required Yes Yes","Descriptive","Descriptive Governance Statements","Workflow / Shared UX","","Documentation",""
"C3-3.4-004","16","Part I — Governance Constitution","3","Workflow & Actions","3.4","Next step Edit → Submit New document if operation repeats","Next step Edit → Submit New document if operation repeats","Descriptive","Descriptive Governance Statements","Workflow / Shared UX","","Documentation",""
"C3-3.4-005","16","Part I — Governance Constitution","3","Workflow & Actions","3.4","Business transaction Continues Terminates","Business transaction Continues Terminates","Descriptive","Descriptive Governance Statements","Workflow / Shared UX","","Documentation",""
"C3-3.5-001","16","Part I — Governance Constitution","3","Workflow & Actions","3.5","There shall be only one primary action for the current document state.","There shall be only one primary action for the current document state.","Explicit Shall","Enforceable Normative Requirements","Workflow / Shared UX","","Code / Runtime / UI",""
"C3-3.6-001","16","Part I — Governance Constitution","3","Workflow & Actions","3.6","Primary → Secondary → Neutral → Danger","Primary → Secondary → Neutral → Danger","Descriptive","Descriptive Governance Statements","Workflow / Shared UX","","Documentation",""
"C3-3.7-001","16","Part I — Governance Constitution","3","Workflow & Actions","3.7","Workflow Contracts & Who; when; routing; next step","Workflow Contracts & Who; when; routing; next step","Governance Definition","Descriptive Governance Statements","Workflow / Shared UX","","Documentation",""
"C3-3.7-002","16","Part I — Governance Constitution","3","Workflow & Actions","3.7","This Constitution Meaning; behavior; terminology; confirmation rules; mandatory reasons;","This Constitution Meaning; behavior; terminology; confirmation rules; mandatory reasons;","Governance Definition","Descriptive Governance Statements","Workflow / Shared UX","","Documentation",""
"C3-3.8-001","16","Part I — Governance Constitution","3","Workflow & Actions","3.8","Icons, colors, visual styling, animations — DX OSE UX Constitution.","Icons, colors, visual styling, animations — DX OSE UX Constitution.","Out of Scope","Out-of-Scope Clauses","Workflow / Shared UX","","N/A",""
"C4-4.1-001","17","Part I — Governance Constitution","4","Operation Permissions","4.1","Operation permissions govern authorization only and shall never replace workflow validation, lifecycle validation, or business rule enforcement. The Access Control Catalog (ACC) is the single source of truth for permissions.","Operation permissions govern authorization only and shall never replace workflow validation, lifecycle validation, or business rule enforcement. The Access Control Catalog (ACC) is the single source of truth for permissions.","Explicit Shall","Enforceable Normative Requirements","ACC / Backend Authorization","","Code / Runtime / UI",""
"C4-4.2-001","17","Part I — Governance Constitution","4","Operation Permissions","4.2","View","View","Governance Definition","Descriptive Governance Statements","ACC / Backend Authorization","","Documentation",""
"C4-4.2-002","17","Part I — Governance Constitution","4","Operation Permissions","4.2","Create","Create","Governance Definition","Descriptive Governance Statements","ACC / Backend Authorization","","Documentation",""
"C4-4.2-003","17","Part I — Governance Constitution","4","Operation Permissions","4.2","Edit","Edit","Governance Definition","Descriptive Governance Statements","ACC / Backend Authorization","","Documentation",""
"C4-4.2-004","17","Part I — Governance Constitution","4","Operation Permissions","4.2","Delete","Delete","Governance Definition","Descriptive Governance Statements","ACC / Backend Authorization","","Documentation",""
"C4-4.2-005","17","Part I — Governance Constitution","4","Operation Permissions","4.2","Submit","Submit","Governance Definition","Descriptive Governance Statements","ACC / Backend Authorization","","Documentation",""
"C4-4.2-006","17","Part I — Governance Constitution","4","Operation Permissions","4.2","Approve","Approve","Governance Definition","Descriptive Governance Statements","ACC / Backend Authorization","","Documentation",""
"C4-4.2-007","17","Part I — Governance Constitution","4","Operation Permissions","4.2","Reject","Reject","Governance Definition","Descriptive Governance Statements","ACC / Backend Authorization","","Documentation",""
"C4-4.2-008","17","Part I — Governance Constitution","4","Operation Permissions","4.2","Send Back","Send Back","Governance Definition","Descriptive Governance Statements","ACC / Backend Authorization","","Documentation",""
"C4-4.2-009","17","Part I — Governance Constitution","4","Operation Permissions","4.2","Cancel","Cancel","Governance Definition","Descriptive Governance Statements","ACC / Backend Authorization","","Documentation",""
"C4-4.2-010","17","Part I — Governance Constitution","4","Operation Permissions","4.2","Post","Post","Governance Definition","Descriptive Governance Statements","ACC / Backend Authorization","","Documentation",""
"C4-4.2-011","17","Part I — Governance Constitution","4","Operation Permissions","4.2","Reopen","Reopen","Governance Definition","Descriptive Governance Statements","ACC / Backend Authorization","","Documentation",""
"C4-4.2-012","17","Part I — Governance Constitution","4","Operation Permissions","4.2","Close","Close","Governance Definition","Descriptive Governance Statements","ACC / Backend Authorization","","Documentation",""
"C4-4.2-013","17","Part I — Governance Constitution","4","Operation Permissions","4.2","Archive","Archive","Governance Definition","Descriptive Governance Statements","ACC / Backend Authorization","","Documentation",""
"C4-4.2-014","17","Part I — Governance Constitution","4","Operation Permissions","4.2","Print, Export, Attach, View Audit.","Print, Export, Attach, View Audit.","Governance Definition","Descriptive Governance Statements","ACC / Backend Authorization","","Documentation",""
"C4-4.2-015","17","Part I — Governance Constitution","4","Operation Permissions","4.2","Evidence Package is part of document representation, not an independent business operation, and","Evidence Package is part of document representation, not an independent business operation, and","Governance Definition","Descriptive Governance Statements","ACC / Backend Authorization","","Documentation",""
"C4-4.2-016","17","Part I — Governance Constitution","4","Operation Permissions","4.2","does not require a separate permission in the current DX OSE release.","does not require a separate permission in the current DX OSE release.","Governance Definition","Descriptive Governance Statements","ACC / Backend Authorization","","Documentation",""
"C4-4.3-001","17","Part I — Governance Constitution","4","Operation Permissions","4.3","Permissions shall never bypass document lifecycle rules.","Permissions shall never bypass document lifecycle rules.","Explicit Shall","Enforceable Normative Requirements","ACC / Backend Authorization","","Code / Runtime / UI",""
"C4-4.3-002","17","Part I — Governance Constitution","4","Operation Permissions","4.3","Permissions grant eligibility, not execution authority.","Permissions grant eligibility, not execution authority.","Normative Rule by Section/Table Context","Enforceable Normative Requirements","ACC / Backend Authorization","","Code / Runtime / UI",""
"C4-4.3-003","17","Part I — Governance Constitution","4","Operation Permissions","4.3","Action Allowed = Permission + Workflow + Lifecycle + Business Rules + Scope.","Action Allowed = Permission + Workflow + Lifecycle + Business Rules + Scope.","Normative Rule by Section/Table Context","Enforceable Normative Requirements","ACC / Backend Authorization","","Code / Runtime / UI",""
"C4-4.3-004","17","Part I — Governance Constitution","4","Operation Permissions","4.3","Modules shall not introduce alternative operation names for standardized operations.","Modules shall not introduce alternative operation names for standardized operations.","Explicit Must Not","Enforceable Normative Requirements","ACC / Backend Authorization","","Code / Runtime / UI",""
"C4-4.4-001","17","Part I — Governance Constitution","4","Operation Permissions","4.4","Permission key naming, role matrix maintenance, role hierarchy, permission inheritance, technical authorization implementation — ACC.","Permission key naming, role matrix maintenance, role hierarchy, permission inheritance, technical authorization implementation — ACC.","Out of Scope","Out-of-Scope Clauses","ACC / Backend Authorization","","N/A",""
"C5-5.1-001","18","Part I — Governance Constitution","5","Posting","5.1","Posting is the single irreversible business commit point for all operational and financial effects within the DX OSE Platform. Posting is the only operation permitted to create official operational and financial business effects. Documents become business-immutable after Posting except through formally governed reversal or adjustment procedures.","Posting is the single irreversible business commit point for all operational and financial effects within the DX OSE Platform. Posting is the only operation permitted to create official operational and financial business effects. Documents become business-immutable after Posting except through formally governed reversal or adjustment procedures.","Descriptive","Descriptive Governance Statements","Posting / Backend","","Documentation",""
"C5-5.2-001","18","Part I — Governance Constitution","5","Posting","5.2","Before Posting, the platform shall verify: user authority","Before Posting, the platform shall verify: user authority","Explicit Shall","Enforceable Normative Requirements","Posting / Backend","","Code / Runtime / UI",""
"C5-5.2-002","18","Part I — Governance Constitution","5","Posting","5.2","Before Posting, the platform shall verify: valid workflow state","Before Posting, the platform shall verify: valid workflow state","Explicit Shall","Enforceable Normative Requirements","Posting / Backend","","Code / Runtime / UI",""
"C5-5.2-003","18","Part I — Governance Constitution","5","Posting","5.2","Before Posting, the platform shall verify: open
inventory/financial period (Posting Date)","Before Posting, the platform shall verify: open
inventory/financial period (Posting Date)","Explicit Shall","Enforceable Normative Requirements","Posting / Backend","","Code / Runtime / UI",""
"C5-5.2-004","18","Part I — Governance Constitution","5","Posting","5.2","Before Posting, the platform shall verify: full document revalidation","Before Posting, the platform shall verify: full document revalidation","Explicit Shall","Enforceable Normative Requirements","Posting / Backend","","Code / Runtime / UI",""
"C5-5.2-005","18","Part I — Governance Constitution","5","Posting","5.2","Before Posting, the platform shall verify: stock availability for outbound
documents.","Before Posting, the platform shall verify: stock availability for outbound
documents.","Explicit Shall","Enforceable Normative Requirements","Posting / Backend","","Code / Runtime / UI",""
"C5-5.2-006","18","Part I — Governance Constitution","5","Posting","5.2","Final validation — full revalidation immediately before Posting regardless of prior validation.","Final validation — full revalidation immediately before Posting regardless of prior validation.","Normative Rule by Section/Table Context","Enforceable Normative Requirements","Posting / Backend","","Code / Runtime / UI",""
"C5-5.2-007","18","Part I — Governance Constitution","5","Posting","5.2","Transaction boundary — single transactional boundary; partial posting prohibited.","Transaction boundary — single transactional boundary; partial posting prohibited.","Normative Rule by Section/Table Context","Enforceable Normative Requirements","Posting / Backend","","Code / Runtime / UI",""
"C5-5.2-008","18","Part I — Governance Constitution","5","Posting","5.2","Atomicity — any failure leaves document and related business data completely unchanged.","Atomicity — any failure leaves document and related business data completely unchanged.","Normative Rule by Section/Table Context","Enforceable Normative Requirements","Posting / Backend","","Code / Runtime / UI",""
"C5-5.2-009","18","Part I — Governance Constitution","5","Posting","5.2","Idempotency — repeating the same posting request shall never create additional effects.","Idempotency — repeating the same posting request shall never create additional effects.","Explicit Shall","Enforceable Normative Requirements","Posting / Backend","","Code / Runtime / UI",""
"C5-5.2-010","18","Part I — Governance Constitution","5","Posting","5.2","Posting trigger — Posting is automatically triggered upon successful final workflow approval unless a document-specific governance policy defines otherwise. Final Workflow Approval = business authorization for Posting. No additional posting confirmation is required by default. Posting behavior shall remain deterministic and repeat-safe throughout the platform.","Posting trigger — Posting is automatically triggered upon successful final workflow approval unless a document-specific governance policy defines otherwise. Final Workflow Approval = business authorization for Posting. No additional posting confirmation is required by default. Posting behavior shall remain deterministic and repeat-safe throughout the platform.","Explicit Shall","Enforceable Normative Requirements","Posting / Backend","","Code / Runtime / UI",""
"C5-5.2-011","18","Part I — Governance Constitution","5","Posting","5.2","Posting behavior shall remain deterministic and repeat-safe throughout the platform.","Posting behavior shall remain deterministic and repeat-safe throughout the platform.","Explicit Shall","Enforceable Normative Requirements","Posting / Backend","","Code / Runtime / UI",""
"C5-5.3-001","18","Part I — Governance Constitution","5","Posting","5.3","Approval authorizes progression within workflow. Posting applies official operational and financial effects. Workflow Contracts define whether final approval leads directly to Posting or to an optional Approved stage.","Approval authorizes progression within workflow. Posting applies official operational and financial effects. Workflow Contracts define whether final approval leads directly to Posting or to an optional Approved stage.","Governance Definition","Descriptive Governance Statements","Posting / Backend","","Documentation",""
"C5-5.4-001","18","Part I — Governance Constitution","5","Posting","5.4","Reversal procedures, inventory recalculation, ledger repair, historical data correction — separate governance documents.","Reversal procedures, inventory recalculation, ledger repair, historical data correction — separate governance documents.","Out of Scope","Out-of-Scope Clauses","Posting / Backend","","N/A",""
"C6-6.1-001","19","Part I — Governance Constitution","6","Period Management","6.1","Period Management preserves inventory integrity, financial integrity, audit integrity, and reporting consistency. It governs when transactions may officially affect inventory and financial records.","Period Management preserves inventory integrity, financial integrity, audit integrity, and reporting consistency. It governs when transactions may officially affect inventory and financial records.","Explicit May","Optional Capabilities","Period Management / Backend","","Runtime",""
"C6-6.2-001","19","Part I — Governance Constitution","6","Period Management","6.2","DX OSE formally recognizes Inventory Period and Financial Period. The current implementation may manage both using a shared calendar while allowing future separation.","DX OSE formally recognizes Inventory Period and Financial Period. The current implementation may manage both using a shared calendar while allowing future separation.","Explicit May","Optional Capabilities","Period Management / Backend","","Runtime",""
"C6-6.3-001","19","Part I — Governance Constitution","6","Period Management","6.3","Document Date — actual business event date.","Document Date — actual business event date.","Descriptive","Descriptive Governance Statements","Period Management / Backend","","Documentation",""
"C6-6.3-002","19","Part I — Governance Constitution","6","Period Management","6.3","Posting Date — official accounting and inventory recognition date.","Posting Date — official accounting and inventory recognition date.","Descriptive","Descriptive Governance Statements","Period Management / Backend","","Documentation",""
"C6-6.3-003","19","Part I — Governance Constitution","6","Period Management","6.3","Assigned Posting Period — determined at Posting, permanently recorded. Document Date and Posting Date are independent and must never be treated as interchangeable.","Assigned Posting Period — determined at Posting, permanently recorded. Document Date and Posting Date are independent and must never be treated as interchangeable.","Explicit Must","Enforceable Normative Requirements","Period Management / Backend","","Code / Runtime / UI",""
"C6-6.4-001","19","Part I — Governance Constitution","6","Period Management","6.4","Open, Closing, Closed, Archived. Closing — controlled validation phase before period may close.","Open, Closing, Closed, Archived. Closing — controlled validation phase before period may close.","Explicit May","Optional Capabilities","Period Management / Backend","","Runtime",""
"C6-6.5-001","19","Part I — Governance Constitution","6","Period Management","6.5","Future posting restrictions apply to Posting Date only, not Document Date.","Future posting restrictions apply to Posting Date only, not Document Date.","Normative Rule by Section/Table Context","Enforceable Normative Requirements","Period Management / Backend","","Code / Runtime / UI",""
"C6-6.5-002","19","Part I — Governance Constitution","6","Period Management","6.5","Historical Document Date may be accepted if business policy allows and posting period is open.","Historical Document Date may be accepted if business policy allows and posting period is open.","Explicit May","Optional Capabilities","Period Management / Backend","","Runtime",""
"C6-6.5-003","19","Part I — Governance Constitution","6","Period Management","6.5","Posting into Closed period prohibited.","Posting into Closed period prohibited.","Normative Rule by Section/Table Context","Enforceable Normative Requirements","Period Management / Backend","","Code / Runtime / UI",""
"C6-6.5-004","19","Part I — Governance Constitution","6","Period Management","6.5","Periods close sequentially; periods must not overlap.","Periods close sequentially; periods must not overlap.","Explicit Must Not","Enforceable Normative Requirements","Period Management / Backend","","Code / Runtime / UI",""
"C6-6.5-005","19","Part I — Governance Constitution","6","Period Management","6.5","Period validation is centralized; modules shall not implement independent period logic.","Period validation is centralized; modules shall not implement independent period logic.","Explicit Must Not","Enforceable Normative Requirements","Period Management / Backend","","Code / Runtime / UI",""
"C6-6.5-006","19","Part I — Governance Constitution","6","Period Management","6.5","Assigned Posting Period is immutable after Posting.","Assigned Posting Period is immutable after Posting.","Normative Rule by Section/Table Context","Enforceable Normative Requirements","Period Management / Backend","","Code / Runtime / UI",""
"C6-6.6-001","19","Part I — Governance Constitution","6","Period Management","6.6","Tab 1 — Close Validation: draft documents, pending workflow, approved-not-posted, validation failures, integrity issues; authorized resolution; then Revalidate & Close.","Tab 1 — Close Validation: draft documents, pending workflow, approved-not-posted, validation failures, integrity issues; authorized resolution; then Revalidate & Close.","Normative Rule by Section/Table Context","Enforceable Normative Requirements","Period Management / Backend","","Code / Runtime / UI",""
"C6-6.6-002","19","Part I — Governance Constitution","6","Period Management","6.6","Tab 2 — Closed Periods: history (period, closed by, closed at, notes, audit). Principle: The platform shall provide governed period-close resolution whenever blocking conditions exist, rather than merely rejecting the request. Integrates with Draft Governance (","Tab 2 — Closed Periods: history (period, closed by, closed at, notes, audit). Principle: The platform shall provide governed period-close resolution whenever blocking conditions exist, rather than merely rejecting the request. Integrates with Draft Governance (","Explicit Shall","Enforceable Normative Requirements","Period Management / Backend","","Code / Runtime / UI",""
"C6-6.7-001","19","Part I — Governance Constitution","6","Period Management","6.7","Prevent invalid Posting Dates proactively where possible.","Prevent invalid Posting Dates proactively where possible.","Normative Rule by Section/Table Context","Enforceable Normative Requirements","Period Management / Backend","","Code / Runtime / UI",""
"C6-6.8-001","19","Part I — Governance Constitution","6","Period Management","6.8","Governed by separate financial governance policy — intentionally deferred from this Constitution.","Governed by separate financial governance policy — intentionally deferred from this Constitution.","Descriptive","Descriptive Governance Statements","Period Management / Backend","","Documentation",""
"C6-6.9-001","20","Part I — Governance Constitution","6","Period Management","6.9","Fiscal calendar configuration, accounting policies, year-end financial closing, financial reopening policies.","Fiscal calendar configuration, accounting policies, year-end financial closing, financial reopening policies.","Out of Scope","Out-of-Scope Clauses","Period Management / Backend","","N/A",""
"C7-7.1-001","21","Part I — Governance Constitution","7","Draft & Document State Protection","7.1","These must remain separate policies.","These must remain separate policies.","Explicit Must","Enforceable Normative Requirements","Draft Governance / Shared UX","","Code / Runtime / UI",""
"C7-7.2-001","21","Part I — Governance Constitution","7","Draft & Document State Protection","7.2","Every operational document shall begin as a server-recognized draft unless Workflow Contracts define otherwise.","Every operational document shall begin as a server-recognized draft unless Workflow Contracts define otherwise.","Explicit Shall","Enforceable Normative Requirements","Draft Governance / Shared UX","","Code / Runtime / UI",""
"C7-7.3-001","21","Part I — Governance Constitution","7","Draft & Document State Protection","7.3","Temporary buffer (not official draft) → Server draft → Workflow document after Submit.","Temporary buffer (not official draft) → Server draft → Workflow document after Submit.","Governance Definition","Descriptive Governance Statements","Draft Governance / Shared UX","","Documentation",""
"C7-7.4-001","21","Part I — Governance Constitution","7","Draft & Document State Protection","7.4","The platform shall define: draft owner; access rights; ownership transfer (if permitted); handling of drafts for inactive or departed users.","The platform shall define: draft owner; access rights; ownership transfer (if permitted); handling of drafts for inactive or departed users.","Explicit Shall","Enforceable Normative Requirements","Draft Governance / Shared UX","","Code / Runtime / UI",""
"C7-7.5-001","21","Part I — Governance Constitution","7","Draft & Document State Protection","7.5","Rules for opening the same draft from multiple sessions or devices shall align with","Rules for opening the same draft from multiple sessions or devices shall align with","Explicit Shall","Enforceable Normative Requirements","Draft Governance / Shared UX","","Code / Runtime / UI",""
"C7-7.6-001","21","Part I — Governance Constitution","7","Draft & Document State Protection","7.6","Internal draft lifecycle states (e.g. active, submitted, discarded, expired) may exist; not all need be user-visible.","Internal draft lifecycle states (e.g. active, submitted, discarded, expired) may exist; not all need be user-visible.","Explicit May","Optional Capabilities","Draft Governance / Shared UX","","Runtime",""
"C7-7.7-001","21","Part I — Governance Constitution","7","Draft & Document State Protection","7.7","Auto-save shall occur on meaningful business events (add/delete row, qty/price change, supplier/warehouse change, attachment, notes, before navigation). Not on fixed timers defined in this Constitution.","Auto-save shall occur on meaningful business events (add/delete row, qty/price change, supplier/warehouse change, attachment, notes, before navigation). Not on fixed timers defined in this Constitution.","Explicit Shall","Enforceable Normative Requirements","Draft Governance / Shared UX","","Code / Runtime / UI",""
"C7-7.8-001","21","Part I — Governance Constitution","7","Draft & Document State Protection","7.8","Recovered drafts shall not bypass current validation. Restored documents must be revalidated","Recovered drafts shall not bypass current validation. Restored documents must be revalidated","Explicit Must Not","Enforceable Normative Requirements","Draft Governance / Shared UX","","Code / Runtime / UI",""
"C7-7.8-002","21","Part I — Governance Constitution","7","Draft & Document State Protection","7.8","before continue or submit.","before continue or submit.","Normative Rule by Section/Table Context","Enforceable Normative Requirements","Draft Governance / Shared UX","","Code / Runtime / UI",""
"C7-7.8-003","21","Part I — Governance Constitution","7","Draft & Document State Protection","7.8","Recovery prompt: Continue or Discard. Last saved indicator should be visible.","Recovery prompt: Continue or Discard. Last saved indicator should be visible.","Explicit Should","Strong Recommendations","Draft Governance / Shared UX","","UI / Runtime",""
"C7-7.9-001","21","Part I — Governance Constitution","7","Draft & Document State Protection","7.9","Draft registry required per document family. Default retention 30 days. Expiration policy (delete, archive, expired state) shall be defined by platform policy.","Draft registry required per document family. Default retention 30 days. Expiration policy (delete, archive, expired state) shall be defined by platform policy.","Explicit Shall","Enforceable Normative Requirements","Draft Governance / Shared UX","","Code / Runtime / UI",""
"C7-7.10-001","21","Part I — Governance Constitution","7","Draft & Document State Protection","7.10","Applies to: route navigation, browser refresh, browser/tab close, back navigation, session expiration with unsaved changes. Successful Save Draft or Submit returns to clean state.","Applies to: route navigation, browser refresh, browser/tab close, back navigation, session expiration with unsaved changes. Successful Save Draft or Submit returns to clean state.","Descriptive","Descriptive Governance Statements","Draft Governance / Shared UX","","Documentation",""
"C7-7.11-001","21","Part I — Governance Constitution","7","Draft & Document State Protection","7.11","Upon successful creation of the first Server Draft, the System Document Number becomes permanently reserved per","Upon successful creation of the first Server Draft, the System Document Number becomes permanently reserved per","Descriptive","Descriptive Governance Statements","Draft Governance / Shared UX","","Documentation",""
"C7-7.12-001","22","Part I — Governance Constitution","7","Draft & Document State Protection","7.12","Not supported — cloud ERP.","Not supported — cloud ERP.","Descriptive","Descriptive Governance Statements","Draft Governance / Shared UX","","Documentation",""
"C7-7.13-001","22","Part I — Governance Constitution","7","Draft & Document State Protection","7.13","Storage technology, sync intervals, local cache design.","Storage technology, sync intervals, local cache design.","Out of Scope","Out-of-Scope Clauses","Draft Governance / Shared UX","","N/A",""
"C8-8.1-001","23","Part I — Governance Constitution","8","Concurrency","8.1","Prevent silent overwrites when multiple users affect the same document.","Prevent silent overwrites when multiple users affect the same document.","Descriptive","Descriptive Governance Statements","Concurrency / Backend","","Documentation",""
"C8-8.2-001","23","Part I — Governance Constitution","8","Concurrency","8.2","Every editable document shall maintain a Concurrency Version for conflict detection. The Constitution does not mandate a specific technical mechanism.","Every editable document shall maintain a Concurrency Version for conflict detection. The Constitution does not mandate a specific technical mechanism.","Explicit Shall","Enforceable Normative Requirements","Concurrency / Backend","","Code / Runtime / UI",""
"C8-8.3-001","23","Part I — Governance Constitution","8","Concurrency","8.3","Concurrency applies to the entire governed document, not isolated fields only.","Concurrency applies to the entire governed document, not isolated fields only.","Descriptive","Descriptive Governance Statements","Concurrency / Backend","","Documentation",""
"C8-8.4-001","23","Part I — Governance Constitution","8","Concurrency","8.4","Concurrent edits must be detected. Last write wins is prohibited. Conflicting operation shall be rejected; user shall reload latest version.","Concurrent edits must be detected. Last write wins is prohibited. Conflicting operation shall be rejected; user shall reload latest version.","Explicit Must","Enforceable Normative Requirements","Concurrency / Backend","","Code / Runtime / UI",""
"C8-8.5-001","23","Part I — Governance Constitution","8","Concurrency","8.5","Document is read-only except via Return workflow.","Document is read-only except via Return workflow.","Descriptive","Descriptive Governance Statements","Concurrency / Backend","","Documentation",""
"C8-8.6-001","23","Part I — Governance Constitution","8","Concurrency","8.6","Save Draft, Submit, Approve, Reject, Send Back, Cancel, Post — must not execute twice on the same version without detection.","Save Draft, Submit, Approve, Reject, Send Back, Cancel, Post — must not execute twice on the same version without detection.","Explicit Must Not","Enforceable Normative Requirements","Concurrency / Backend","","Code / Runtime / UI",""
"C8-8.7-001","23","Part I — Governance Constitution","8","Concurrency","8.7","Posting must not execute except on the latest valid document version after concurrency verification.","Posting must not execute except on the latest valid document version after concurrency verification.","Explicit Must Not","Enforceable Normative Requirements","Concurrency / Backend","","Code / Runtime / UI",""
"C8-8.8-001","23","Part I — Governance Constitution","8","Concurrency","8.8","Reject conflicting update; do not overwrite another user's changes; require reload before retry. The platform shall reject conflicting updates using the platform's concurrency mechanism (implementation: Architecture Guide).","Reject conflicting update; do not overwrite another user's changes; require reload before retry. The platform shall reject conflicting updates using the platform's concurrency mechanism (implementation: Architecture Guide).","Explicit Shall","Enforceable Normative Requirements","Concurrency / Backend","","Code / Runtime / UI",""
"C8-8.9-001","23","Part I — Governance Constitution","8","Concurrency","8.9","Draft ownership and draft locking —","Draft ownership and draft locking —","Governance Definition","Descriptive Governance Statements","Concurrency / Backend","","Documentation",""
"C8-8.10-001","23","Part I — Governance Constitution","8","Concurrency","8.10","Concurrency conflicts shall be recorded in audit when appropriate.","Concurrency conflicts shall be recorded in audit when appropriate.","Explicit Shall","Enforceable Normative Requirements","Concurrency / Backend","","Code / Runtime / UI",""
"C8-8.11-001","23","Part I — Governance Constitution","8","Concurrency","8.11","Specific HTTP codes, database locking mechanisms.","Specific HTTP codes, database locking mechanisms.","Out of Scope","Out-of-Scope Clauses","Concurrency / Backend","","N/A",""
"C9-9.1-001","24","Part II — Document Identity","9","Document Numbering","9.1","One auditable numbering policy for all document types.","One auditable numbering policy for all document types.","Governance Definition","Descriptive Governance Statements","Document Numbering / Platform","","Documentation",""
"C9-9.2-001","24","Part II — Document Identity","9","Document Numbering","9.2","Assigned by the platform only; users must not enter or edit.","Assigned by the platform only; users must not enter or edit.","Explicit Must Not","Enforceable Normative Requirements","Document Numbering / Platform","","Code / Runtime / UI",""
"C9-9.2-002","24","Part II — Document Identity","9","Document Numbering","9.2","Assigned at first Server Draft Save (","Assigned at first Server Draft Save (","Descriptive","Descriptive Governance Statements","Document Numbering / Platform","","Documentation",""
"C9-9.3-001","24","Part II — Document Identity","9","Document Numbering","9.3","Uniqueness — unique within governed numbering scope.","Uniqueness — unique within governed numbering scope.","Normative Rule by Section/Table Context","Enforceable Normative Requirements","Document Numbering / Platform","","Code / Runtime / UI",""
"C9-9.3-002","24","Part II — Document Identity","9","Document Numbering","9.3","Reservation — upon first Server Draft, number permanently reserved.","Reservation — upon first Server Draft, number permanently reserved.","Normative Rule by Section/Table Context","Enforceable Normative Requirements","Document Numbering / Platform","","Code / Runtime / UI",""
"C9-9.3-003","24","Part II — Document Identity","9","Document Numbering","9.3","Deleted drafts — number never released or recycled.","Deleted drafts — number never released or recycled.","Normative Rule by Section/Table Context","Enforceable Normative Requirements","Document Numbering / Platform","","Code / Runtime / UI",""
"C9-9.3-004","24","Part II — Document Identity","9","Document Numbering","9.3","Gap policy — gaps acceptable; numbers must not be reused.","Gap policy — gaps acceptable; numbers must not be reused.","Explicit Must Not","Enforceable Normative Requirements","Document Numbering / Platform","","Code / Runtime / UI",""
"C9-9.3-005","24","Part II — Document Identity","9","Document Numbering","9.3","Unified engine — all creation channels (manual, import, integration, future) use same numbering governance.","Unified engine — all creation channels (manual, import, integration, future) use same numbering governance.","Normative Rule by Section/Table Context","Enforceable Normative Requirements","Document Numbering / Platform","","Code / Runtime / UI",""
"C9-9.3-006","24","Part II — Document Identity","9","Document Numbering","9.3","Prefix governance — prefixes governed centrally; modules must not configure independently unless authorized.","Prefix governance — prefixes governed centrally; modules must not configure independently unless authorized.","Explicit Must Not","Enforceable Normative Requirements","Document Numbering / Platform","","Code / Runtime / UI",""
"C9-9.3-007","24","Part II — Document Identity","9","Document Numbering","9.3","Failed allocation — gaps from failed/rolled-back operations acceptable.","Failed allocation — gaps from failed/rolled-back operations acceptable.","Normative Rule by Section/Table Context","Enforceable Normative Requirements","Document Numbering / Platform","","Code / Runtime / UI",""
"C9-9.3-008","24","Part II — Document Identity","9","Document Numbering","9.3","Immutability — once assigned, number immutable for entire lifecycle.","Immutability — once assigned, number immutable for entire lifecycle.","Normative Rule by Section/Table Context","Enforceable Normative Requirements","Document Numbering / Platform","","Code / Runtime / UI",""
"C9-9.3-009","24","Part II — Document Identity","9","Document Numbering","9.3","Audit — allocation traceable through platform audit mechanisms.","Audit — allocation traceable through platform audit mechanisms.","Normative Rule by Section/Table Context","Enforceable Normative Requirements","Document Numbering / Platform","","Code / Runtime / UI",""
"C9-9.3-010","24","Part II — Document Identity","9","Document Numbering","9.3","Manual override — prohibited.","Manual override — prohibited.","Normative Rule by Section/Table Context","Enforceable Normative Requirements","Document Numbering / Platform","","Code / Runtime / UI",""
"C9-9.3-011","24","Part II — Document Identity","9","Document Numbering","9.3","Annual reset — per prefix per year (or fiscal year per platform policy).","Annual reset — per prefix per year (or fiscal year per platform policy).","Normative Rule by Section/Table Context","Enforceable Normative Requirements","Document Numbering / Platform","","Code / Runtime / UI",""
"C9-9.4-001","24","Part II — Document Identity","9","Document Numbering","9.4","Branch or property prefixes embedded in document numbers.","Branch or property prefixes embedded in document numbers.","Out of Scope","Out-of-Scope Clauses","Document Numbering / Platform","","N/A",""
"C10-10.1-001","25","Part III — Data Integrity","10","Stock & Quantity","10.1","Class Examples Stock check at posting Inbound Goods receipt, opening balance, positive adjustment Not required Outbound Transfer, breakage, lost, issue, get pass dispatch Required","Class Examples Stock check at posting Inbound Goods receipt, opening balance, positive adjustment Not required Outbound Transfer, breakage, lost, issue, get pass dispatch Required","Normative Rule by Section/Table Context","Enforceable Normative Requirements","Inventory / Stock","","Code / Runtime / UI",""
"C10-10.2-001","25","Part III — Data Integrity","10","Stock & Quantity","10.2","Stock availability validated against latest committed inventory state at Posting.","Stock availability validated against latest committed inventory state at Posting.","Normative Rule by Section/Table Context","Enforceable Normative Requirements","Inventory / Stock","","Code / Runtime / UI",""
"C10-10.2-002","25","Part III — Data Integrity","10","Stock & Quantity","10.2","Negative inventory prohibited in DX OSE v2.0.","Negative inventory prohibited in DX OSE v2.0.","Normative Rule by Section/Table Context","Enforceable Normative Requirements","Inventory / Stock","","Code / Runtime / UI",""
"C10-10.2-003","25","Part III — Data Integrity","10","Stock & Quantity","10.2","Quantity must be greater than zero; zero-quantity lines prohibited.","Quantity must be greater than zero; zero-quantity lines prohibited.","Explicit Must","Enforceable Normative Requirements","Inventory / Stock","","Code / Runtime / UI",""
"C10-10.2-004","25","Part III — Data Integrity","10","Stock & Quantity","10.2","Quantity precision per platform settings; validation uses precise values.","Quantity precision per platform settings; validation uses precise values.","Normative Rule by Section/Table Context","Enforceable Normative Requirements","Inventory / Stock","","Code / Runtime / UI",""
"C10-10.2-005","25","Part III — Data Integrity","10","Stock & Quantity","10.2","Stock validation against source inventory location defined by transaction.","Stock validation against source inventory location defined by transaction.","Normative Rule by Section/Table Context","Enforceable Normative Requirements","Inventory / Stock","","Code / Runtime / UI",""
"C10-10.2-006","25","Part III — Data Integrity","10","Stock & Quantity","10.2","All calculations use base unit.","All calculations use base unit.","Normative Rule by Section/Table Context","Enforceable Normative Requirements","Inventory / Stock","","Code / Runtime / UI",""
"C10-10.2-007","25","Part III — Data Integrity","10","Stock & Quantity","10.2","Batch-controlled and serial-controlled inventory — Out of Scope v2.0.","Batch-controlled and serial-controlled inventory — Out of Scope v2.0.","Normative Rule by Section/Table Context","Enforceable Normative Requirements","Inventory / Stock","","Code / Runtime / UI",""
"C10-10.2-008","25","Part III — Data Integrity","10","Stock & Quantity","10.2","No transaction shall violate constitutional stock integrity rules.","No transaction shall violate constitutional stock integrity rules.","Explicit Shall","Enforceable Normative Requirements","Inventory / Stock","","Code / Runtime / UI",""
"C10-10.2-009","25","Part III — Data Integrity","10","Stock & Quantity","10.2","Inventory movements generated exclusively by Posted transactions.","Inventory movements generated exclusively by Posted transactions.","Normative Rule by Section/Table Context","Enforceable Normative Requirements","Inventory / Stock","","Code / Runtime / UI",""
"C10-10.2-010","25","Part III — Data Integrity","10","Stock & Quantity","10.2","Posted inventory movements shall never be edited; corrections via new governed transactions.","Posted inventory movements shall never be edited; corrections via new governed transactions.","Explicit Shall","Enforceable Normative Requirements","Inventory / Stock","","Code / Runtime / UI",""
"C10-10.2-011","25","Part III — Data Integrity","10","Stock & Quantity","10.2","Inbound: no stock check. Outbound: authoritative on platform; client may warn only.","Inbound: no stock check. Outbound: authoritative on platform; client may warn only.","Explicit May","Optional Capabilities","Inventory / Stock","","Runtime",""
"C10-10.3-001","25","Part III — Data Integrity","10","Stock & Quantity","10.3","Unit conversion within inventory movements; reservation (","Unit conversion within inventory movements; reservation (","Out of Scope","Out-of-Scope Clauses","Inventory / Stock","","N/A",""
"C11-11.1-001","26","Part III — Data Integrity","11","Display Currency","11.1","Display formatting only — not accounting or conversion.","Display formatting only — not accounting or conversion.","Descriptive","Descriptive Governance Statements","Display Currency / Shared UX","","Documentation",""
"C11-11.2-001","26","Part III — Data Integrity","11","Display Currency","11.2","Property-level display currency.","Property-level display currency.","Descriptive","Descriptive Governance Statements","Display Currency / Shared UX","","Documentation",""
"C11-11.3-001","26","Part III — Data Integrity","11","Display Currency","11.3","Changing display currency changes symbol and format only. It must not convert amounts, alter stored values, ledger, valuation, historical posted documents, or participate in financial calculations, inventory valuation, posting logic, taxation, or accounting transactions.","Changing display currency changes symbol and format only. It must not convert amounts, alter stored values, ledger, valuation, historical posted documents, or participate in financial calculations, inventory valuation, posting logic, taxation, or accounting transactions.","Explicit Must Not","Enforceable Normative Requirements","Display Currency / Shared UX","","Code / Runtime / UI",""
"C11-11.4-001","26","Part III — Data Integrity","11","Display Currency","11.4","Display Currency shall apply consistently across all user interfaces, reports, dashboards, exported documents, and printed outputs unless explicitly governed otherwise. Reports and PDF shall use property display currency as each channel is brought under this standard.","Display Currency shall apply consistently across all user interfaces, reports, dashboards, exported documents, and printed outputs unless explicitly governed otherwise. Reports and PDF shall use property display currency as each channel is brought under this standard.","Explicit Shall","Enforceable Normative Requirements","Display Currency / Shared UX","","Code / Runtime / UI",""
"C11-11.5-001","26","Part III — Data Integrity","11","Display Currency","11.5","Consistent presentation (e.g. SAR 150.00). Decimal places per currency rules (SAR/USD 2, JPY 0, KWD 3).","Consistent presentation (e.g. SAR 150.00). Decimal places per currency rules (SAR/USD 2, JPY 0, KWD 3).","Descriptive","Descriptive Governance Statements","Display Currency / Shared UX","","Documentation",""
"C11-11.6-001","26","Part III — Data Integrity","11","Display Currency","11.6","Changing Property Display Currency must not modify historical posted documents or stored business data.","Changing Property Display Currency must not modify historical posted documents or stored business data.","Explicit Must Not","Enforceable Normative Requirements","Display Currency / Shared UX","","Code / Runtime / UI",""
"C11-11.7-001","26","Part III — Data Integrity","11","Display Currency","11.7","Property settings — not inventory module settings.","Property settings — not inventory module settings.","Descriptive","Descriptive Governance Statements","Display Currency / Shared UX","","Documentation",""
"C11-11.8-001","26","Part III — Data Integrity","11","Display Currency","11.8","Exchange rates, multi-currency purchasing, multi-currency accounting.","Exchange rates, multi-currency purchasing, multi-currency accounting.","Out of Scope","Out-of-Scope Clauses","Display Currency / Shared UX","","N/A",""
"C12-12.1-001","27","Part IV — Document Composition","12","Document Header","12.1","The document header represents the business identity of the document throughout its lifecycle.","The document header represents the business identity of the document throughout its lifecycle.","Descriptive","Descriptive Governance Statements","Document Header / All Documents","","Documentation",""
"C12-12.2-001","27","Part IV — Document Composition","12","Document Header","12.2","Fixed order where applicable: document number, status, workflow step, created by/date, property, department, warehouse, related party, period, display currency, total value, quick actions. Optional fields omitted when not applicable; positions must not shift arbitrarily.","Fixed order where applicable: document number, status, workflow step, created by/date, property, department, warehouse, related party, period, display currency, total value, quick actions. Optional fields omitted when not applicable; positions must not shift arbitrarily.","Explicit Must Not","Enforceable Normative Requirements","Document Header / All Documents","","Code / Runtime / UI",""
"C12-12.3-001","27","Part IV — Document Composition","12","Document Header","12.3","System fields (document number, status, created by/at, posted by/at, etc.) — must not be user- editable. Business fields — subject to document rules and lifecycle. Mandatory vs optional — per document type in Workflow Contracts / module policy.","System fields (document number, status, created by/at, posted by/at, etc.) — must not be user- editable. Business fields — subject to document rules and lifecycle. Mandatory vs optional — per document type in Workflow Contracts / module policy.","Explicit Must Not","Enforceable Normative Requirements","Document Header / All Documents","","Code / Runtime / UI",""
"C12-12.4-001","27","Part IV — Document Composition","12","Document Header","12.4","Header fields shall become read-only once the document enters a non-editable lifecycle state unless explicitly governed otherwise.","Header fields shall become read-only once the document enters a non-editable lifecycle state unless explicitly governed otherwise.","Explicit Shall","Enforceable Normative Requirements","Document Header / All Documents","","Code / Runtime / UI",""
"C12-12.5-001","27","Part IV — Document Composition","12","Document Header","12.5","Changes to property, department, warehouse after lines exist or after workflow progress must require confirmation and shall follow document business rules (see BDR for line-clear policies).","Changes to property, department, warehouse after lines exist or after workflow progress must require confirmation and shall follow document business rules (see BDR for line-clear policies).","Explicit Must","Enforceable Normative Requirements","Document Header / All Documents","","Code / Runtime / UI",""
"C12-12.6-001","27","Part IV — Document Composition","12","Document Header","12.6","Header information and document lines shall remain logically consistent throughout the lifecycle unless explicitly governed otherwise.","Header information and document lines shall remain logically consistent throughout the lifecycle unless explicitly governed otherwise.","Explicit Shall","Enforceable Normative Requirements","Document Header / All Documents","","Code / Runtime / UI",""
"C12-12.7-001","27","Part IV — Document Composition","12","Document Header","12.7","Modules may add header fields provided standard header order and positions are preserved.","Modules may add header fields provided standard header order and positions are preserved.","Explicit May","Optional Capabilities","Document Header / All Documents","","Runtime",""
"C13-13.1-001","28","Part IV — Document Composition","13","Document Lines","13.1","Unified grid behavior for all line-based documents.","Unified grid behavior for all line-based documents.","Descriptive","Descriptive Governance Statements","Document Lines / All Documents","","Documentation",""
"C13-13.2-001","28","Part IV — Document Composition","13","Document Lines","13.2","Each line shall maintain a unique internal identity independent of display order or row number. Display order is presentation only.","Each line shall maintain a unique internal identity independent of display order or row number. Display order is presentation only.","Explicit Shall","Enforceable Normative Requirements","Document Lines / All Documents","","Code / Runtime / UI",""
"C13-13.3-001","28","Part IV — Document Composition","13","Document Lines","13.3","Column order, alignment, editable vs read-only, required columns, row validation, footer totals, add/delete, empty state, large datasets, keyboard navigation (","Column order, alignment, editable vs read-only, required columns, row validation, footer totals, add/delete, empty state, large datasets, keyboard navigation (","Descriptive","Descriptive Governance Statements","Document Lines / All Documents","","Documentation",""
"C13-13.4-001","28","Part IV — Document Composition","13","Document Lines","13.4","Posted document lines shall be immutable. Corrections via new governed business transactions.","Posted document lines shall be immutable. Corrections via new governed business transactions.","Explicit Shall","Enforceable Normative Requirements","Document Lines / All Documents","","Code / Runtime / UI",""
"C13-13.5-001","28","Part IV — Document Composition","13","Document Lines","13.5","Line values and calculated fields shall recalculate automatically per governed business rules when relevant data changes.","Line values and calculated fields shall recalculate automatically per governed business rules when relevant data changes.","Explicit Shall","Enforceable Normative Requirements","Document Lines / All Documents","","Code / Runtime / UI",""
"C13-13.6-001","28","Part IV — Document Composition","13","Document Lines","13.6","All lines shall remain consistent with governing business context in the header unless explicitly governed otherwise.","All lines shall remain consistent with governing business context in the header unless explicitly governed otherwise.","Explicit Shall","Enforceable Normative Requirements","Document Lines / All Documents","","Code / Runtime / UI",""
"C13-13.7-001","28","Part IV — Document Composition","13","Document Lines","13.7","Document and line totals are system-calculated; must not be directly user-editable.","Document and line totals are system-calculated; must not be directly user-editable.","Explicit Must Not","Enforceable Normative Requirements","Document Lines / All Documents","","Code / Runtime / UI",""
"C13-13.8-001","28","Part IV — Document Composition","13","Document Lines","13.8","Duplicate line behavior shall be defined by each business document according to functional requirements (not one global merge/prevent policy).","Duplicate line behavior shall be defined by each business document according to functional requirements (not one global merge/prevent policy).","Explicit Shall","Enforceable Normative Requirements","Document Lines / All Documents","","Code / Runtime / UI",""
"C13-13.9-001","28","Part IV — Document Composition","13","Document Lines","13.9","Significant line-level business changes shall be auditable per platform audit policy.","Significant line-level business changes shall be auditable per platform audit policy.","Explicit Shall","Enforceable Normative Requirements","Document Lines / All Documents","","Code / Runtime / UI",""
"C13-13.10-001","28","Part IV — Document Composition","13","Document Lines","13.10","Large datasets shall not degrade usability (","Large datasets shall not degrade usability (","Explicit Must Not","Enforceable Normative Requirements","Document Lines / All Documents","","Code / Runtime / UI",""
"C14-14.1-001","29","Part IV — Document Composition","14","Attachments","14.1","Consistent attachment experience via unified platform attachment capability (one behavior, module configuration only).","Consistent attachment experience via unified platform attachment capability (one behavior, module configuration only).","Descriptive","Descriptive Governance Statements","Attachments / Platform","","Documentation",""
"C14-14.2-001","29","Part IV — Document Composition","14","Attachments","14.2","Invoice, evidence, supporting document, line photo, excel import, generated report, other — per module.","Invoice, evidence, supporting document, line photo, excel import, generated report, other — per module.","Descriptive","Descriptive Governance Statements","Attachments / Platform","","Documentation",""
"C14-14.3-001","29","Part IV — Document Composition","14","Attachments","14.3","Draft Add, replace, delete","Draft Add, replace, delete","Descriptive","Descriptive Governance Statements","Attachments / Platform","","Documentation",""
"C14-14.3-002","29","Part IV — Document Composition","14","Attachments","14.3","In review View, download","In review View, download","Descriptive","Descriptive Governance Statements","Attachments / Platform","","Documentation",""
"C14-14.3-003","29","Part IV — Document Composition","14","Attachments","14.3","Posted Read-only","Posted Read-only","Descriptive","Descriptive Governance Statements","Attachments / Platform","","Documentation",""
"C14-14.3-004","29","Part IV — Document Composition","14","Attachments","14.3","Posted attachments shall not be modified, replaced, or deleted.","Posted attachments shall not be modified, replaced, or deleted.","Explicit Must Not","Enforceable Normative Requirements","Attachments / Platform","","Code / Runtime / UI",""
"C14-14.3-005","29","Part IV — Document Composition","14","Attachments","14.3","Required attachments must block submit when missing.","Required attachments must block submit when missing.","Explicit Must","Enforceable Normative Requirements","Attachments / Platform","","Code / Runtime / UI",""
"C14-14.4-001","29","Part IV — Document Composition","14","Attachments","14.4","Platform shall enforce allowed types, maximum size, and maximum count (values in platform policy, not this Constitution).","Platform shall enforce allowed types, maximum size, and maximum count (values in platform policy, not this Constitution).","Explicit Shall","Enforceable Normative Requirements","Attachments / Platform","","Code / Runtime / UI",""
"C14-14.5-001","29","Part IV — Document Composition","14","Attachments","14.5","Uploaded files shall comply with platform security validation policy.","Uploaded files shall comply with platform security validation policy.","Explicit Shall","Enforceable Normative Requirements","Attachments / Platform","","Code / Runtime / UI",""
"C14-14.6-001","29","Part IV — Document Composition","14","Attachments","14.6","Download subject to same authorization as document view (and finer where required).","Download subject to same authorization as document view (and finer where required).","Normative Rule by Section/Table Context","Enforceable Normative Requirements","Attachments / Platform","","Code / Runtime / UI",""
"C14-14.7-001","29","Part IV — Document Composition","14","Attachments","14.7","Attachment lifecycle follows linked entity (document or line).","Attachment lifecycle follows linked entity (document or line).","Descriptive","Descriptive Governance Statements","Attachments / Platform","","Documentation",""
"C14-14.8-001","29","Part IV — Document Composition","14","Attachments","14.8","Original filename may display; platform defines internal storage identity — filenames must not serve as internal identifiers.","Original filename may display; platform defines internal storage identity — filenames must not serve as internal identifiers.","Explicit Must Not","Enforceable Normative Requirements","Attachments / Platform","","Code / Runtime / UI",""
"C14-14.9-001","29","Part IV — Document Composition","14","Attachments","14.9","All attachment operations auditable.","All attachment operations auditable.","Descriptive","Descriptive Governance Statements","Attachments / Platform","","Documentation",""
"C14-14.10-001","29","Part IV — Document Composition","14","Attachments","14.10","Preview UX details — UX Constitution.","Preview UX details — UX Constitution.","Out of Scope","Out-of-Scope Clauses","Attachments / Platform","","N/A",""
"C15-15.1-001","30","Part IV — Document Composition","15","Notes & Comments","15.1","Workflow comment, internal note, system note, audit comment.","Workflow comment, internal note, system note, audit comment.","Descriptive","Descriptive Governance Statements","Notes & Comments / All Documents","","Documentation",""
"C15-15.2-001","30","Part IV — Document Composition","15","Notes & Comments","15.2","Reject, Send Back, Cancel — reason required where defined.","Reject, Send Back, Cancel — reason required where defined.","Normative Rule by Section/Table Context","Enforceable Normative Requirements","Notes & Comments / All Documents","","Code / Runtime / UI",""
"C15-15.3-001","30","Part IV — Document Composition","15","Notes & Comments","15.3","Workflow comments, system notes, and audit comments shall become immutable once recorded. Internal notes visibility governed by platform authorization model.","Workflow comments, system notes, and audit comments shall become immutable once recorded. Internal notes visibility governed by platform authorization model.","Explicit Shall","Enforceable Normative Requirements","Notes & Comments / All Documents","","Code / Runtime / UI",""
"C15-15.4-001","30","Part IV — Document Composition","15","Notes & Comments","15.4","Generated exclusively by the platform; users must not manually create or modify.","Generated exclusively by the platform; users must not manually create or modify.","Explicit Must Not","Enforceable Normative Requirements","Notes & Comments / All Documents","","Code / Runtime / UI",""
"C15-15.5-001","30","Part IV — Document Composition","15","Notes & Comments","15.5","Notes and comments in chronological order within unified timeline (","Notes and comments in chronological order within unified timeline (","Descriptive","Descriptive Governance Statements","Notes & Comments / All Documents","","Documentation",""
"C15-15.6-001","30","Part IV — Document Composition","15","Notes & Comments","15.6","Per type policy; workflow comments in timeline; print inclusion per module policy.","Per type policy; workflow comments in timeline; print inclusion per module policy.","Descriptive","Descriptive Governance Statements","Notes & Comments / All Documents","","Documentation",""
"C16-16.1-001","31","Part IV — Document Composition","16","Item Images","16.1","Images support operational accuracy (especially count), not decoration.","Images support operational accuracy (especially count), not decoration.","Descriptive","Descriptive Governance Statements","Item Master / Shared UX","","Documentation",""
"C16-16.2-001","31","Part IV — Document Composition","16","Item Images","16.2","Item images are Item Master data; must not be created or modified through transactional documents.","Item images are Item Master data; must not be created or modified through transactional documents.","Explicit Must Not","Enforceable Normative Requirements","Item Master / Shared UX","","Code / Runtime / UI",""
"C16-16.3-001","31","Part IV — Document Composition","16","Item Images","16.3","Single source: Item Master","Single source: Item Master","Normative Rule by Section/Table Context","Enforceable Normative Requirements","Item Master / Shared UX","","Code / Runtime / UI",""
"C16-16.3-002","31","Part IV — Document Composition","16","Item Images","16.3","Thumbnails in operational screens where valuable","Thumbnails in operational screens where valuable","Normative Rule by Section/Table Context","Enforceable Normative Requirements","Item Master / Shared UX","","Code / Runtime / UI",""
"C16-16.3-003","31","Part IV — Document Composition","16","Item Images","16.3","Standardized placeholder when no image","Standardized placeholder when no image","Normative Rule by Section/Table Context","Enforceable Normative Requirements","Item Master / Shared UX","","Code / Runtime / UI",""
"C16-16.3-004","31","Part IV — Document Composition","16","Item Images","16.3","Bulk upload may be supported","Bulk upload may be supported","Explicit May","Optional Capabilities","Item Master / Shared UX","","Runtime",""
"C16-16.3-005","31","Part IV — Document Composition","16","Item Images","16.3","Count sheet export/import compatibility when images included","Count sheet export/import compatibility when images included","Normative Rule by Section/Table Context","Enforceable Normative Requirements","Item Master / Shared UX","","Code / Runtime / UI",""
"C16-16.3-006","31","Part IV — Document Composition","16","Item Images","16.3","Thumbnails in grids; not full resolution","Thumbnails in grids; not full resolution","Normative Rule by Section/Table Context","Enforceable Normative Requirements","Item Master / Shared UX","","Code / Runtime / UI",""
"C16-16.3-007","31","Part IV — Document Composition","16","Item Images","16.3","Maximum 1 MB per image","Maximum 1 MB per image","Normative Rule by Section/Table Context","Enforceable Normative Requirements","Item Master / Shared UX","","Code / Runtime / UI",""
"C16-16.3-008","31","Part IV — Document Composition","16","Item Images","16.3","Supported formats/dimensions per platform media policy","Supported formats/dimensions per platform media policy","Normative Rule by Section/Table Context","Enforceable Normative Requirements","Item Master / Shared UX","","Code / Runtime / UI",""
"C16-16.3-009","31","Part IV — Document Composition","16","Item Images","16.3","Unified export behavior when image absent","Unified export behavior when image absent","Normative Rule by Section/Table Context","Enforceable Normative Requirements","Item Master / Shared UX","","Code / Runtime / UI",""
"C17-17.1-001","32","Part V — System Interaction Standards","17","Keyboard Navigation","17.1","All modules and shared experiences: documents, master data, settings, reports, dialogs.","All modules and shared experiences: documents, master data, settings, reports, dialogs.","Descriptive","Descriptive Governance Statements","Keyboard Navigation / Shared UX","","Documentation",""
"C17-17.2-001","32","Part V — System Interaction Standards","17","Keyboard Navigation","17.2","Keyboard-first","Keyboard-first","Normative Rule by Section/Table Context","Enforceable Normative Requirements","Keyboard Navigation / Shared UX","","Code / Runtime / UI",""
"C17-17.2-002","32","Part V — System Interaction Standards","17","Keyboard Navigation","17.2","Enter → next field (not submit/post/delete)","Enter → next field (not submit/post/delete)","Normative Rule by Section/Table Context","Enforceable Normative Requirements","Keyboard Navigation / Shared UX","","Code / Runtime / UI",""
"C17-17.2-003","32","Part V — System Interaction Standards","17","Keyboard Navigation","17.2","Enter at row end → next row or add row","Enter at row end → next row or add row","Normative Rule by Section/Table Context","Enforceable Normative Requirements","Keyboard Navigation / Shared UX","","Code / Runtime / UI",""
"C17-17.2-004","32","Part V — System Interaction Standards","17","Keyboard Navigation","17.2","Shift+Enter → previous","Shift+Enter → previous","Normative Rule by Section/Table Context","Enforceable Normative Requirements","Keyboard Navigation / Shared UX","","Code / Runtime / UI",""
"C17-17.2-005","32","Part V — System Interaction Standards","17","Keyboard Navigation","17.2","Enter in textarea → new line","Enter in textarea → new line","Normative Rule by Section/Table Context","Enforceable Normative Requirements","Keyboard Navigation / Shared UX","","Code / Runtime / UI",""
"C17-17.2-006","32","Part V — System Interaction Standards","17","Keyboard Navigation","17.2","Esc closes lookup/calendar/small overlay","Esc closes lookup/calendar/small overlay","Normative Rule by Section/Table Context","Enforceable Normative Requirements","Keyboard Navigation / Shared UX","","Code / Runtime / UI",""
"C17-17.2-007","32","Part V — System Interaction Standards","17","Keyboard Navigation","17.2","Tab standard browser order","Tab standard browser order","Normative Rule by Section/Table Context","Enforceable Normative Requirements","Keyboard Navigation / Shared UX","","Code / Runtime / UI",""
"C17-17.2-008","32","Part V — System Interaction Standards","17","Keyboard Navigation","17.2","invalid field retains focus","invalid field retains focus","Normative Rule by Section/Table Context","Enforceable Normative Requirements","Keyboard Navigation / Shared UX","","Code / Runtime / UI",""
"C17-17.2-009","32","Part V — System Interaction Standards","17","Keyboard Navigation","17.2","after item pick → quantity.","after item pick → quantity.","Normative Rule by Section/Table Context","Enforceable Normative Requirements","Keyboard Navigation / Shared UX","","Code / Runtime / UI",""
"C17-17.3-001","32","Part V — System Interaction Standards","17","Keyboard Navigation","17.3","Keyboard behavior consistent across all modules","Keyboard behavior consistent across all modules","Normative Rule by Section/Table Context","Enforceable Normative Requirements","Keyboard Navigation / Shared UX","","Code / Runtime / UI",""
"C17-17.3-002","32","Part V — System Interaction Standards","17","Keyboard Navigation","17.3","Focus visually distinguishable","Focus visually distinguishable","Normative Rule by Section/Table Context","Enforceable Normative Requirements","Keyboard Navigation / Shared UX","","Code / Runtime / UI",""
"C17-17.3-003","32","Part V — System Interaction Standards","17","Keyboard Navigation","17.3","Skip disabled and hidden controls","Skip disabled and hidden controls","Normative Rule by Section/Table Context","Enforceable Normative Requirements","Keyboard Navigation / Shared UX","","Code / Runtime / UI",""
"C17-17.3-004","32","Part V — System Interaction Standards","17","Keyboard Navigation","17.3","Dialogs assign initial focus to primary interactive element","Dialogs assign initial focus to primary interactive element","Normative Rule by Section/Table Context","Enforceable Normative Requirements","Keyboard Navigation / Shared UX","","Code / Runtime / UI",""
"C17-17.3-005","32","Part V — System Interaction Standards","17","Keyboard Navigation","17.3","Global shortcuts centrally governed — modules must not introduce independent global shortcuts","Global shortcuts centrally governed — modules must not introduce independent global shortcuts","Explicit Must Not","Enforceable Normative Requirements","Keyboard Navigation / Shared UX","","Code / Runtime / UI",""
"C17-17.4-001","32","Part V — System Interaction Standards","17","Keyboard Navigation","17.4","Global shortcut catalog (future amendment).","Global shortcut catalog (future amendment).","Out of Scope","Out-of-Scope Clauses","Keyboard Navigation / Shared UX","","N/A",""
"C18-18.1-001","33","Part V — System Interaction Standards","18","Validation","18.1","One error type → one display channel.","One error type → one display channel.","Normative Rule by Section/Table Context","Enforceable Normative Requirements","Validation / Shared UX","","Code / Runtime / UI",""
"C18-18.1-002","33","Part V — System Interaction Standards","18","Validation","18.1","Confirmation Dialog — not validation","Confirmation Dialog — not validation","Normative Rule by Section/Table Context","Enforceable Normative Requirements","Validation / Shared UX","","Code / Runtime / UI",""
"C18-18.1-003","33","Part V — System Interaction Standards","18","Validation","18.1","Success","Success","Normative Rule by Section/Table Context","Enforceable Normative Requirements","Validation / Shared UX","","Code / Runtime / UI",""
"C18-18.2-001","33","Part V — System Interaction Standards","18","Validation","18.2","Errors disappear when fixed; submit → focus first error","Errors disappear when fixed; submit → focus first error","Normative Rule by Section/Table Context","Enforceable Normative Requirements","Validation / Shared UX","","Code / Runtime / UI",""
"C18-18.2-002","33","Part V — System Interaction Standards","18","Validation","18.2","Many errors: banner shows count; details at fields/rows","Many errors: banner shows count; details at fields/rows","Normative Rule by Section/Table Context","Enforceable Normative Requirements","Validation / Shared UX","","Code / Runtime / UI",""
"C18-18.2-003","33","Part V — System Interaction Standards","18","Validation","18.2","All messages support localization","All messages support localization","Normative Rule by Section/Table Context","Enforceable Normative Requirements","Validation / Shared UX","","Code / Runtime / UI",""
"C18-18.2-004","33","Part V — System Interaction Standards","18","Validation","18.2","Backend returns codes; platform presents translated text","Backend returns codes; platform presents translated text","Normative Rule by Section/Table Context","Enforceable Normative Requirements","Validation / Shared UX","","Code / Runtime / UI",""
"C18-18.2-005","33","Part V — System Interaction Standards","18","Validation","18.2","Deterministic — same input + conditions → same result","Deterministic — same input + conditions → same result","Normative Rule by Section/Table Context","Enforceable Normative Requirements","Validation / Shared UX","","Code / Runtime / UI",""
"C18-18.2-006","33","Part V — System Interaction Standards","18","Validation","18.2","Validation at data entry, workflow actions, posting per business rules","Validation at data entry, workflow actions, posting per business rules","Normative Rule by Section/Table Context","Enforceable Normative Requirements","Validation / Shared UX","","Code / Runtime / UI",""
"C18-18.2-007","33","Part V — System Interaction Standards","18","Validation","18.2","Client-side assists; server-side authoritative","Client-side assists; server-side authoritative","Normative Rule by Section/Table Context","Enforceable Normative Requirements","Validation / Shared UX","","Code / Runtime / UI",""
"C18-18.2-008","33","Part V — System Interaction Standards","18","Validation","18.2","Messages in logical order (header → lines → document)","Messages in logical order (header → lines → document)","Normative Rule by Section/Table Context","Enforceable Normative Requirements","Validation / Shared UX","","Code / Runtime / UI",""
"C18-18.2-009","33","Part V — System Interaction Standards","18","Validation","18.2","Warnings informational unless governed; validation errors block operation","Warnings informational unless governed; validation errors block operation","Normative Rule by Section/Table Context","Enforceable Normative Requirements","Validation / Shared UX","","Code / Runtime / UI",""
"C18-18.2-010","33","Part V — System Interaction Standards","18","Validation","18.2","Must not duplicate same error across channels","Must not duplicate same error across channels","Explicit Must Not","Enforceable Normative Requirements","Validation / Shared UX","","Code / Runtime / UI",""
"C18-18.3-001","33","Part V — System Interaction Standards","18","Validation","18.3","Individual message wording catalog.","Individual message wording catalog.","Out of Scope","Out-of-Scope Clauses","Validation / Shared UX","","N/A",""
"C19-19.1-001","34","Part V — System Interaction Standards","19","Error Handling","19.1","Information, warning, validation error, blocking business error, system error.","Information, warning, validation error, blocking business error, system error.","Descriptive","Descriptive Governance Statements","Error Handling / Shared UX","","Documentation",""
"C19-19.2-001","34","Part V — System Interaction Standards","19","Error Handling","19.2","Matches severity; no duplicate channels.","Matches severity; no duplicate channels.","Descriptive","Descriptive Governance Statements","Error Handling / Shared UX","","Documentation",""
"C19-19.3-001","34","Part V — System Interaction Standards","19","Error Handling","19.3","Clear, actionable, free of technical implementation details. Sensitive information (stack traces, SQL, internal IDs) must never be exposed to end users.","Clear, actionable, free of technical implementation details. Sensitive information (stack traces, SQL, internal IDs) must never be exposed to end users.","Explicit Must","Enforceable Normative Requirements","Error Handling / Shared UX","","Code / Runtime / UI",""
"C19-19.4-001","34","Part V — System Interaction Standards","19","Error Handling","19.4","Suggest next action; retry only when safe and meaningful.","Suggest next action; retry only when safe and meaningful.","Descriptive","Descriptive Governance Statements","Error Handling / Shared UX","","Documentation",""
"C19-19.5-001","34","Part V — System Interaction Standards","19","Error Handling","19.5","Equivalent conditions → consistent codes and experience. Structured error codes and families are defined in the Architecture & Implementation Guide, not in this Constitution.","Equivalent conditions → consistent codes and experience. Structured error codes and families are defined in the Architecture & Implementation Guide, not in this Constitution.","Descriptive","Descriptive Governance Statements","Error Handling / Shared UX","","Documentation",""
"C19-19.6-001","34","Part V — System Interaction Standards","19","Error Handling","19.6","System errors logged per platform operational logging policy.","System errors logged per platform operational logging policy.","Descriptive","Descriptive Governance Statements","Error Handling / Shared UX","","Documentation",""
"C19-19.7-001","34","Part V — System Interaction Standards","19","Error Handling","19.7","First error focusable and announced to assistive technology.","First error focusable and announced to assistive technology.","Descriptive","Descriptive Governance Statements","Error Handling / Shared UX","","Documentation",""
"C20-20.1-001","35","Part V — System Interaction Standards","20","Notifications","20.1","Success, information, warning, error, progress, reminder.","Success, information, warning, error, progress, reminder.","Descriptive","Descriptive Governance Statements","Notifications / Shared UX","","Documentation",""
"C20-20.2-001","35","Part V — System Interaction Standards","20","Notifications","20.2","Unified dictionary","Unified dictionary","Normative Rule by Section/Table Context","Enforceable Normative Requirements","Notifications / Shared UX","","Code / Runtime / UI",""
"C20-20.2-002","35","Part V — System Interaction Standards","20","Notifications","20.2","deduplication for same event","deduplication for same event","Normative Rule by Section/Table Context","Enforceable Normative Requirements","Notifications / Shared UX","","Code / Runtime / UI",""
"C20-20.2-003","35","Part V — System Interaction Standards","20","Notifications","20.2","duration by severity","duration by severity","Normative Rule by Section/Table Context","Enforceable Normative Requirements","Notifications / Shared UX","","Code / Runtime / UI",""
"C20-20.2-004","35","Part V — System Interaction Standards","20","Notifications","20.2","actionable links (open document, retry) where appropriate","actionable links (open document, retry) where appropriate","Normative Rule by Section/Table Context","Enforceable Normative Requirements","Notifications / Shared UX","","Code / Runtime / UI",""
"C20-20.2-005","35","Part V — System Interaction Standards","20","Notifications","20.2","must not rely on color alone.","must not rely on color alone.","Explicit Must Not","Enforceable Normative Requirements","Notifications / Shared UX","","Code / Runtime / UI",""
"C20-20.3-001","35","Part V — System Interaction Standards","20","Notifications","20.3","Critical > Error > Warning > Success > Info.","Critical > Error > Warning > Success > Info.","Descriptive","Descriptive Governance Statements","Notifications / Shared UX","","Documentation",""
"C20-20.4-001","35","Part V — System Interaction Standards","20","Notifications","20.4","Transient notifications expire; critical items persist until user interaction where appropriate.","Transient notifications expire; critical items persist until user interaction where appropriate.","Descriptive","Descriptive Governance Statements","Notifications / Shared UX","","Documentation",""
"C20-20.5-001","35","Part V — System Interaction Standards","20","Notifications","20.5","Must not notify user to open document they cannot access.","Must not notify user to open document they cannot access.","Explicit Must Not","Enforceable Normative Requirements","Notifications / Shared UX","","Code / Runtime / UI",""
"C20-20.6-001","35","Part V — System Interaction Standards","20","Notifications","20.6","Notifications ≠ Validation ≠ Error Handling.","Notifications ≠ Validation ≠ Error Handling.","Descriptive","Descriptive Governance Statements","Notifications / Shared UX","","Documentation",""
"C21-21.1-001","36","Part V — System Interaction Standards","21","Loading & Progress","21.1","Loading scope matches operation","Loading scope matches operation","Normative Rule by Section/Table Context","Enforceable Normative Requirements","Loading & Progress / Shared UX","","Code / Runtime / UI",""
"C21-21.1-002","36","Part V — System Interaction Standards","21","Loading & Progress","21.1","long operations show progress or status","long operations show progress or status","Normative Rule by Section/Table Context","Enforceable Normative Requirements","Loading & Progress / Shared UX","","Code / Runtime / UI",""
"C21-21.1-003","36","Part V — System Interaction Standards","21","Loading & Progress","21.1","action buttons disabled during action","action buttons disabled during action","Normative Rule by Section/Table Context","Enforceable Normative Requirements","Loading & Progress / Shared UX","","Code / Runtime / UI",""
"C21-21.1-004","36","Part V — System Interaction Standards","21","Loading & Progress","21.1","double submission prohibited","double submission prohibited","Normative Rule by Section/Table Context","Enforceable Normative Requirements","Loading & Progress / Shared UX","","Code / Runtime / UI",""
"C21-21.1-005","36","Part V — System Interaction Standards","21","Loading & Progress","21.1","sensible focus after completion.","sensible focus after completion.","Normative Rule by Section/Table Context","Enforceable Normative Requirements","Loading & Progress / Shared UX","","Code / Runtime / UI",""
"C21-21.2-001","36","Part V — System Interaction Standards","21","Loading & Progress","21.2","Skeleton (content), inline (buttons, lookups), progress (upload/import/export/print). Must not block entire application for partial operations (aligned with UX Constitution).","Skeleton (content), inline (buttons, lookups), progress (upload/import/export/print). Must not block entire application for partial operations (aligned with UX Constitution).","Explicit Must Not","Enforceable Normative Requirements","Loading & Progress / Shared UX","","Code / Runtime / UI",""
"C21-21.3-001","36","Part V — System Interaction Standards","21","Loading & Progress","21.3","If loading exceeds reasonable duration, user shall be informed operation continues.","If loading exceeds reasonable duration, user shall be informed operation continues.","Explicit Shall","Enforceable Normative Requirements","Loading & Progress / Shared UX","","Code / Runtime / UI",""
"C21-21.4-001","36","Part V — System Interaction Standards","21","Loading & Progress","21.4","Long operations should support cancel where safe; pages should render progressively.","Long operations should support cancel where safe; pages should render progressively.","Explicit Should","Strong Recommendations","Loading & Progress / Shared UX","","UI / Runtime",""
"C21-21.5-001","36","Part V — System Interaction Standards","21","Loading & Progress","21.5","Exact timeout values — Architecture Guide.","Exact timeout values — Architecture Guide.","Out of Scope","Out-of-Scope Clauses","Loading & Progress / Shared UX","","N/A",""
"C22-22.1-001","37","Part V — System Interaction Standards","22","Audit & Timeline","22.1","Created, last modified, submitted, approved, rejected, posted — actor and timestamp where applicable.","Created, last modified, submitted, approved, rejected, posted — actor and timestamp where applicable.","Normative Rule by Section/Table Context","Enforceable Normative Requirements","Audit & Timeline / Platform","","Code / Runtime / UI",""
"C22-22.2-001","37","Part V — System Interaction Standards","22","Audit & Timeline","22.2","Every workflow action and significant attachment/line change must generate audit record.","Every workflow action and significant attachment/line change must generate audit record.","Explicit Must","Enforceable Normative Requirements","Audit & Timeline / Platform","","Code / Runtime / UI",""
"C22-22.3-001","37","Part V — System Interaction Standards","22","Audit & Timeline","22.3","Single chronological timeline; immutable audit records; UTC internally, display per user time zone. Timeline filtering permitted without altering records. Concurrency conflicts recorded when appropriate (","Single chronological timeline; immutable audit records; UTC internally, display per user time zone. Timeline filtering permitted without altering records. Concurrency conflicts recorded when appropriate (","Descriptive","Descriptive Governance Statements","Audit & Timeline / Platform","","Documentation",""
"C22-22.4-001","37","Part V — System Interaction Standards","22","Audit & Timeline","22.4","Official print should include approval/audit summary where appropriate.","Official print should include approval/audit summary where appropriate.","Explicit Should","Strong Recommendations","Audit & Timeline / Platform","","UI / Runtime",""
"C23-23.1-001","38","Part VI — Lookup & Search","23","Lookup Standard","23.1","One lookup behavior for items, parties, locations, and references.","One lookup behavior for items, parties, locations, and references.","Descriptive","Descriptive Governance Statements","Lookup Standard / Shared UX","","Documentation",""
"C23-23.2-001","38","Part VI — Lookup & Search","23","Lookup Standard","23.2","Receiving, stock-based, catalog, issue — same UX; data scope differs.","Receiving, stock-based, catalog, issue — same UX; data scope differs.","Descriptive","Descriptive Governance Statements","Lookup Standard / Shared UX","","Documentation",""
"C23-23.3-001","38","Part VI — Lookup & Search","23","Lookup Standard","23.3","Code, name, barcode; ranking: exact code → exact barcode → prefix → contains; debounce before search; normalization (case/space insensitive).","Code, name, barcode; ranking: exact code → exact barcode → prefix → contains; debounce before search; normalization (case/space insensitive).","Descriptive","Descriptive Governance Statements","Lookup Standard / Shared UX","","Documentation",""
"C23-23.4-001","38","Part VI — Lookup & Search","23","Lookup Standard","23.4","Keyboard ↑↓ Enter Esc Tab; close on select, outside click, field exit; one lookup open; focus to quantity after item pick in line entry.","Keyboard ↑↓ Enter Esc Tab; close on select, outside click, field exit; one lookup open; focus to quantity after item pick in line entry.","Descriptive","Descriptive Governance Statements","Lookup Standard / Shared UX","","Documentation",""
"C23-23.5-001","38","Part VI — Lookup & Search","23","Lookup Standard","23.5","Loading, no results, error+retry — unified messaging; unified empty states.","Loading, no results, error+retry — unified messaging; unified empty states.","Descriptive","Descriptive Governance Statements","Lookup Standard / Shared UX","","Documentation",""
"C23-23.6-001","38","Part VI — Lookup & Search","23","Lookup Standard","23.6","Permission filtering — only authorized data","Permission filtering — only authorized data","Normative Rule by Section/Table Context","Enforceable Normative Requirements","Lookup Standard / Shared UX","","Code / Runtime / UI",""
"C23-23.6-002","38","Part VI — Lookup & Search","23","Lookup Standard","23.6","Tenant isolation — no cross-tenant data","Tenant isolation — no cross-tenant data","Normative Rule by Section/Table Context","Enforceable Normative Requirements","Lookup Standard / Shared UX","","Code / Runtime / UI",""
"C23-23.6-003","38","Part VI — Lookup & Search","23","Lookup Standard","23.6","Large results — paging or infinite scroll per platform policy","Large results — paging or infinite scroll per platform policy","Normative Rule by Section/Table Context","Enforceable Normative Requirements","Lookup Standard / Shared UX","","Code / Runtime / UI",""
"C23-23.6-004","38","Part VI — Lookup & Search","23","Lookup Standard","23.6","Large catalogs — server-side search; loading entire catalogs prohibited","Large catalogs — server-side search; loading entire catalogs prohibited","Normative Rule by Section/Table Context","Enforceable Normative Requirements","Lookup Standard / Shared UX","","Code / Runtime / UI",""
"C23-23.7-001","38","Part VI — Lookup & Search","23","Lookup Standard","23.7","Recent items, favorites.","Recent items, favorites.","Out of Scope","Out-of-Scope Clauses","Lookup Standard / Shared UX","","N/A",""
"C24-24.1-001","39","Part VII — Presentation Standards","24","Workspace & Responsive","24.1","Desktop only for v2.0 operational data entry. Mobile/tablet entry out of scope unless future amendment.","Desktop only for v2.0 operational data entry. Mobile/tablet entry out of scope unless future amendment.","Descriptive","Descriptive Governance Statements","Workspace & Responsive / Shared UX","","Documentation",""
"C24-24.2-001","39","Part VII — Presentation Standards","24","Workspace & Responsive","24.2","Minimum 1366×768; reference design 1920×1080 @ 100%; supported 1440, 1600, 1920.","Minimum 1366×768; reference design 1920×1080 @ 100%; supported 1440, 1600, 1920.","Descriptive","Descriptive Governance Statements","Workspace & Responsive / Shared UX","","Documentation",""
"C24-24.3-001","39","Part VII — Presentation Standards","24","Workspace & Responsive","24.3","80%–125%: required for release acceptance. 150%: best effort — not release gate.","80%–125%: required for release acceptance. 150%: best effort — not release gate.","Descriptive","Descriptive Governance Statements","Workspace & Responsive / Shared UX","","Documentation",""
"C24-24.4-001","39","Part VII — Presentation Standards","24","Workspace & Responsive","24.4","No horizontal page scroll except inside grids","No horizontal page scroll except inside grids","Normative Rule by Section/Table Context","Enforceable Normative Requirements","Workspace & Responsive / Shared UX","","Code / Runtime / UI",""
"C24-24.4-002","39","Part VII — Presentation Standards","24","Workspace & Responsive","24.4","no clipped titles/overlapping buttons","no clipped titles/overlapping buttons","Normative Rule by Section/Table Context","Enforceable Normative Requirements","Workspace & Responsive / Shared UX","","Code / Runtime / UI",""
"C24-24.4-003","39","Part VII — Presentation Standards","24","Workspace & Responsive","24.4","create screens primary actions visible @ 1366/100%","create screens primary actions visible @ 1366/100%","Normative Rule by Section/Table Context","Enforceable Normative Requirements","Workspace & Responsive / Shared UX","","Code / Runtime / UI",""
"C24-24.4-004","39","Part VII — Presentation Standards","24","Workspace & Responsive","24.4","dialogs fit viewport with internal scroll","dialogs fit viewport with internal scroll","Normative Rule by Section/Table Context","Enforceable Normative Requirements","Workspace & Responsive / Shared UX","","Code / Runtime / UI",""
"C24-24.4-005","39","Part VII — Presentation Standards","24","Workspace & Responsive","24.4","tables scroll internally.","tables scroll internally.","Normative Rule by Section/Table Context","Enforceable Normative Requirements","Workspace & Responsive / Shared UX","","Code / Runtime / UI",""
"C24-24.5-001","39","Part VII — Presentation Standards","24","Workspace & Responsive","24.5","Supported browsers per platform browser support matrix (Architecture Guide). High DPI (2K/4K) supported. Multi-monitor consistency.","Supported browsers per platform browser support matrix (Architecture Guide). High DPI (2K/4K) supported. Multi-monitor consistency.","Descriptive","Descriptive Governance Statements","Workspace & Responsive / Shared UX","","Documentation",""
"C24-24.6-001","39","Part VII — Presentation Standards","24","Workspace & Responsive","24.6","1366×768 @ 80/90/100/110/125%; 1440/1600/1920 @ 100% — Definition of Done (","1366×768 @ 80/90/100/110/125%; 1440/1600/1920 @ 100% — Definition of Done (","Normative Rule by Section/Table Context","Enforceable Normative Requirements","Workspace & Responsive / Shared UX","","Code / Runtime / UI",""
"C24-24.7-001","39","Part VII — Presentation Standards","24","Workspace & Responsive","24.7","Geometry tokens — UX Constitution; this chapter — acceptance criteria.","Geometry tokens — UX Constitution; this chapter — acceptance criteria.","Descriptive","Descriptive Governance Statements","Workspace & Responsive / Shared UX","","Documentation",""
"C25-25.1-001","40","Part VII — Presentation Standards","25","Document Layout","25.1","One document page pattern for create/edit; one for detail/workflow.","One document page pattern for create/edit; one for detail/workflow.","Descriptive","Descriptive Governance Statements","Document Layout / Shared UX","","Documentation",""
"C25-25.2-001","40","Part VII — Presentation Standards","25","Document Layout","25.2","Create/Edit: masthead, alert band, body (header + lines), fixed action area. Detail/Workflow: masthead, status, alert band, action bar, content, timeline. Modules must not invent unrelated layouts. All modules must declare and follow one archetype.","Create/Edit: masthead, alert band, body (header + lines), fixed action area. Detail/Workflow: masthead, status, alert band, action bar, content, timeline. Modules must not invent unrelated layouts. All modules must declare and follow one archetype.","Explicit Must Not","Enforceable Normative Requirements","Document Layout / Shared UX","","Code / Runtime / UI",""
"C25-25.3-001","40","Part VII — Presentation Standards","25","Document Layout","25.3","Primary scroll owner defined per archetype — must be consistent (details: UX Constitution + Architecture Guide).","Primary scroll owner defined per archetype — must be consistent (details: UX Constitution + Architecture Guide).","Explicit Must","Enforceable Normative Requirements","Document Layout / Shared UX","","Code / Runtime / UI",""
"C25-25.4-001","40","Part VII — Presentation Standards","25","Document Layout","25.4","Header, action bar, and primary actions should remain accessible per archetype without losing context.","Header, action bar, and primary actions should remain accessible per archetype without losing context.","Explicit Should","Strong Recommendations","Document Layout / Shared UX","","UI / Runtime",""
"C25-25.5-001","40","Part VII — Presentation Standards","25","Document Layout","25.5","Unified empty states; spacing/density per UX Constitution.","Unified empty states; spacing/density per UX Constitution.","Descriptive","Descriptive Governance Statements","Document Layout / Shared UX","","Documentation",""
"C25-25.6-001","40","Part VII — Presentation Standards","25","Document Layout","25.6","Collapsible sections behave consistently across modules.","Collapsible sections behave consistently across modules.","Descriptive","Descriptive Governance Statements","Document Layout / Shared UX","","Documentation",""
"C25-25.7-001","40","Part VII — Presentation Standards","25","Document Layout","25.7","Goods receipt create (after conformance) — create/edit reference; goods receipt detail — workflow reference.","Goods receipt create (after conformance) — create/edit reference; goods receipt detail — workflow reference.","Descriptive","Descriptive Governance Statements","Document Layout / Shared UX","","Documentation",""
"C25-25.8-001","40","Part VII — Presentation Standards","25","Document Layout","25.8","Exact pixel tokens — UX Constitution.","Exact pixel tokens — UX Constitution.","Out of Scope","Out-of-Scope Clauses","Document Layout / Shared UX","","N/A",""
"C26-26.1-001","41","Part VII — Presentation Standards","26","Printing & Export","26.1","Print and PDF export must match. Status watermarks (draft, posted, void, etc.). Header/footer with organization identity; page numbers and print metadata.","Print and PDF export must match. Status watermarks (draft, posted, void, etc.). Header/footer with organization identity; page numbers and print metadata.","Explicit Must","Enforceable Normative Requirements","Printing & Export / Reports","","Code / Runtime / UI",""
"C26-26.2-001","41","Part VII — Presentation Standards","26","Printing & Export","26.2","Platform electronic record is authoritative; printed/exported copies are representations.","Platform electronic record is authoritative; printed/exported copies are representations.","Descriptive","Descriptive Governance Statements","Printing & Export / Reports","","Documentation",""
"C26-26.3-001","41","Part VII — Presentation Standards","26","Printing & Export","26.3","Print and export subject to same permission model as view; export authorization explicit.","Print and export subject to same permission model as view; export authorization explicit.","Normative Rule by Section/Table Context","Enforceable Normative Requirements","Printing & Export / Reports","","Code / Runtime / UI",""
"C26-26.4-001","41","Part VII — Presentation Standards","26","Printing & Export","26.4","Sensitive data masked per authorization on export/print.","Sensitive data masked per authorization on export/print.","Normative Rule by Section/Table Context","Enforceable Normative Requirements","Printing & Export / Reports","","Code / Runtime / UI",""
"C26-26.5-001","41","Part VII — Presentation Standards","26","Printing & Export","26.5","May be allowed with unofficial marking.","May be allowed with unofficial marking.","Explicit May","Optional Capabilities","Printing & Export / Reports","","Runtime",""
"C26-26.6-001","41","Part VII — Presentation Standards","26","Printing & Export","26.6","Print of sensitive documents should be logged.","Print of sensitive documents should be logged.","Explicit Should","Strong Recommendations","Printing & Export / Reports","","UI / Runtime",""
"C26-26.7-001","41","Part VII — Presentation Standards","26","Printing & Export","26.7","Arabic and English should be supported per property or user preference.","Arabic and English should be supported per property or user preference.","Explicit Should","Strong Recommendations","Printing & Export / Reports","","UI / Runtime",""
"C27-27.1-001","42","Part VIII — Platform Principles","27","Performance","27.1","Large lists — paging or virtual presentation","Large lists — paging or virtual presentation","Normative Rule by Section/Table Context","Enforceable Normative Requirements","Performance / Platform","","Code / Runtime / UI",""
"C27-27.1-002","42","Part VIII — Platform Principles","27","Performance","27.1","server-assisted search when warranted","server-assisted search when warranted","Normative Rule by Section/Table Context","Enforceable Normative Requirements","Performance / Platform","","Code / Runtime / UI",""
"C27-27.1-003","42","Part VIII — Platform Principles","27","Performance","27.1","debounce and cancel in-flight requests","debounce and cancel in-flight requests","Normative Rule by Section/Table Context","Enforceable Normative Requirements","Performance / Platform","","Code / Runtime / UI",""
"C27-27.1-004","42","Part VIII — Platform Principles","27","Performance","27.1","heavy export/print asynchronous with user feedback.","heavy export/print asynchronous with user feedback.","Normative Rule by Section/Table Context","Enforceable Normative Requirements","Performance / Platform","","Code / Runtime / UI",""
"C27-27.2-001","42","Part VIII — Platform Principles","27","Performance","27.2","Document entry responsive under normal hotel operations; exact metrics in QA acceptance criteria and Architecture Guide.","Document entry responsive under normal hotel operations; exact metrics in QA acceptance criteria and Architecture Guide.","Descriptive","Descriptive Governance Statements","Performance / Platform","","Documentation",""
"C28-28.1-001","43","Part VIII — Platform Principles","28","Accessibility","28.1","Interactive elements labeled; color not sole state indicator; contrast per agreed targets; accessibility in QA gates.","Interactive elements labeled; color not sole state indicator; contrast per agreed targets; accessibility in QA gates.","Normative Rule by Section/Table Context","Enforceable Normative Requirements","Accessibility / Shared UX","","Code / Runtime / UI",""
"C28-28.2-001","43","Part VIII — Platform Principles","28","Accessibility","28.2","Platform shall support screen reader compatibility for governed interactions.","Platform shall support screen reader compatibility for governed interactions.","Explicit Shall","Enforceable Normative Requirements","Accessibility / Shared UX","","Code / Runtime / UI",""
"C28-28.3-001","43","Part VIII — Platform Principles","28","Accessibility","28.3","Validation and error messages shall be accessible to assistive technology.","Validation and error messages shall be accessible to assistive technology.","Explicit Shall","Enforceable Normative Requirements","Accessibility / Shared UX","","Code / Runtime / UI",""
"C28-28.4-001","43","Part VIII — Platform Principles","28","Accessibility","28.4","Keyboard/focus —","Keyboard/focus —","Descriptive","Descriptive Governance Statements","Accessibility / Shared UX","","Documentation",""
"C28-28.5-001","43","Part VIII — Platform Principles","28","Accessibility","28.5","Full WCAG certification program — separate initiative.","Full WCAG certification program — separate initiative.","Out of Scope","Out-of-Scope Clauses","Accessibility / Shared UX","","N/A",""
"C29-29.1-001","44","Part IX — Conformance","29","Constitution Compliance & Ratification","29.1","New and revised capabilities must declare applicable chapters and demonstrate compliance before release.","New and revised capabilities must declare applicable chapters and demonstrate compliance before release.","Explicit Must","Enforceable Normative Requirements","Governance / QA","","Code / Runtime / UI",""
"C29-29.2-001","44","Part IX — Conformance","29","Constitution Compliance & Ratification","29.2","Fully Compliant | Partially Compliant (documented gaps + remediation plan) | Non-Compliant (not releasable without waiver).","Fully Compliant | Partially Compliant (documented gaps + remediation plan) | Non-Compliant (not releasable without waiver).","Normative Rule by Section/Table Context","Enforceable Normative Requirements","Governance / QA","","Code / Runtime / UI",""
"C29-29.3-001","44","Part IX — Conformance","29","Constitution Compliance & Ratification","29.3","A screen/capability is compliant when all mandatory rules in applicable chapters are satisfied, including responsive test matrix where applicable.","A screen/capability is compliant when all mandatory rules in applicable chapters are satisfied, including responsive test matrix where applicable.","Normative Rule by Section/Table Context","Enforceable Normative Requirements","Governance / QA","","Code / Runtime / UI",""
"C29-29.4-001","44","Part IX — Conformance","29","Constitution Compliance & Ratification","29.4","Exceptions require documented approval, scope, expiry, and registration. Architecture Exception Governance — waiver process formal; exceptions must not weaken audit, posting, or period rules.","Exceptions require documented approval, scope, expiry, and registration. Architecture Exception Governance — waiver process formal; exceptions must not weaken audit, posting, or period rules.","Explicit Must Not","Enforceable Normative Requirements","Governance / QA","","Code / Runtime / UI",""
"C29-29.5-001","44","Part IX — Conformance","29","Constitution Compliance & Ratification","29.5","New operational modules must undergo constitutional review before production approval.","New operational modules must undergo constitutional review before production approval.","Explicit Must","Enforceable Normative Requirements","Governance / QA","","Code / Runtime / UI",""
"C29-29.6-001","44","Part IX — Conformance","29","Constitution Compliance & Ratification","29.6","QA validates against this Constitution and UX Constitution. Methods — Architecture Guide.","QA validates against this Constitution and UX Constitution. Methods — Architecture Guide.","Descriptive","Descriptive Governance Statements","Governance / QA","","Documentation",""
"C29-29.7-001","44","Part IX — Conformance","29","Constitution Compliance & Ratification","29.7","Non-compliance tracked; backlog does not override Constitution.","Non-compliance tracked; backlog does not override Constitution.","Normative Rule by Section/Table Context","Enforceable Normative Requirements","Governance / QA","","Code / Runtime / UI",""
"C29-29.8-001","44","Part IX — Conformance","29","Constitution Compliance & Ratification","29.8","This Constitution v2.0 Final is ratified upon approval by Product & Governance and Enterprise","This Constitution v2.0 Final is ratified upon approval by Product & Governance and Enterprise","Descriptive","Descriptive Governance Statements","Governance / QA","","Documentation",""
"C29-29.8-002","44","Part IX — Conformance","29","Constitution Compliance & Ratification","29.8","Architecture.","Architecture.","Descriptive","Descriptive Governance Statements","Governance / QA","","Documentation",""
"C29-29.8-003","44","Part IX — Conformance","29","Constitution Compliance & Ratification","29.8","Supersedes: DX OSE Document Constitution v1.0.","Supersedes: DX OSE Document Constitution v1.0.","Descriptive","Descriptive Governance Statements","Governance / QA","","Documentation",""
"C29-29.8-004","44","Part IX — Conformance","29","Constitution Compliance & Ratification","29.8","Subordinate: Architecture & Implementation Guides, BDR.","Subordinate: Architecture & Implementation Guides, BDR.","Descriptive","Descriptive Governance Statements","Governance / QA","","Documentation",""
"CA-A-001","45","Appendix A","A","Business Decision Records (BDR) Index","A","BDR-001 | Reject terminates document; Return → edit → Submit; no Re-submit | Active","BDR index entry BDR-001: Reject terminates document; Return → edit → Submit; no Re-submit (Active)","Reference Index Entry","Reference Index Entry","Governance / BDR Index","Appendix B","BDR index review","Appendix A index row; not a constitutional clause"
"CA-A-002","45","Appendix A","A","Business Decision Records (BDR) Index","A","BDR-002 | Draft-first for operational documents | Active","BDR index entry BDR-002: Draft-first for operational documents (Active)","Reference Index Entry","Reference Index Entry","Governance / BDR Index","Appendix B","BDR index review","Appendix A index row; not a constitutional clause"
"CA-A-003","45","Appendix A","A","Business Decision Records (BDR) Index","A","BDR-003 | No automatic line merge; duplicate rules per document type | Active","BDR index entry BDR-003: No automatic line merge; duplicate rules per document type (Active)","Reference Index Entry","Reference Index Entry","Governance / BDR Index","Appendix B","BDR index review","Appendix A index row; not a constitutional clause"
"CA-A-004","45","Appendix A","A","Business Decision Records (BDR) Index","A","BDR-004 | Final Workflow Approval triggers Posting by default | Active","BDR index entry BDR-004: Final Workflow Approval triggers Posting by default (Active)","Reference Index Entry","Reference Index Entry","Governance / BDR Index","Appendix B","BDR index review","Appendix A index row; not a constitutional clause"
"CA-A-005","45","Appendix A","A","Business Decision Records (BDR) Index","A","BDR-005 | Evidence Package is not a separate permission | Active","BDR index entry BDR-005: Evidence Package is not a separate permission (Active)","Reference Index Entry","Reference Index Entry","Governance / BDR Index","Appendix B","BDR index review","Appendix A index row; not a constitutional clause"
"CA-A-006","45","Appendix A","A","Business Decision Records (BDR) Index","A","BDR-006 | Period Close uses Resolution Workspace | Active","BDR index entry BDR-006: Period Close uses Resolution Workspace (Active)","Reference Index Entry","Reference Index Entry","Governance / BDR Index","Appendix B","BDR index review","Appendix A index row; not a constitutional clause"
"CA-A-007","45","Appendix A","A","Business Decision Records (BDR) Index","A","BDR-007 | Void vs Cancelled user-facing label | Under Review","BDR index entry BDR-007: Void vs Cancelled user-facing label (Under Review)","Reference Index Entry","Reference Index Entry","Governance / BDR Index","Appendix B","BDR index review","Appendix A index row; not a constitutional clause"
"CA-A-008","45","Appendix A","A","Business Decision Records (BDR) Index","A","BDR-008 | Approved state optional — distinct stage before Posting only | Active","BDR index entry BDR-008: Approved state optional — distinct stage before Posting only (Active)","Reference Index Entry","Reference Index Entry","Governance / BDR Index","Appendix B","BDR index review","Appendix A index row; not a constitutional clause"
"CA-A-009","45","Appendix A","A","Business Decision Records (BDR) Index","A","BDR-009 | Item Business Rules (v1 ITM-1): duplicate messaging, supplier/warehouse change, | Active","BDR index entry BDR-009: Item Business Rules (v1 ITM-1): duplicate messaging, supplier/warehouse change, (Active)","Reference Index Entry","Reference Index Entry","Governance / BDR Index","Appendix B","BDR index review","Appendix A index row; not a constitutional clause"
"CB-B-001","46","Appendix B","B","Open Governance Notes","B","The following items remain Under Review and are explicitly excluded from normative SHALL/MUST requirements until ratified:","Under Review items excluded from SHALL/MUST until ratified","Governance Definition","Descriptive Governance Statements","Governance process","2.2","Governance register review",""
"CB-B-002","46","Appendix B","B","Open Governance Notes","B","BDR-007 — Void vs Cancelled user-facing label — Under Review","BDR-007 excluded from normative requirements pending ratification","Explicitly Excluded Pending Ratification","Explicitly Excluded Pending Ratification","User-facing lifecycle labeling","2.2; CA-A-007","Exclusion register verification","Appendix B explicit exclusion for BDR-007"
