fresh_id,chapter,section,requirement_text,category,implementation_target,verification_type,status,severity,frontend_evidence,backend_evidence,database_evidence,runtime_evidence,governance_evidence,tenant_scope_tested,limitations,finding_id,recommended_next_action
C1-1.1-001,1,1.1,"This Constitution establishes the governing principles, policies, standards, and mandatory rules for the DX OSE Enterprise ERP Platform.",Descriptive Context,Governance Documentation,Documentation,NOT APPLICABLE,Info,,,,,Register category_bucket=Descriptive Context verified unchanged,,Descriptive/context row — no product enforcement required,,
C1-1.1-002,1,1.1,It defines what the platform must do from a governance perspective.,Governance Document Requirement,Governance Documentation,Governance documentation,PASS,Info,,,,,docs/governance/ library present (594 files),,,,
C1-1.1-003,1,1.1,"It is technology-neutral and shall remain valid regardless of changes to frontend, backend, database, or integration technologies.",Governance Document Requirement,Governance Documentation,Governance documentation,PASS,Info,,,,,docs/governance/ library present (594 files),,,,
C1-1.1-004,1,1.1,This Constitution is the Single Source of Truth (SSOT) for governance across the DX OSE ERP Platform.,Descriptive Context,Governance Documentation,Documentation,NOT APPLICABLE,Info,,,,,Register category_bucket=Descriptive Context verified unchanged,,Descriptive/context row — no product enforcement required,,
C1-1.1-005,1,1.1,"All subordinate governance, UX, workflow, access control, and implementation documents shall conform to this Constitution.",Governance Document Requirement,Governance Documentation,Governance documentation,PASS,Info,,,,,docs/governance/ library present (594 files),,,,
C1-1.2-001,1,1.2,"When documents conflict, the higher-level document shall always prevail.",Governance Document Requirement,Governance Documentation,Governance documentation,PASS,Info,,,,,docs/governance/ library present (594 files),,,,
C1-1.2-002,1,1.2,No subordinate document may override or contradict this Constitution.,Governance Document Requirement,Governance Documentation,Governance documentation,PASS,Info,,,,,docs/governance/ library present (594 files),,,,
C1-1.2-003,1,1.2,"The official governance library shall maintain, at minimum:",Governance Document Requirement,Governance Documentation,Governance documentation,PASS,Info,,,,,docs/governance/ library present (594 files),,,,
C1-1.2-004,1,1.2,● DX OSE Constitution,Governance Definition,Governance Documentation,Documentation,NOT APPLICABLE,Info,,,,,Register category_bucket=Governance Definition verified unchanged,,"Governance definition — terminology, not product behavior",,
C1-1.2-005,1,1.2,● DX OSE UX Constitution,Governance Definition,Governance Documentation,Documentation,NOT APPLICABLE,Info,,,,,Register category_bucket=Governance Definition verified unchanged,,"Governance definition — terminology, not product behavior",,
C1-1.2-006,1,1.2,● Business Decision Records (BDR),Governance Definition,Governance Documentation,Documentation,NOT APPLICABLE,Info,,,,,Register category_bucket=Governance Definition verified unchanged,,"Governance definition — terminology, not product behavior",,
C1-1.2-007,1,1.2,● Workflow Contracts,Governance Definition,Governance Documentation,Documentation,NOT APPLICABLE,Info,,,,,Register category_bucket=Governance Definition verified unchanged,,"Governance definition — terminology, not product behavior",,
C1-1.2-008,1,1.2,● Access Control Catalog,Governance Definition,Governance Documentation,Documentation,NOT APPLICABLE,Info,,,,,Register category_bucket=Governance Definition verified unchanged,,"Governance definition — terminology, not product behavior",,
C1-1.2-009,1,1.2,● Architecture Guide,Governance Definition,Governance Documentation,Documentation,NOT APPLICABLE,Info,,,,,Register category_bucket=Governance Definition verified unchanged,,"Governance definition — terminology, not product behavior",,
C1-1.2-010,1,1.2,● Implementation Guide,Governance Definition,Governance Documentation,Documentation,NOT APPLICABLE,Info,,,,,Register category_bucket=Governance Definition verified unchanged,,"Governance definition — terminology, not product behavior",,
C1-1.3-001,1,1.3,Section 1.3 Four Tiers has been removed in its entirety per Master Review Log ratification.,Descriptive Context,Governance Documentation,Documentation,NOT APPLICABLE,Info,,,,,Register category_bucket=Descriptive Context verified unchanged,,Descriptive/context row — no product enforcement required,,
C1-1.3-002,1,1.3,This section number is reserved and shall not be reassigned to other content without explicit governance decision.,Governance Document Requirement,Governance Documentation,Governance documentation,PASS,Info,,,,,docs/governance/ library present (594 files),,,,
C1-1.4-001,1,1.4,This Constitution applies to all current and future operational modules of the DX OSE ERP Platform.,Governance Definition,Governance Documentation,Documentation,NOT APPLICABLE,Info,,,,,Register category_bucket=Governance Definition verified unchanged,,"Governance definition — terminology, not product behavior",,
C1-1.4-002,1,1.4,Unless explicitly stated otherwise:,Governance Definition,Governance Documentation,Documentation,NOT APPLICABLE,Info,,,,,Register category_bucket=Governance Definition verified unchanged,,"Governance definition — terminology, not product behavior",,
C1-1.4-003,1,1.4,Platform-wide chapters apply to all DX OSE modules and shared user experiences.,Governance Definition,Governance Documentation,Documentation,NOT APPLICABLE,Info,,,,,Register category_bucket=Governance Definition verified unchanged,,"Governance definition — terminology, not product behavior",,
C1-1.4-004,1,1.4,Document-specific chapters apply to operational documents and document entry workflows.,Governance Definition,Governance Documentation,Documentation,NOT APPLICABLE,Info,,,,,Register category_bucket=Governance Definition verified unchanged,,"Governance definition — terminology, not product behavior",,
C1-1.4-005,1,1.4,Out of scope for this Constitution:,Out of Scope,N/A,N/A,NOT APPLICABLE,Info,,,,,Register category_bucket=Out of Scope verified unchanged,,Constitution marks out of scope for product layer,,
C1-1.4-006,1,1.4,Technology stack,Out of Scope,N/A,N/A,NOT APPLICABLE,Info,,,,,Register category_bucket=Out of Scope verified unchanged,,Constitution marks out of scope for product layer,,
C1-1.4-007,1,1.4,Internal implementation details,Out of Scope,N/A,N/A,NOT APPLICABLE,Info,,,,,Register category_bucket=Out of Scope verified unchanged,,Constitution marks out of scope for product layer,,
C1-1.4-008,1,1.4,Database architecture,Out of Scope,N/A,N/A,NOT APPLICABLE,Info,,,,,Register category_bucket=Out of Scope verified unchanged,,Constitution marks out of scope for product layer,,
C1-1.4-009,1,1.4,Integration implementation details Implementation detail belongs in Architecture & Implementation Guides.,Governance Definition,Governance Documentation,Documentation,NOT APPLICABLE,Info,,,,,Register category_bucket=Governance Definition verified unchanged,,"Governance definition — terminology, not product behavior",,
C1-1.5-001,1,1.5,Normative keywords shall be interpreted exactly as defined in this chapter.,Governance Definition,Governance Documentation,Documentation,NOT APPLICABLE,Info,,,,,Register category_bucket=Governance Definition verified unchanged,,"Governance definition — terminology, not product behavior",,
C1-1.5-002,1,1.5,● Avoid using Must where Should is sufficient.,Constitution Authoring Guidance,Governance Documentation,Authoring guidance,NOT APPLICABLE,Info,,,,,Register category_bucket=Constitution Authoring Guidance verified unchanged,,Authoring guidance for constitution maintenance,,
C1-1.5-003,1,1.5,● Use Must only when a true obligation exists.,Constitution Authoring Guidance,Governance Documentation,Authoring guidance,NOT APPLICABLE,Info,,,,,Register category_bucket=Constitution Authoring Guidance verified unchanged,,Authoring guidance for constitution maintenance,,
C2-2.1-001,2,2.1,DX OSE shall provide one consistent document lifecycle experience across all operational modules.,Product Enforceable Requirement,Multiple,Code / Runtime / UI,UNVERIFIED / BLOCKED,Medium,OSE-Frontend/src/app/core/utils/constitution-lifecycle.util.ts:15-15 [constitutionUserFacingStateLabel] sha256=941FCAC9A336A56D… — Required symbol `constitutionUserFacingStateLabel` present; ,OSE-backend/src/platform/lifecyclePresentation.service.js:86-86 [mapUserFacingState] sha256=59C396F9812F21C0… — Required symbol `mapUserFacingState` present; ,,,,,Static code evidence only; runtime not executed for this requirement,,
C2-2.1-002,2,2.1,Principle: The user experience is the contract.,Descriptive Context,N/A,Documentation,NOT APPLICABLE,Info,,,,,Register category_bucket=Descriptive Context verified unchanged,,Descriptive/context row — no product enforcement required,,
C2-2.1-003,2,2.1,The implementation is an internal concern.,Descriptive Context,N/A,Documentation,NOT APPLICABLE,Info,,,,,Register category_bucket=Descriptive Context verified unchanged,,Descriptive/context row — no product enforcement required,,
C2-2.1-004,2,2.1,"Modules may implement different internal workflows, provided that the user-facing lifecycle remains consistent across the platform.",Optional Capability,Runtime Behavior,Runtime,NOT APPLICABLE,Info,,,,,Register category_bucket=Optional Capability verified unchanged,,Optional capability — not mandatory for compliance,,
C2-2.1-005,2,2.1,"Internal workflow implementation, workflow step names, and internal status codes must never be exposed to end users.",Product Enforceable Requirement,Multiple,Code / Runtime / UI,FAIL,High,"OSE-Frontend/src/app/features/lost-items/lost-items-detail/lost-items-detail.component.html:18-20 [LOST_ITEMS.STATUS] — raw enum key in template, not constitutionUserFacingStateLabel() | OSE-Frontend/src/app/features/lost-items/lost-items-list/lost-items-list.component.html:144-146,199-201 [LOST_ITEMS.STATUS] — raw enum keys in list",,,,,,Lost Items render LOST_ITEMS.STATUS.{enum} instead of constitution lifecycle mapper,FIND-001,
C2-2.2-001,2,2.2,Each user-facing lifecycle state shall represent one consistent business meaning across the entire DX OSE ERP Platform.,Product Enforceable Requirement,Multiple,Code / Runtime / UI,UNVERIFIED / BLOCKED,Medium,OSE-Frontend/src/app/core/utils/constitution-lifecycle.util.ts:15-15 [constitutionUserFacingStateLabel] sha256=941FCAC9A336A56D… — Required symbol `constitutionUserFacingStateLabel` present; ,OSE-backend/src/platform/lifecyclePresentation.service.js:86-86 [mapUserFacingState] sha256=59C396F9812F21C0… — Required symbol `mapUserFacingState` present; ,,,,,Static code evidence only; runtime not executed for this requirement,,
C2-2.2-002,2,2.2,No module may redefine these meanings.,Product Enforceable Requirement,Multiple,Code / Runtime / UI,UNVERIFIED / BLOCKED,Medium,,OSE-backend/src/engines/scope-prisma.factory.js:28-30 [these] sha256=113C6BD60CBA078A… — Keyword `these` from clause | OSE-backend/src/engines/scope-prisma.factory.js:53-55 [these] sha256=113C6BD60CBA078A… — Keyword `these` from clause | OSE-backend/src/services/auditWriter.service.js:14-16 [these] sha256=BB6DBBD6C0EB0EEF… — Keyword `these` from clause; ,,,,,Static code evidence only; runtime not executed for this requirement,,
C2-2.2-003,2,2.2,No module may introduce additional user-facing lifecycle states unless they are first ratified in this Constitution.,Product Enforceable Requirement,Multiple,Code / Runtime / UI,UNVERIFIED / BLOCKED,Medium,OSE-Frontend/src/app/features/dashboard/dashboard.component.ts:1056-1058 [introduce] sha256=1966ADDC5101DDB2… — Keyword `introduce` from clause; ,,,,,,Static code evidence only; runtime not executed for this requirement,,
C2-2.2-004,2,2.2,Draft Editable; no official operational or financial effect,Governance Definition,Governance Documentation,Documentation,NOT APPLICABLE,Info,,,,,Register category_bucket=Governance Definition verified unchanged,,"Governance definition — terminology, not product behavior",,
C2-2.2-005,2,2.2,Submitted Sent into review,Descriptive Context,N/A,Documentation,NOT APPLICABLE,Info,,,,,Register category_bucket=Descriptive Context verified unchanged,,Descriptive/context row — no product enforcement required,,
C2-2.2-006,2,2.2,In Review In an approval chain,Descriptive Context,N/A,Documentation,NOT APPLICABLE,Info,,,,,Register category_bucket=Descriptive Context verified unchanged,,Descriptive/context row — no product enforcement required,,
C2-2.2-007,2,2.2,Approved *Optional.* Used only when a document has a distinct business stage between final approval and posting,Descriptive Context,N/A,Documentation,NOT APPLICABLE,Info,,,,,Register category_bucket=Descriptive Context verified unchanged,,Descriptive/context row — no product enforcement required,,
C2-2.2-008,2,2.2,Posted Official operational and financial effects applied,Governance Definition,Governance Documentation,Documentation,NOT APPLICABLE,Info,,,,,Register category_bucket=Governance Definition verified unchanged,,"Governance definition — terminology, not product behavior",,
C2-2.2-009,2,2.2,Rejected Terminated; no resubmission of the same document,Descriptive Context,N/A,Documentation,NOT APPLICABLE,Info,,,,,Register category_bucket=Descriptive Context verified unchanged,,Descriptive/context row — no product enforcement required,,
C2-2.2-010,2,2.2,Returned Sent back to creator for correction (Send Back),Descriptive Context,N/A,Documentation,NOT APPLICABLE,Info,,,,,Register category_bucket=Descriptive Context verified unchanged,,Descriptive/context row — no product enforcement required,,
C2-2.2-011,2,2.2,Void Formally cancelled before becoming part of the permanent business record,Descriptive Context,N/A,Documentation,NOT APPLICABLE,Info,,,,,Register category_bucket=Descriptive Context verified unchanged,,Descriptive/context row — no product enforcement required,,
C2-2.2-012,2,2.2,Cancel is an action.,Descriptive Context,N/A,Documentation,NOT APPLICABLE,Info,,,,,Register category_bucket=Descriptive Context verified unchanged,,Descriptive/context row — no product enforcement required,,
C2-2.2-013,2,2.2,Void is the lifecycle state resulting from cancellation before the document enters the governed permanent record.,Descriptive Context,N/A,Documentation,NOT APPLICABLE,Info,,,,,Register category_bucket=Descriptive Context verified unchanged,,Descriptive/context row — no product enforcement required,,
C2-2.2-014,2,2.2,A separate user-facing state named Cancelled shall not be introduced unless ratified in this Constitution (*see BDR-007*).,Excluded Pending Ratification,Governance Documentation,Exclusion register,NOT APPLICABLE,Info,,,,,Register category_bucket=Excluded Pending Ratification verified unchanged,,Excluded pending ratification,,
C2-2.3-001,2,2.3,Each module shall provide a consistent mapping between internal workflow states and standardized user-facing lifecycle states.,Product Enforceable Requirement,Multiple,Code / Runtime / UI,UNVERIFIED / BLOCKED,Medium,OSE-Frontend/src/app/core/utils/constitution-lifecycle.util.ts:15-15 [constitutionUserFacingStateLabel] sha256=941FCAC9A336A56D… — Required symbol `constitutionUserFacingStateLabel` present; ,OSE-backend/src/platform/lifecyclePresentation.service.js:86-86 [mapUserFacingState] sha256=59C396F9812F21C0… — Required symbol `mapUserFacingState` present; ,,,,,Static code evidence only; runtime not executed for this requirement,,
C2-2.3-002,2,2.3,"Internal workflow identifiers, status codes, enum names, workflow step names, and other implementation details must never be exposed to end users.",Product Enforceable Requirement,Multiple,Code / Runtime / UI,FAIL,High,"OSE-Frontend/src/app/features/lost-items/lost-items-detail/lost-items-detail.component.html:18-20 [LOST_ITEMS.STATUS] — raw enum key in template, not constitutionUserFacingStateLabel() | OSE-Frontend/src/app/features/lost-items/lost-items-list/lost-items-list.component.html:144-146,199-201 [LOST_ITEMS.STATUS] — raw enum keys in list",,,,,,Lost Items render LOST_ITEMS.STATUS.{enum} instead of constitution lifecycle mapper,FIND-001,
C2-2.3-003,2,2.3,Identical business outcomes shall always resolve to the same standardized user-facing lifecycle state across the DX OSE platform.,Product Enforceable Requirement,Multiple,Code / Runtime / UI,UNVERIFIED / BLOCKED,Medium,,OSE-backend/src/middleware/upload.middleware.js:82-84 [identical] sha256=6E642AD22DF15EA5… — Keyword `identical` from clause | OSE-backend/src/services/item.service.js:1541-1543 [identical] sha256=BE0E80A7F00664DF… — Keyword `identical` from clause; ,,,,,Static code evidence only; runtime not executed for this requirement,,
C2-2.4.1-001,2,2.4.1,Posting is the single business commit point for all operational and financial effects within the DX OSE ERP Platform.,Descriptive Context,N/A,Documentation,NOT APPLICABLE,Info,,,,,Register category_bucket=Descriptive Context verified unchanged,,Descriptive/context row — no product enforcement required,,
C2-2.4.1-002,2,2.4.1,No operational or financial effect shall be considered official before Posting unless this Constitution explicitly states otherwise.,Product Enforceable Requirement,Multiple,Code / Runtime / UI,UNVERIFIED / BLOCKED,Medium,,OSE-backend/src/acc-authority/base-role-permissions.js:9-11 [operational] sha256=6F8EB68A4ED527B7… — Keyword `operational` from clause | OSE-backend/src/acc-authority/step-permission-enforcement.js:3-5 [operational] sha256=494B03743715364D… — Keyword `operational` from clause | OSE-backend/src/constants/role-codes.constants.js:37-39 [operational] sha256=C121869F96BB7FE3… — Keyword `operational` from clause; ,,,,,Static code evidence only; runtime not executed for this requirement,,
C2-2.4.2-001,2,2.4.2,"Operational reports represent official business results, including stock balance, inventory ledger, inventory movement history, inventory valuation, and financial inventory reports.",Descriptive Context,N/A,Documentation,NOT APPLICABLE,Info,,,,,Register category_bucket=Descriptive Context verified unchanged,,Descriptive/context row — no product enforcement required,,
C2-2.4.2-002,2,2.4.2,Rule: Operational reports shall derive operational and financial results exclusively from Posted documents.,Product Enforceable Requirement,Multiple,Code / Runtime / UI,UNVERIFIED / BLOCKED,Medium,,OSE-backend/src/acc-authority/base-role-permissions.js:9-11 [operational] sha256=6F8EB68A4ED527B7… — Keyword `operational` from clause | OSE-backend/src/acc-authority/step-permission-enforcement.js:3-5 [operational] sha256=494B03743715364D… — Keyword `operational` from clause | OSE-backend/src/constants/role-codes.constants.js:37-39 [operational] sha256=C121869F96BB7FE3… — Keyword `operational` from clause; ,,,,,Static code evidence only; runtime not executed for this requirement,,
C2-2.4.3-001,2,2.4.3,"Workflow reports represent workflow progress and operational monitoring (pending approvals, finance/GM queues, reviewer packs, SLA dashboards, draft monitoring).",Descriptive Context,N/A,Documentation,NOT APPLICABLE,Info,,,,,Register category_bucket=Descriptive Context verified unchanged,,Descriptive/context row — no product enforcement required,,
C2-2.4.3-002,2,2.4.3,"Rule: Workflow reports may include Draft, Submitted, In Review, Returned, Rejected, Posted, and other lifecycle states according to business requirements.",Optional Capability,Runtime Behavior,Runtime,NOT APPLICABLE,Info,,,,,Register category_bucket=Optional Capability verified unchanged,,Optional capability — not mandatory for compliance,,
C2-2.4.4-001,2,2.4.4,Evidence Package is not a reporting category.,Descriptive Context,N/A,Documentation,NOT APPLICABLE,Info,,,,,Register category_bucket=Descriptive Context verified unchanged,,Descriptive/context row — no product enforcement required,,
C2-2.4.4-002,2,2.4.4,"It comprises document-level proof artifacts (PDF, print output, evidence export, timeline, audit trail, supporting attachments) for one document.",Descriptive Context,N/A,Documentation,NOT APPLICABLE,Info,,,,,Register category_bucket=Descriptive Context verified unchanged,,Descriptive/context row — no product enforcement required,,
C2-2.4.4-003,2,2.4.4,It is governed under Document Composition and Audit chapters.,Descriptive Context,N/A,Documentation,NOT APPLICABLE,Info,,,,,Register category_bucket=Descriptive Context verified unchanged,,Descriptive/context row — no product enforcement required,,
C2-2.4.5-001,2,2.4.5,Inventory reservation is governed by business policy.,Descriptive Context,N/A,Documentation,NOT APPLICABLE,Info,,,,,Register category_bucket=Descriptive Context verified unchanged,,Descriptive/context row — no product enforcement required,,
C2-2.4.5-002,2,2.4.5,The default DX OSE behavior is no reservation before Posting unless explicitly defined by a ratified business policy.,Descriptive Context,N/A,Documentation,NOT APPLICABLE,Info,,,,,Register category_bucket=Descriptive Context verified unchanged,,Descriptive/context row — no product enforcement required,,
C2-2.5-001,2,2.5,"Editability shall be governed exclusively by document lifecycle state, not by individual screen implementations.",Product Enforceable Requirement,Multiple,Code / Runtime / UI,UNVERIFIED / BLOCKED,Medium,,OSE-backend/src/constants/governed-movement.constants.js:1-3 [governed] sha256=A5995B3AA9290D0F… — Keyword `governed` from clause | OSE-backend/src/constants/governed-movement.constants.js:14-16 [governed] sha256=A5995B3AA9290D0F… — Keyword `governed` from clause | OSE-backend/src/constants/governed-movement.constants.js:19-21 [governed] sha256=A5995B3AA9290D0F… — Keyword `governed` from clause; ,,,,,Static code evidence only; runtime not executed for this requirement,,
C2-2.6-001,2,2.6,Delete is permitted only while the document is in Draft.,Descriptive Context,N/A,Documentation,NOT APPLICABLE,Info,,,,,Register category_bucket=Descriptive Context verified unchanged,,Descriptive/context row — no product enforcement required,,
C2-2.6-002,2,2.6,"Once a document leaves Draft, Delete must not be available.",Product Enforceable Requirement,Multiple,Code / Runtime / UI,UNVERIFIED / BLOCKED,Medium,,OSE-backend/src/platform/draftGovernance.service.js:106-106 [assertDraftEditable] sha256=13CD0E2AABF0DB80… — Required symbol `assertDraftEditable` present; ,,,,,Static code evidence only; runtime not executed for this requirement,,
C2-2.6-003,2,2.6,"Business termination shall use governed lifecycle actions (Cancel, Reject, Void, Close, etc.).",Product Enforceable Requirement,Multiple,Code / Runtime / UI,UNVERIFIED / BLOCKED,Medium,,OSE-backend/src/platform/errorRegistry.js:8-10 [business] sha256=02E54C4F77935206… — Keyword `business` from clause | OSE-backend/src/platform/postingPeriod.util.js:3-5 [business] sha256=5A7E84ABCD934510… — Keyword `business` from clause | OSE-backend/src/services/auth.service.js:11-13 [business] sha256=F38ED8A685ACB53B… — Keyword `business` from clause; ,,,,,Static code evidence only; runtime not executed for this requirement,,
C2-2.6-004,2,2.6,Deletion permanently removes a document before it becomes part of the business record.,Descriptive Context,N/A,Documentation,NOT APPLICABLE,Info,,,,,Register category_bucket=Descriptive Context verified unchanged,,Descriptive/context row — no product enforcement required,,
C2-2.6-005,2,2.6,"Once a document enters the governed lifecycle, business termination actions shall replace deletion.",Product Enforceable Requirement,Multiple,Code / Runtime / UI,UNVERIFIED / BLOCKED,Medium,,OSE-backend/src/services/grn.service.js:124-126 [enters] sha256=2480405F4B0BAF57… — Keyword `enters` from clause | OSE-backend/src/services/pdf/report-pdf-audit-shell.js:2507-2509 [enters] sha256=6C3AE737A3359E06… — Keyword `enters` from clause | OSE-backend/src/services/pdf/report-pdf-audit-shell.js:2508-2510 [enters] sha256=6C3AE737A3359E06… — Keyword `enters` from clause; ,,,,,Static code evidence only; runtime not executed for this requirement,,
C2-2.7-001,2,2.7,After Return: Edit → Submit.,Descriptive Context,N/A,Documentation,NOT APPLICABLE,Info,,,,,Register category_bucket=Descriptive Context verified unchanged,,Descriptive/context row — no product enforcement required,,
C2-2.7-002,2,2.7,There shall be no separate action named Re-submit.,Product Enforceable Requirement,Multiple,Code / Runtime / UI,UNVERIFIED / BLOCKED,Medium,,OSE-backend/src/routes/grn.routes.js:3-3 [router] sha256=AD14622E48009515… — Required symbol `router` present; OSE-backend/src/services/grn.service.js:610-610 [sendBackGrn] sha256=2480405F4B0BAF57… — Required symbol `sendBackGrn` present; ,,,,,Static code evidence only; runtime not executed for this requirement,,
C2-2.7-003,2,2.7,"Submit always represents entering the workflow, whether for the first time or after Return.",Descriptive Context,N/A,Documentation,NOT APPLICABLE,Info,,,,,Register category_bucket=Descriptive Context verified unchanged,,Descriptive/context row — no product enforcement required,,
C2-2.7-004,2,2.7,"After Reject, the same document must not re-enter workflow.",Product Enforceable Requirement,Multiple,Code / Runtime / UI,UNVERIFIED / BLOCKED,Medium,,OSE-backend/src/controllers/breakage.controller.js:78-80 [after] sha256=033635D0463754CB… — Keyword `after` from clause | OSE-backend/src/controllers/breakage.controller.js:90-92 [after] sha256=033635D0463754CB… — Keyword `after` from clause | OSE-backend/src/controllers/integrity.controller.js:39-41 [after] sha256=385B89D935F00AAE… — Keyword `after` from clause; ,,,,,Static code evidence only; runtime not executed for this requirement,,
C2-2.7-005,2,2.7,A new document is required.,Descriptive Context,N/A,Documentation,NOT APPLICABLE,Info,,,,,Register category_bucket=Descriptive Context verified unchanged,,Descriptive/context row — no product enforcement required,,
C2-2.8-001,2,2.8,"Every document detail view shall present a unified timeline showing, as applicable: current state, workflow step, actor, date and time, mandatory reasons, workflow comments, system events, and duration (when applicable).",Product Enforceable Requirement,Multiple,Code / Runtime / UI,UNVERIFIED / BLOCKED,Info,,OSE-backend/src/platform/documentTimeline.service.js:373-373 [getDocumentTimeline] sha256=71CBADDB46539F8B… — Required symbol `getDocumentTimeline` present; ,,,,grand-horizon (Hotel A) + dx-airport-hotel (Hotel B) where probed,Closeout: unsupported PASS removed — not in closeout-verified PASS allowlist,,
C2-2.9-001,2,2.9,Cancel Creator action Void (per Ch. 2.2),Descriptive Context,N/A,Documentation,NOT APPLICABLE,Info,,,,,Register category_bucket=Descriptive Context verified unchanged,,Descriptive/context row — no product enforcement required,,
C2-2.9-002,2,2.9,Reject Reviewer workflow action Rejected,Descriptive Context,N/A,Documentation,NOT APPLICABLE,Info,,,,,Register category_bucket=Descriptive Context verified unchanged,,Descriptive/context row — no product enforcement required,,
C2-2.9-003,2,2.9,Close Lifecycle completion action Closed,Descriptive Context,N/A,Documentation,NOT APPLICABLE,Info,,,,,Register category_bucket=Descriptive Context verified unchanged,,Descriptive/context row — no product enforcement required,,
C2-2.10-001,2,2.10,"Workflow engine implementation, state machine design, database schema, API contracts, technical implementation details — Architecture & Implementation Guides.",Out of Scope,N/A,N/A,NOT APPLICABLE,Info,,,,,Register category_bucket=Out of Scope verified unchanged,,Constitution marks out of scope for product layer,,
C3-3.1-001,3,3.1,Users shall see only the actions they need for their role and document state.,Product Enforceable Requirement,Multiple,Code / Runtime / UI,UNVERIFIED / BLOCKED,Medium,,,,RS-WF-001=Failed (current session) — insufficient to prove defect,,grand-horizon (Hotel A) + dx-airport-hotel (Hotel B) where probed,HTTP 403 alone does not prove defect; response body not captured; effective assignment not proven; department scope not proven; workflow assignment/state not proven; rejection reason unknown,,
C3-3.1-002,3,3.1,Action behavior shall remain consistent across all DX OSE modules regardless of workflow implementation.,Product Enforceable Requirement,Multiple,Code / Runtime / UI,UNVERIFIED / BLOCKED,Medium,,OSE-backend/src/acc-authority/catalog.constitution.js:49-51 [action] sha256=88A18C81F472DDF3… — Keyword `action` from clause | OSE-backend/src/acc-authority/catalog.constitution.js:72-74 [action] sha256=88A18C81F472DDF3… — Keyword `action` from clause | OSE-backend/src/acc-authority/catalog.constitution.js:73-75 [action] sha256=88A18C81F472DDF3… — Keyword `action` from clause; ,,,,,Static code evidence only; runtime not executed for this requirement,,
C3-3.1-003,3,3.1,No module may invent alternative names for standard actions unless ratified in this Constitution.,Product Enforceable Requirement,Multiple,Code / Runtime / UI,UNVERIFIED / BLOCKED,Medium,,OSE-backend/src/acc-authority/base-role-permissions.js:13-15 [invent] sha256=6F8EB68A4ED527B7… — Keyword `invent` from clause | OSE-backend/src/acc-authority/base-role-permissions.js:19-21 [invent] sha256=6F8EB68A4ED527B7… — Keyword `invent` from clause | OSE-backend/src/acc-authority/base-role-permissions.js:23-25 [invent] sha256=6F8EB68A4ED527B7… — Keyword `invent` from clause; ,,,,,Static code evidence only; runtime not executed for this requirement,,
C3-3.2-001,3,3.2,"Save Draft, Submit, Cancel.",Descriptive Context,N/A,Documentation,NOT APPLICABLE,Info,,,,,Register category_bucket=Descriptive Context verified unchanged,,Descriptive/context row — no product enforcement required,,
C3-3.2-002,3,3.2,"Cancel is an action, not a lifecycle state.",Descriptive Context,N/A,Documentation,NOT APPLICABLE,Info,,,,,Register category_bucket=Descriptive Context verified unchanged,,Descriptive/context row — no product enforcement required,,
C3-3.2-003,3,3.2,"Alternative labels with the same meaning (Abort, Discard, Cancel Document) must not be used.",Product Enforceable Requirement,Multiple,Code / Runtime / UI,UNVERIFIED / BLOCKED,Medium,,OSE-backend/src/utils/validators.js:266-268 [alternative] sha256=5FBBA6DE83599FFB… — Keyword `alternative` from clause; ,,,,,Static code evidence only; runtime not executed for this requirement,,
C3-3.3-001,3,3.3,"Approve, Send Back, Reject.",Descriptive Context,N/A,Documentation,NOT APPLICABLE,Info,,,,,Register category_bucket=Descriptive Context verified unchanged,,Descriptive/context row — no product enforcement required,,
C3-3.3-002,3,3.3,Reviewer actions shall be available only while the document is actively assigned to the current reviewer according to workflow definition and the permission model.,Product Enforceable Requirement,Multiple,Code / Runtime / UI,UNVERIFIED / BLOCKED,Medium,,,,RS-WF-001=Failed (current session) — insufficient to prove defect,,grand-horizon (Hotel A) + dx-airport-hotel (Hotel B) where probed,HTTP 403 alone does not prove defect; response body not captured; effective assignment not proven; department scope not proven; workflow assignment/state not proven; rejection reason unknown,,
C3-3.4-001,3,3.4,Ends document No Yes,Descriptive Context,N/A,Documentation,NOT APPLICABLE,Info,,,,,Register category_bucket=Descriptive Context verified unchanged,,Descriptive/context row — no product enforcement required,,
C3-3.4-002,3,3.4,Allows edit Yes No,Descriptive Context,N/A,Documentation,NOT APPLICABLE,Info,,,,,Register category_bucket=Descriptive Context verified unchanged,,Descriptive/context row — no product enforcement required,,
C3-3.4-003,3,3.4,Reason required Yes Yes,Descriptive Context,N/A,Documentation,NOT APPLICABLE,Info,,,,,Register category_bucket=Descriptive Context verified unchanged,,Descriptive/context row — no product enforcement required,,
C3-3.4-004,3,3.4,Next step Edit → Submit New document if operation repeats,Governance Definition,Governance Documentation,Documentation,NOT APPLICABLE,Info,,,,,Register category_bucket=Governance Definition verified unchanged,,"Governance definition — terminology, not product behavior",,
C3-3.4-005,3,3.4,Business transaction Continues Terminates,Descriptive Context,N/A,Documentation,NOT APPLICABLE,Info,,,,,Register category_bucket=Descriptive Context verified unchanged,,Descriptive/context row — no product enforcement required,,
C3-3.5-001,3,3.5,There shall be only one primary action for the current document state.,Product Enforceable Requirement,Multiple,Code / Runtime / UI,UNVERIFIED / BLOCKED,Medium,OSE-backend/src/services/reports.service.js:705-707 [there] sha256=E2ABEC8CBDF9C33B… — Keyword `there` from clause | OSE-Frontend/src/app/features/admin/user-rights/user-rights.component.html:680-682 [there] sha256=B4D649A66E2B0A99… — Keyword `there` from clause | OSE-Frontend/src/app/features/dashboard/dashboard.component.ts:401-403 [there] sha256=1966ADDC5101DDB2… — Keyword `there` from clause; ,,,,,,Static code evidence only; runtime not executed for this requirement,,
C3-3.6-001,3,3.6,Primary → Secondary → Neutral → Danger,Descriptive Context,N/A,Documentation,NOT APPLICABLE,Info,,,,,Register category_bucket=Descriptive Context verified unchanged,,Descriptive/context row — no product enforcement required,,
C3-3.7-001,3,3.7,Workflow Contracts & ACC | Who; when; routing; next step,Governance Definition,Governance Documentation,Documentation,NOT APPLICABLE,Info,,,,,Register category_bucket=Governance Definition verified unchanged,,"Governance definition — terminology, not product behavior",,
C3-3.7-002,3,3.7,This Constitution | Meaning; behavior; terminology; confirmation rules; mandatory reasons; user expectations,Governance Definition,Governance Documentation,Documentation,NOT APPLICABLE,Info,,,,,Register category_bucket=Governance Definition verified unchanged,,"Governance definition — terminology, not product behavior",,
C3-3.8-001,3,3.8,"Icons, colors, visual styling, animations — DX OSE UX Constitution.",Out of Scope,N/A,N/A,NOT APPLICABLE,Info,,,,,Register category_bucket=Out of Scope verified unchanged,,Constitution marks out of scope for product layer,,
C4-4.1-001,4,4.1,"Operation permissions govern authorization only and shall never replace workflow validation, lifecycle validation, or business rule enforcement.",Product Enforceable Requirement,Multiple,Code / Runtime / UI,UNVERIFIED / BLOCKED,Medium,,OSE-backend/src/platform/movementApprovalAction.guard.js:79-79 [workflow] sha256=389AD102D90A0C1E… — Required symbol `workflow` present; OSE-backend/src/middleware/authorize.js:109-109 [requirePermission] sha256=638A048083F078AB… — Required symbol `requirePermission` present; ,,,,,Static code evidence only; runtime not executed for this requirement,,
C4-4.1-002,4,4.1,The Access Control Catalog (ACC) is the single source of truth for permissions.,Descriptive Context,N/A,Documentation,NOT APPLICABLE,Info,,,,,Register category_bucket=Descriptive Context verified unchanged,,Descriptive/context row — no product enforcement required,,
C4-4.2-001,4,4.2,View,Governance Definition,Governance Documentation,Documentation,NOT APPLICABLE,Info,,,,,Register category_bucket=Governance Definition verified unchanged,,"Governance definition — terminology, not product behavior",,
C4-4.2-002,4,4.2,Create,Governance Definition,Governance Documentation,Documentation,NOT APPLICABLE,Info,,,,,Register category_bucket=Governance Definition verified unchanged,,"Governance definition — terminology, not product behavior",,
C4-4.2-003,4,4.2,Edit,Governance Definition,Governance Documentation,Documentation,NOT APPLICABLE,Info,,,,,Register category_bucket=Governance Definition verified unchanged,,"Governance definition — terminology, not product behavior",,
C4-4.2-004,4,4.2,Delete,Governance Definition,Governance Documentation,Documentation,NOT APPLICABLE,Info,,,,,Register category_bucket=Governance Definition verified unchanged,,"Governance definition — terminology, not product behavior",,
C4-4.2-005,4,4.2,Submit,Governance Definition,Governance Documentation,Documentation,NOT APPLICABLE,Info,,,,,Register category_bucket=Governance Definition verified unchanged,,"Governance definition — terminology, not product behavior",,
C4-4.2-006,4,4.2,Approve,Governance Definition,Governance Documentation,Documentation,NOT APPLICABLE,Info,,,,,Register category_bucket=Governance Definition verified unchanged,,"Governance definition — terminology, not product behavior",,
C4-4.2-007,4,4.2,Reject,Governance Definition,Governance Documentation,Documentation,NOT APPLICABLE,Info,,,,,Register category_bucket=Governance Definition verified unchanged,,"Governance definition — terminology, not product behavior",,
C4-4.2-008,4,4.2,Send Back,Governance Definition,Governance Documentation,Documentation,NOT APPLICABLE,Info,,,,,Register category_bucket=Governance Definition verified unchanged,,"Governance definition — terminology, not product behavior",,
C4-4.2-009,4,4.2,Cancel,Governance Definition,Governance Documentation,Documentation,NOT APPLICABLE,Info,,,,,Register category_bucket=Governance Definition verified unchanged,,"Governance definition — terminology, not product behavior",,
C4-4.2-010,4,4.2,Post,Governance Definition,Governance Documentation,Documentation,NOT APPLICABLE,Info,,,,,Register category_bucket=Governance Definition verified unchanged,,"Governance definition — terminology, not product behavior",,
C4-4.2-011,4,4.2,Reopen,Governance Definition,Governance Documentation,Documentation,NOT APPLICABLE,Info,,,,,Register category_bucket=Governance Definition verified unchanged,,"Governance definition — terminology, not product behavior",,
C4-4.2-012,4,4.2,Close,Governance Definition,Governance Documentation,Documentation,NOT APPLICABLE,Info,,,,,Register category_bucket=Governance Definition verified unchanged,,"Governance definition — terminology, not product behavior",,
C4-4.2-013,4,4.2,Archive,Governance Definition,Governance Documentation,Documentation,NOT APPLICABLE,Info,,,,,Register category_bucket=Governance Definition verified unchanged,,"Governance definition — terminology, not product behavior",,
C4-4.2-014,4,4.2,Print,Governance Definition,Governance Documentation,Documentation,NOT APPLICABLE,Info,,,,,Register category_bucket=Governance Definition verified unchanged,,"Governance definition — terminology, not product behavior",,
C4-4.2-015,4,4.2,Export,Governance Definition,Governance Documentation,Documentation,NOT APPLICABLE,Info,,,,,Register category_bucket=Governance Definition verified unchanged,,"Governance definition — terminology, not product behavior",,
C4-4.2-016,4,4.2,Attach,Governance Definition,Governance Documentation,Documentation,NOT APPLICABLE,Info,,,,,Register category_bucket=Governance Definition verified unchanged,,"Governance definition — terminology, not product behavior",,
C4-4.2-017,4,4.2,View Audit.,Governance Definition,Governance Documentation,Documentation,NOT APPLICABLE,Info,,,,,Register category_bucket=Governance Definition verified unchanged,,"Governance definition — terminology, not product behavior",,
C4-4.2-018,4,4.2,"Evidence Package is part of document representation, not an independent business operation, and does not require a separate permission in the current DX OSE release.",Descriptive Context,N/A,Documentation,NOT APPLICABLE,Info,,,,,Register category_bucket=Descriptive Context verified unchanged,,Descriptive/context row — no product enforcement required,,
C4-4.3-001,4,4.3,Permissions shall never bypass document lifecycle rules.,Product Enforceable Requirement,Multiple,Code / Runtime / UI,UNVERIFIED / BLOCKED,Medium,,OSE-backend/src/platform/movementApprovalAction.guard.js:79-79 [workflow] sha256=389AD102D90A0C1E… — Required symbol `workflow` present; OSE-backend/src/middleware/authorize.js:109-109 [requirePermission] sha256=638A048083F078AB… — Required symbol `requirePermission` present; ,,,,,Static code evidence only; runtime not executed for this requirement,,
C4-4.3-002,4,4.3,"Permissions grant eligibility, not execution authority.",Product Enforceable Requirement,Multiple,Code / Runtime / UI,UNVERIFIED / BLOCKED,Medium,,OSE-backend/src/acc-authority/base-role-permissions.js:4-6 [permissions] sha256=6F8EB68A4ED527B7… — Keyword `permissions` from clause | OSE-backend/src/acc-authority/base-role-permissions.js:10-12 [permissions] sha256=6F8EB68A4ED527B7… — Keyword `permissions` from clause | OSE-backend/src/acc-authority/base-role-permissions.js:17-19 [permissions] sha256=6F8EB68A4ED527B7… — Keyword `permissions` from clause; ,,,,,Static code evidence only; runtime not executed for this requirement,,
C4-4.3-003,4,4.3,Action Allowed = Permission + Workflow + Lifecycle + Business Rules + Scope.,Product Enforceable Requirement,Multiple,Code / Runtime / UI,UNVERIFIED / BLOCKED,Medium,,,,RS-WF-001=Failed (current session) — insufficient to prove defect,,grand-horizon (Hotel A) + dx-airport-hotel (Hotel B) where probed,HTTP 403 alone does not prove defect; response body not captured; effective assignment not proven; department scope not proven; workflow assignment/state not proven; rejection reason unknown,,
C4-4.3-004,4,4.3,Modules shall not introduce alternative operation names for standardized operations.,Product Enforceable Requirement,Multiple,Code / Runtime / UI,UNVERIFIED / BLOCKED,Medium,,OSE-backend/src/acc-runtime/index.js:27-29 [modules] sha256=9C00ACFCB60CE764… — Keyword `modules` from clause | OSE-backend/src/acc-runtime/index.js:49-51 [modules] sha256=9C00ACFCB60CE764… — Keyword `modules` from clause | OSE-backend/src/controllers/accWorkflowConfig.controller.js:8-10 [modules] sha256=55853A223CB12D1B… — Keyword `modules` from clause; ,,,,,Static code evidence only; runtime not executed for this requirement,,
C4-4.4-001,4,4.4,"Permission key naming, role matrix maintenance, role hierarchy, permission inheritance, technical authorization implementation — ACC.",Out of Scope,N/A,N/A,NOT APPLICABLE,Info,,,,,Register category_bucket=Out of Scope verified unchanged,,Constitution marks out of scope for product layer,,
C5-5.1-001,5,5.1,Posting is the single irreversible business commit point for all operational and financial effects within the DX OSE Platform.,Descriptive Context,N/A,Documentation,NOT APPLICABLE,Info,,,,,Register category_bucket=Descriptive Context verified unchanged,,Descriptive/context row — no product enforcement required,,
C5-5.1-002,5,5.1,Posting is the only operation permitted to create official operational and financial business effects.,Product Enforceable Requirement,Runtime Behavior,Documentation,UNVERIFIED / BLOCKED,Info,,OSE-backend/src/controllers/issue.controller.js:59-61 [posting] sha256=7AAB6F16472B9AE3… — Keyword `posting` from clause | OSE-backend/src/controllers/movement.controller.js:164-166 [posting] sha256=4302FCEDC2E38A97… — Keyword `posting` from clause | OSE-backend/src/controllers/stockReport.controller.js:4-6 [posting] sha256=5C6B7CF381E986D8… — Keyword `posting` from clause; ,,,,,Closeout: unsupported PASS removed — not in closeout-verified PASS allowlist,,
C5-5.1-003,5,5.1,Documents become business-immutable after Posting except through formally governed reversal or adjustment procedures.,Product Enforceable Requirement,Multiple,Documentation,PASS,Info,,OSE-backend/src/services/grn.service.js + posting.service.js — POSTED read-only enforced at API (RS-POST-001),,RS-POST-001=Passed (GATE_B_CURRENT_SESSION_RUNTIME.json): PATCH posted GRN → HTTP 423 'GRN is POSTED and is fully read-only.',,grand-horizon,,,
C5-5.2-001,5,5.2,"Before Posting, the platform shall verify: user authority",Product Enforceable Requirement,Multiple,Code / Runtime / UI,UNVERIFIED / BLOCKED,Medium,,OSE-backend/src/constants/governed-movement.constants.js:14-16 [before] sha256=A5995B3AA9290D0F… — Keyword `before` from clause | OSE-backend/src/constants/grnStatus.js:8-10 [before] sha256=29A7B8A311E7456E… — Keyword `before` from clause | OSE-backend/src/controllers/userRights.controller.js:399-401 [before] sha256=BA6D60428818E5AC… — Keyword `before` from clause; ,,,,,Static code evidence only; runtime not executed for this requirement,,
C5-5.2-002,5,5.2,"Before Posting, the platform shall verify: valid workflow state",Product Enforceable Requirement,Multiple,Code / Runtime / UI,UNVERIFIED / BLOCKED,Medium,,OSE-backend/src/constants/governed-movement.constants.js:14-16 [before] sha256=A5995B3AA9290D0F… — Keyword `before` from clause | OSE-backend/src/constants/grnStatus.js:8-10 [before] sha256=29A7B8A311E7456E… — Keyword `before` from clause | OSE-backend/src/controllers/userRights.controller.js:399-401 [before] sha256=BA6D60428818E5AC… — Keyword `before` from clause; ,,,,,Static code evidence only; runtime not executed for this requirement,,
C5-5.2-003,5,5.2,"Before Posting, the platform shall verify: open inventory/financial period (Posting Date)",Product Enforceable Requirement,Multiple,Code / Runtime / UI,UNVERIFIED / BLOCKED,Medium,,OSE-backend/src/constants/governed-movement.constants.js:14-16 [before] sha256=A5995B3AA9290D0F… — Keyword `before` from clause | OSE-backend/src/constants/grnStatus.js:8-10 [before] sha256=29A7B8A311E7456E… — Keyword `before` from clause | OSE-backend/src/controllers/userRights.controller.js:399-401 [before] sha256=BA6D60428818E5AC… — Keyword `before` from clause; ,,,,,Static code evidence only; runtime not executed for this requirement,,
C5-5.2-004,5,5.2,"Before Posting, the platform shall verify: full document revalidation",Product Enforceable Requirement,Multiple,Code / Runtime / UI,UNVERIFIED / BLOCKED,Medium,,OSE-backend/src/constants/governed-movement.constants.js:14-16 [before] sha256=A5995B3AA9290D0F… — Keyword `before` from clause | OSE-backend/src/constants/grnStatus.js:8-10 [before] sha256=29A7B8A311E7456E… — Keyword `before` from clause | OSE-backend/src/controllers/userRights.controller.js:399-401 [before] sha256=BA6D60428818E5AC… — Keyword `before` from clause; ,,,,,Static code evidence only; runtime not executed for this requirement,,
C5-5.2-005,5,5.2,"Before Posting, the platform shall verify: stock availability for outbound documents",Product Enforceable Requirement,Multiple,Code / Runtime / UI,UNVERIFIED / BLOCKED,Medium,,OSE-backend/src/constants/governed-movement.constants.js:14-16 [before] sha256=A5995B3AA9290D0F… — Keyword `before` from clause | OSE-backend/src/constants/grnStatus.js:8-10 [before] sha256=29A7B8A311E7456E… — Keyword `before` from clause | OSE-backend/src/controllers/userRights.controller.js:399-401 [before] sha256=BA6D60428818E5AC… — Keyword `before` from clause; ,,,,,Static code evidence only; runtime not executed for this requirement,,
C5-5.2-006,5,5.2,Final validation — full revalidation immediately before Posting regardless of prior validation.,Product Enforceable Requirement,Multiple,Code / Runtime / UI,UNVERIFIED / BLOCKED,Medium,,OSE-backend/src/acc-authority/base-role-permissions.js:31-33 [final] sha256=6F8EB68A4ED527B7… — Keyword `final` from clause | OSE-backend/src/acc-authority/base-role-permissions.js:92-94 [final] sha256=6F8EB68A4ED527B7… — Keyword `final` from clause | OSE-backend/src/acc-authority/base-role-permissions.js:98-100 [final] sha256=6F8EB68A4ED527B7… — Keyword `final` from clause; ,,,,,Static code evidence only; runtime not executed for this requirement,,
C5-5.2-007,5,5.2,Transaction boundary — single transactional boundary,Product Enforceable Requirement,Multiple,Code / Runtime / UI,UNVERIFIED / BLOCKED,Medium,,OSE-backend/src/controllers/getPass.controller.js:7-9 [transaction] sha256=525FCD6DBA33AF14… — Keyword `transaction` from clause | OSE-backend/src/controllers/grn.controller.js:85-87 [transaction] sha256=5E9468C8607E1020… — Keyword `transaction` from clause | OSE-backend/src/controllers/userRights.controller.js:147-149 [transaction] sha256=BA6D60428818E5AC… — Keyword `transaction` from clause; ,,,,,Static code evidence only; runtime not executed for this requirement,,
C5-5.2-008,5,5.2,Atomicity — any failure leaves document and related business data completely unchanged.,Product Enforceable Requirement,Multiple,Code / Runtime / UI,UNVERIFIED / BLOCKED,Medium,,OSE-backend/src/services/posting.service.js:53-55 [atomicity] sha256=63D10DA47B217C0E… — Keyword `atomicity` from clause; ,,,,,Static code evidence only; runtime not executed for this requirement,,
C5-5.2-009,5,5.2,Idempotency — repeating the same posting request shall never create additional effects.,Product Enforceable Requirement,Multiple,Code / Runtime / UI,UNVERIFIED / BLOCKED,Medium,,OSE-backend/src/controllers/issue.controller.js:59-61 [posting] sha256=7AAB6F16472B9AE3… — Keyword `posting` from clause | OSE-backend/src/controllers/movement.controller.js:164-166 [posting] sha256=4302FCEDC2E38A97… — Keyword `posting` from clause | OSE-backend/src/controllers/stockReport.controller.js:4-6 [posting] sha256=5C6B7CF381E986D8… — Keyword `posting` from clause; ,,,,,Static code evidence only; runtime not executed for this requirement,,
C5-5.2-010,5,5.2,Posting trigger — Posting is automatically triggered upon successful final workflow approval unless a document-specific governance policy defines otherwise.,Product Enforceable Requirement,Multiple,Code / Runtime / UI,UNVERIFIED / BLOCKED,Medium,,OSE-backend/src/controllers/issue.controller.js:59-61 [posting] sha256=7AAB6F16472B9AE3… — Keyword `posting` from clause | OSE-backend/src/controllers/movement.controller.js:164-166 [posting] sha256=4302FCEDC2E38A97… — Keyword `posting` from clause | OSE-backend/src/controllers/stockReport.controller.js:4-6 [posting] sha256=5C6B7CF381E986D8… — Keyword `posting` from clause; ,,,,,Static code evidence only; runtime not executed for this requirement,,
C5-5.2-011,5,5.2,Final Workflow Approval = business authorization for Posting.,Product Enforceable Requirement,Multiple,Code / Runtime / UI,UNVERIFIED / BLOCKED,Medium,,OSE-backend/src/acc-authority/base-role-permissions.js:31-33 [final] sha256=6F8EB68A4ED527B7… — Keyword `final` from clause | OSE-backend/src/acc-authority/base-role-permissions.js:92-94 [final] sha256=6F8EB68A4ED527B7… — Keyword `final` from clause | OSE-backend/src/acc-authority/base-role-permissions.js:98-100 [final] sha256=6F8EB68A4ED527B7… — Keyword `final` from clause; ,,,,,Static code evidence only; runtime not executed for this requirement,,
C5-5.2-012,5,5.2,No additional posting confirmation is required by default.,Product Enforceable Requirement,Multiple,Code / Runtime / UI,UNVERIFIED / BLOCKED,Medium,,OSE-backend/src/routes/userRights.routes.js:5-7 [additional] sha256=13C8B3282A956FAC… — Keyword `additional` from clause | OSE-backend/src/services/acc-workflow-status-key-guard.service.js:12-14 [additional] sha256=814D3B3D4CA569A3… — Keyword `additional` from clause; ,,,,,Static code evidence only; runtime not executed for this requirement,,
C5-5.2-013,5,5.2,Posting behavior shall remain deterministic and repeat-safe throughout the platform.,Product Enforceable Requirement,Multiple,Code / Runtime / UI,UNVERIFIED / BLOCKED,Medium,,OSE-backend/src/controllers/issue.controller.js:59-61 [posting] sha256=7AAB6F16472B9AE3… — Keyword `posting` from clause | OSE-backend/src/controllers/movement.controller.js:164-166 [posting] sha256=4302FCEDC2E38A97… — Keyword `posting` from clause | OSE-backend/src/controllers/stockReport.controller.js:4-6 [posting] sha256=5C6B7CF381E986D8… — Keyword `posting` from clause; ,,,,,Static code evidence only; runtime not executed for this requirement,,
C5-5.3-001,5,5.3,Approval authorizes progression within workflow.,Descriptive Context,N/A,Documentation,NOT APPLICABLE,Info,,,,,Register category_bucket=Descriptive Context verified unchanged,,Descriptive/context row — no product enforcement required,,
C5-5.3-002,5,5.3,Posting applies official operational and financial effects.,Descriptive Context,N/A,Documentation,NOT APPLICABLE,Info,,,,,Register category_bucket=Descriptive Context verified unchanged,,Descriptive/context row — no product enforcement required,,
C5-5.3-003,5,5.3,Workflow Contracts define whether final approval leads directly to Posting or to an optional Approved stage.,Descriptive Context,N/A,Documentation,NOT APPLICABLE,Info,,,,,Register category_bucket=Descriptive Context verified unchanged,,Descriptive/context row — no product enforcement required,,
C5-5.4-001,5,5.4,"Reversal procedures, inventory recalculation, ledger repair, historical data correction — separate governance documents.",Out of Scope,N/A,N/A,NOT APPLICABLE,Info,,,,,Register category_bucket=Out of Scope verified unchanged,,Constitution marks out of scope for product layer,,
C6-6.1-001,6,6.1,"Period Management preserves inventory integrity, financial integrity, audit integrity, and reporting consistency.",Descriptive Context,N/A,Documentation,NOT APPLICABLE,Info,,,,,Register category_bucket=Descriptive Context verified unchanged,,Descriptive/context row — no product enforcement required,,
C6-6.1-002,6,6.1,It governs when transactions may officially affect inventory and financial records.,Descriptive Context,N/A,Runtime,NOT APPLICABLE,Info,,,,,Register category_bucket=Descriptive Context verified unchanged,,Descriptive/context row — no product enforcement required,,
C6-6.2-001,6,6.2,DX OSE formally recognizes Inventory Period and Financial Period.,Descriptive Context,N/A,Documentation,NOT APPLICABLE,Info,,,,,Register category_bucket=Descriptive Context verified unchanged,,Descriptive/context row — no product enforcement required,,
C6-6.2-002,6,6.2,The current implementation may manage both using a shared calendar while allowing future separation.,Optional Capability,Runtime Behavior,Runtime,NOT APPLICABLE,Info,,,,,Register category_bucket=Optional Capability verified unchanged,,Optional capability — not mandatory for compliance,,
C6-6.3-001,6,6.3,"Each document shall permanently maintain Document Date, Posting Date, and Assigned Posting Period.",Product Enforceable Requirement,Multiple,Code / Runtime / UI,UNVERIFIED / BLOCKED,Medium,,OSE-backend/src/services/periodGuard.service.js:257-257 [assertOperationalTransactionsAllowed] sha256=04226A947A8B0143… — Required symbol `assertOperationalTransactionsAllowed` present; ,,,,,Static code evidence only; runtime not executed for this requirement,,
C6-6.3-002,6,6.3,Document Date — actual business event date.,Descriptive Context,N/A,Documentation,NOT APPLICABLE,Info,,,,,Register category_bucket=Descriptive Context verified unchanged,,Descriptive/context row — no product enforcement required,,
C6-6.3-003,6,6.3,Posting Date — official accounting and inventory recognition date.,Descriptive Context,N/A,Documentation,NOT APPLICABLE,Info,,,,,Register category_bucket=Descriptive Context verified unchanged,,Descriptive/context row — no product enforcement required,,
C6-6.3-004,6,6.3,"Assigned Posting Period — determined at Posting, permanently recorded.",Descriptive Context,N/A,Documentation,NOT APPLICABLE,Info,,,,,Register category_bucket=Descriptive Context verified unchanged,,Descriptive/context row — no product enforcement required,,
C6-6.3-005,6,6.3,Document Date and Posting Date are independent and must never be treated as interchangeable.,Product Enforceable Requirement,Multiple,Code / Runtime / UI,UNVERIFIED / BLOCKED,Medium,,OSE-backend/src/controllers/issue.controller.js:59-61 [posting] sha256=7AAB6F16472B9AE3… — Keyword `posting` from clause | OSE-backend/src/controllers/movement.controller.js:164-166 [posting] sha256=4302FCEDC2E38A97… — Keyword `posting` from clause | OSE-backend/src/controllers/stockReport.controller.js:4-6 [posting] sha256=5C6B7CF381E986D8… — Keyword `posting` from clause; ,,,,,Static code evidence only; runtime not executed for this requirement,,
C6-6.4-001,6,6.4,"Open, Closing, Closed, Archived.",Descriptive Context,N/A,Documentation,NOT APPLICABLE,Info,,,,,Register category_bucket=Descriptive Context verified unchanged,,Descriptive/context row — no product enforcement required,,
C6-6.4-002,6,6.4,Closing — controlled validation phase before period may close.,Governance Definition,N/A,Runtime,NOT APPLICABLE,Info,,,,,Register category_bucket=Governance Definition verified unchanged,,"Governance definition — terminology, not product behavior",,
C6-6.5-001,6,6.5,Posting permitted only when Posting Period is Open and all validations pass.,Product Enforceable Requirement,Multiple,Documentation,UNVERIFIED / BLOCKED,Info,,OSE-backend/src/services/periodGuard.service.js:257-257 [assertOperationalTransactionsAllowed] sha256=04226A947A8B0143… — Required symbol `assertOperationalTransactionsAllowed` present; ,,,,,Closeout: unsupported PASS removed — not in closeout-verified PASS allowlist,,
C6-6.5-002,6,6.5,"Future posting restrictions apply to Posting Date only, not Document Date.",Product Enforceable Requirement,Multiple,Documentation,UNVERIFIED / BLOCKED,Info,,OSE-backend/src/acc-runtime/hasCapability.js:4-6 [future] sha256=4B8B8B1BEEAAAC1A… — Keyword `future` from clause | OSE-backend/src/controllers/mapping.controller.js:28-30 [future] sha256=222924D99D2E3F08… — Keyword `future` from clause | OSE-backend/src/controllers/mapping.controller.js:28-30 [future] sha256=222924D99D2E3F08… — Keyword `future` from clause; ,,,,,Closeout: unsupported PASS removed — not in closeout-verified PASS allowlist,,
C6-6.5-003,6,6.5,Historical Document Date may be accepted if business policy allows and posting period is open.,Optional Capability,Runtime Behavior,Runtime,NOT APPLICABLE,Info,,,,,Register category_bucket=Optional Capability verified unchanged,,Optional capability — not mandatory for compliance,,
C6-6.5-004,6,6.5,Posting into Closed period prohibited.,Product Enforceable Requirement,Multiple,Code / Runtime / UI,UNVERIFIED / BLOCKED,Medium,,OSE-backend/src/services/periodGuard.service.js:257-257 [assertOperationalTransactionsAllowed] sha256=04226A947A8B0143… — Required symbol `assertOperationalTransactionsAllowed` present; ,,,,,Static code evidence only; runtime not executed for this requirement,,
C6-6.5-005,6,6.5,Periods close sequentially,Descriptive Context,N/A,Documentation,NOT APPLICABLE,Info,,,,,Register category_bucket=Descriptive Context verified unchanged,,Descriptive/context row — no product enforcement required,,
C6-6.5-006,6,6.5,periods must not overlap.,Product Enforceable Requirement,Multiple,Code / Runtime / UI,UNVERIFIED / BLOCKED,Medium,,OSE-backend/src/controllers/periodClose.controller.js:2-4 [periods] sha256=1E74C08323759561… — Keyword `periods` from clause | OSE-backend/src/controllers/periodClose.controller.js:4-6 [periods] sha256=1E74C08323759561… — Keyword `periods` from clause | OSE-backend/src/controllers/periodClose.controller.js:36-37 [periods] sha256=1E74C08323759561… — Keyword `periods` from clause; ,,,,,Static code evidence only; runtime not executed for this requirement,,
C6-6.5-007,6,6.5,Period validation is centralized,Descriptive Context,N/A,Documentation,NOT APPLICABLE,Info,,,,,Register category_bucket=Descriptive Context verified unchanged,,Descriptive/context row — no product enforcement required,,
C6-6.5-008,6,6.5,modules shall not implement independent period logic.,Product Enforceable Requirement,Multiple,Code / Runtime / UI,UNVERIFIED / BLOCKED,Medium,,OSE-backend/src/acc-runtime/index.js:27-29 [modules] sha256=9C00ACFCB60CE764… — Keyword `modules` from clause | OSE-backend/src/acc-runtime/index.js:49-51 [modules] sha256=9C00ACFCB60CE764… — Keyword `modules` from clause | OSE-backend/src/controllers/accWorkflowConfig.controller.js:8-10 [modules] sha256=55853A223CB12D1B… — Keyword `modules` from clause; ,,,,,Static code evidence only; runtime not executed for this requirement,,
C6-6.5-009,6,6.5,Assigned Posting Period is immutable after Posting.,Product Enforceable Requirement,Database Integrity,Documentation,UNVERIFIED / BLOCKED,Medium,,OSE-backend/src/services/posting.service.js:404-404 [POSTED] sha256=63D10DA47B217C0E… — Required symbol `POSTED` present; OSE-backend/src/services/periodGuard.service.js:257-257 [assertOperationalTransactionsAllowed] sha256=04226A947A8B0143… — Required symbol `assertOperationalTransactionsAllowed` present; ,db-posted-trigger:FAIL No DB trigger for posted immutability in foundation migration; ,,,,Architecture hardening opportunity (DB trigger) — not constitutional FAIL; no DB-level requirement text,,
C6-6.6-001,6,6.6,"Period Close is a governed business process, not a simple validation failure.",Descriptive Context,N/A,Documentation,NOT APPLICABLE,Info,,,,,Register category_bucket=Descriptive Context verified unchanged,,Descriptive/context row — no product enforcement required,,
C6-6.6-002,6,6.6,Validation phase: centralized validation with progress indication when Close Period is initiated.,Descriptive Context,N/A,Documentation,NOT APPLICABLE,Info,,,,,Register category_bucket=Descriptive Context verified unchanged,,Descriptive/context row — no product enforcement required,,
C6-6.6-003,6,6.6,Resolution workspace when blocking conditions exist:,Descriptive Context,N/A,Documentation,NOT APPLICABLE,Info,,,,,Register category_bucket=Descriptive Context verified unchanged,,Descriptive/context row — no product enforcement required,,
C6-6.6-004,6,6.6,"Tab 1 — Close Validation: draft documents, pending workflow, approved-not-posted, validation failures, integrity issues",Descriptive Context,N/A,Documentation,NOT APPLICABLE,Info,,,,,Register category_bucket=Descriptive Context verified unchanged,,Descriptive/context row — no product enforcement required,,
C6-6.6-005,6,6.6,"Tab 2 — Closed Periods: history (period, closed by, closed at, notes, audit).",Descriptive Context,N/A,Documentation,NOT APPLICABLE,Info,,,,,Register category_bucket=Descriptive Context verified unchanged,,Descriptive/context row — no product enforcement required,,
C6-6.6-006,6,6.6,"Principle: The platform shall provide governed period-close resolution whenever blocking conditions exist, rather than merely rejecting the request.",Product Enforceable Requirement,Multiple,Code / Runtime / UI,UNVERIFIED / BLOCKED,Medium,,OSE-backend/src/services/periodGuard.service.js:257-257 [assertOperationalTransactionsAllowed] sha256=04226A947A8B0143… — Required symbol `assertOperationalTransactionsAllowed` present; ,,,,,Static code evidence only; runtime not executed for this requirement,,
C6-6.6-007,6,6.6,Integrates with Draft Governance (Chapter 7).,Descriptive Context,N/A,Documentation,NOT APPLICABLE,Info,,,,,Register category_bucket=Descriptive Context verified unchanged,,Descriptive/context row — no product enforcement required,,
C6-6.7-001,6,6.7,Prevent invalid Posting Dates proactively where possible.,Product Enforceable Requirement,Runtime Behavior,Documentation,UNVERIFIED / BLOCKED,Info,,OSE-backend/src/controllers/userRights.controller.js:735-737 [prevent] sha256=BA6D60428818E5AC… — Keyword `prevent` from clause | OSE-backend/src/middleware/requireBranchPropertyContext.js:2-4 [prevent] sha256=1DE6B82B75F2CA03… — Keyword `prevent` from clause | OSE-backend/src/services/acc-workflow-status-key-guard.service.js:3-5 [prevent] sha256=814D3B3D4CA569A3… — Keyword `prevent` from clause; ,,,,,Closeout: unsupported PASS removed — not in closeout-verified PASS allowlist,,
C6-6.8-001,6,6.8,Governed by separate financial governance policy — intentionally deferred from this Constitution.,Descriptive Context,N/A,Documentation,NOT APPLICABLE,Info,,,,,Register category_bucket=Descriptive Context verified unchanged,,Descriptive/context row — no product enforcement required,,
C6-6.9-001,6,6.9,"Fiscal calendar configuration, accounting policies, year-end financial closing, financial reopening policies.",Out of Scope,N/A,N/A,NOT APPLICABLE,Info,,,,,Register category_bucket=Out of Scope verified unchanged,,Constitution marks out of scope for product layer,,
C7-7.1-001,7,7.1,These must remain separate policies.,Product Enforceable Requirement,Multiple,Code / Runtime / UI,UNVERIFIED / BLOCKED,Medium,,OSE-backend/src/engines/scope-prisma.factory.js:28-30 [these] sha256=113C6BD60CBA078A… — Keyword `these` from clause | OSE-backend/src/engines/scope-prisma.factory.js:53-55 [these] sha256=113C6BD60CBA078A… — Keyword `these` from clause | OSE-backend/src/services/auditWriter.service.js:14-16 [these] sha256=BB6DBBD6C0EB0EEF… — Keyword `these` from clause; ,,,,,Static code evidence only; runtime not executed for this requirement,,
C7-7.2-001,7,7.2,Every operational document shall begin as a server-recognized draft unless Workflow Contracts define otherwise.,Product Enforceable Requirement,Multiple,Code / Runtime / UI,UNVERIFIED / BLOCKED,Medium,,OSE-backend/src/acc-runtime/resolvePermissions.js:28-30 [every] sha256=465B7E58B7AD595E… — Keyword `every` from clause | OSE-backend/src/config/swagger.js:11-13 [every] sha256=33A736F825E2BB2F… — Keyword `every` from clause | OSE-backend/src/config/swagger.js:49-51 [every] sha256=33A736F825E2BB2F… — Keyword `every` from clause; ,,,,,Static code evidence only; runtime not executed for this requirement,,
C7-7.3-001,7,7.3,Temporary buffer (not official draft) → Server draft → Workflow document after Submit.,Descriptive Context,N/A,Documentation,NOT APPLICABLE,Info,,,,,Register category_bucket=Descriptive Context verified unchanged,,Descriptive/context row — no product enforcement required,,
C7-7.4-001,7,7.4,The platform shall define: draft owner,Product Enforceable Requirement,Multiple,Code / Runtime / UI,UNVERIFIED / BLOCKED,Medium,,OSE-backend/src/controllers/auth.controller.js:57-59 [define] sha256=B28574131FE30669… — Keyword `define` from clause | OSE-backend/src/controllers/auth.controller.js:71-73 [define] sha256=B28574131FE30669… — Keyword `define` from clause | OSE-backend/src/controllers/breakage.controller.js:199-201 [define] sha256=033635D0463754CB… — Keyword `define` from clause; ,,,,,Static code evidence only; runtime not executed for this requirement,,
C7-7.4-002,7,7.4,access rights,Product Enforceable Requirement,Multiple,Documentation,UNVERIFIED / BLOCKED,Info,,OSE-backend/src/acc-authority/base-role-permissions.js:20-22 [access] sha256=6F8EB68A4ED527B7… — Keyword `access` from clause | OSE-backend/src/acc-authority/base-role-permissions.js:35-37 [access] sha256=6F8EB68A4ED527B7… — Keyword `access` from clause | OSE-backend/src/acc-authority/base-role-permissions.js:35-37 [access] sha256=6F8EB68A4ED527B7… — Keyword `access` from clause; ,,,,,Closeout: unsupported PASS removed — not in closeout-verified PASS allowlist,,
C7-7.4-003,7,7.4,ownership transfer (if permitted),Product Enforceable Requirement,Multiple,Documentation,UNVERIFIED / BLOCKED,Info,,OSE-backend/src/controllers/constitution.controller.js:17-19 [ownership] sha256=1C2576EE2C37D06A… — Keyword `ownership` from clause | OSE-backend/src/controllers/constitution.controller.js:133-135 [ownership] sha256=1C2576EE2C37D06A… — Keyword `ownership` from clause | OSE-backend/src/controllers/constitution.controller.js:141-143 [ownership] sha256=1C2576EE2C37D06A… — Keyword `ownership` from clause; ,,,,,Closeout: unsupported PASS removed — not in closeout-verified PASS allowlist,,
C7-7.4-004,7,7.4,handling of drafts for inactive or departed users.,Product Enforceable Requirement,Multiple,Documentation,UNVERIFIED / BLOCKED,Info,,OSE-backend/src/platform/draftGovernance.service.js:88-90 [handling] sha256=13CD0E2AABF0DB80… — Keyword `handling` from clause | OSE-backend/src/server.js:120-122 [handling] sha256=8AB2A39EA7CA0519… — Keyword `handling` from clause | OSE-backend/src/services/movement.service.js:322-324 [handling] sha256=B70CE8BAE5B35DE2… — Keyword `handling` from clause; ,,,,,Closeout: unsupported PASS removed — not in closeout-verified PASS allowlist,,
C7-7.5-001,7,7.5,Rules for opening the same draft from multiple sessions or devices shall align with Chapter 8 (Concurrency).,Product Enforceable Requirement,Multiple,Code / Runtime / UI,UNVERIFIED / BLOCKED,Medium,,OSE-backend/src/platform/concurrency.service.js:57-57 [concurrencyVersion] sha256=A73D8C5213F64D50… — Required symbol `concurrencyVersion` present | OSE-backend/src/platform/concurrency.service.js:11-11 [Conflict] sha256=A73D8C5213F64D50… — Required symbol `Conflict` present; ,,,,,Static code evidence only; runtime not executed for this requirement,,
C7-7.6-001,7,7.6,"Internal draft lifecycle states (e.g. active, submitted, discarded, expired) may exist",Optional Capability,Runtime Behavior,Runtime,NOT APPLICABLE,Info,,,,,Register category_bucket=Optional Capability verified unchanged,,Optional capability — not mandatory for compliance,,
C7-7.6-002,7,7.6,not all need be user-visible.,Descriptive Context,N/A,Documentation,NOT APPLICABLE,Info,,,,,Register category_bucket=Descriptive Context verified unchanged,,Descriptive/context row — no product enforcement required,,
C7-7.7-001,7,7.7,"Auto-save shall occur on meaningful business events (add/delete row, qty/price change, supplier/warehouse change, attachment, notes, before navigation).",Product Enforceable Requirement,Multiple,Code / Runtime / UI,UNVERIFIED / BLOCKED,Medium,,OSE-backend/src/services/transfer.service.js:467-469 [occur] sha256=14269E5688D78E57… — Keyword `occur` from clause | OSE-backend/src/services/transfer.service.js:472-474 [occur] sha256=14269E5688D78E57… — Keyword `occur` from clause; ,,,,,Static code evidence only; runtime not executed for this requirement,,
C7-7.7-002,7,7.7,Not on fixed timers defined in this Constitution.,Descriptive Context,N/A,Documentation,NOT APPLICABLE,Info,,,,,Register category_bucket=Descriptive Context verified unchanged,,Descriptive/context row — no product enforcement required,,
C7-7.8-001,7,7.8,Recovered drafts shall not bypass current validation.,Product Enforceable Requirement,Multiple,Code / Runtime / UI,UNVERIFIED / BLOCKED,Medium,,OSE-backend/src/platform/documentTimeline.service.js:107-109 [recovered] sha256=71CBADDB46539F8B… — Keyword `recovered` from clause | OSE-backend/src/platform/documentTimeline.service.js:116-118 [recovered] sha256=71CBADDB46539F8B… — Keyword `recovered` from clause | OSE-backend/src/platform/documentTimeline.service.js:132-134 [recovered] sha256=71CBADDB46539F8B… — Keyword `recovered` from clause; ,,,,,Static code evidence only; runtime not executed for this requirement,,
C7-7.8-002,7,7.8,Restored documents must be revalidated before continue or submit.,Product Enforceable Requirement,Multiple,Code / Runtime / UI,UNVERIFIED / BLOCKED,Medium,,OSE-backend/src/engines/ur-audit.logger.js:88-90 [restored] sha256=25D9DF636F26AB21… — Keyword `restored` from clause | OSE-backend/src/engines/ur-audit.logger.js:88-90 [restored] sha256=25D9DF636F26AB21… — Keyword `restored` from clause | OSE-backend/src/services/acc-workflow-config.service.js:467-469 [restored] sha256=B160AB9F36630D81… — Keyword `restored` from clause; ,,,,,Static code evidence only; runtime not executed for this requirement,,
C7-7.8-003,7,7.8,Recovery prompt: Continue or Discard.,Product Enforceable Requirement,Multiple,Code / Runtime / UI,UNVERIFIED / BLOCKED,Medium,,OSE-backend/src/controllers/constitution.controller.js:12-14 [recovery] sha256=1C2576EE2C37D06A… — Keyword `recovery` from clause | OSE-backend/src/controllers/constitution.controller.js:101-103 [recovery] sha256=1C2576EE2C37D06A… — Keyword `recovery` from clause | OSE-backend/src/controllers/constitution.controller.js:103-105 [recovery] sha256=1C2576EE2C37D06A… — Keyword `recovery` from clause; ,,,,,Static code evidence only; runtime not executed for this requirement,,
C7-7.8-004,7,7.8,Last saved indicator should be visible.,Product Enforceable Requirement,Multiple,Code / Runtime / UI,UNVERIFIED / BLOCKED,Medium,,OSE-backend/src/config/swagger.js:82-84 [saved] sha256=33A736F825E2BB2F… — Keyword `saved` from clause | OSE-backend/src/controllers/stockReport.controller.js:94-96 [saved] sha256=5C6B7CF381E986D8… — Keyword `saved` from clause | OSE-backend/src/controllers/stockReport.controller.js:116-118 [saved] sha256=5C6B7CF381E986D8… — Keyword `saved` from clause; ,,,,,Static code evidence only; runtime not executed for this requirement,,
C7-7.9-001,7,7.9,Draft registry required per document family.,Product Enforceable Requirement,Multiple,Code / Runtime / UI,UNVERIFIED / BLOCKED,Medium,,OSE-backend/src/acc-authority/workflow-step-permissions.js:37-39 [draft] sha256=BDBA8EA1061EC7A8… — Keyword `draft` from clause | OSE-backend/src/acc-authority/workflow-step-permissions.js:65-67 [draft] sha256=BDBA8EA1061EC7A8… — Keyword `draft` from clause | OSE-backend/src/constants/governed-movement.constants.js:17-19 [draft] sha256=A5995B3AA9290D0F… — Keyword `draft` from clause; ,,,,,Static code evidence only; runtime not executed for this requirement,,
C7-7.9-002,7,7.9,Default retention 30 days.,Product Enforceable Requirement,Multiple,Code / Runtime / UI,UNVERIFIED / BLOCKED,Medium,,OSE-backend/src/acc-authority/catalog.constitution.js:147-149 [default] sha256=88A18C81F472DDF3… — Keyword `default` from clause | OSE-backend/src/acc-authority/workflow-step-permissions.js:149-151 [default] sha256=BDBA8EA1061EC7A8… — Keyword `default` from clause | OSE-backend/src/acc-runtime/featureFlags.js:11-13 [default] sha256=2D98FAB4551A2CB6… — Keyword `default` from clause; ,,,,,Static code evidence only; runtime not executed for this requirement,,
C7-7.9-003,7,7.9,"Expiration policy (delete, archive, expired state) shall be defined by platform policy.",Product Enforceable Requirement,Multiple,Code / Runtime / UI,UNVERIFIED / BLOCKED,Medium,,OSE-backend/src/platform/draftGovernance.service.js:13-15 [expiration] sha256=13CD0E2AABF0DB80… — Keyword `expiration` from clause | OSE-backend/src/platform/draftGovernance.service.js:14-16 [expiration] sha256=13CD0E2AABF0DB80… — Keyword `expiration` from clause | OSE-backend/src/platform/draftGovernance.service.js:339-341 [expiration] sha256=13CD0E2AABF0DB80… — Keyword `expiration` from clause; ,,,,,Static code evidence only; runtime not executed for this requirement,,
C7-7.10-001,7,7.10,"Applies to: route navigation, browser refresh, browser/tab close, back navigation, session expiration with unsaved changes.",Descriptive Context,N/A,Documentation,NOT APPLICABLE,Info,,,,,Register category_bucket=Descriptive Context verified unchanged,,Descriptive/context row — no product enforcement required,,
C7-7.10-002,7,7.10,Successful Save Draft or Submit returns to clean state.,Descriptive Context,N/A,Documentation,NOT APPLICABLE,Info,,,,,Register category_bucket=Descriptive Context verified unchanged,,Descriptive/context row — no product enforcement required,,
C7-7.11-001,7,7.11,"Upon successful creation of the first Server Draft, the System Document Number becomes permanently reserved per Chapter 9.",Product Enforceable Requirement,Multiple,Code / Runtime / UI,UNVERIFIED / BLOCKED,Medium,,OSE-backend/src/services/docNumbering.service.js:36-36 [generateDocNumber] sha256=7178C47F4C9CCCF3… — Required symbol `generateDocNumber` present; ,,,,,Static code evidence only; runtime not executed for this requirement,,
C7-7.12-001,7,7.12,Not supported — cloud ERP.,Descriptive Context,N/A,Documentation,NOT APPLICABLE,Info,,,,,Register category_bucket=Descriptive Context verified unchanged,,Descriptive/context row — no product enforcement required,,
C7-7.13-001,7,7.13,"Storage technology, sync intervals, local cache design.",Out of Scope,N/A,N/A,NOT APPLICABLE,Info,,,,,Register category_bucket=Out of Scope verified unchanged,,Constitution marks out of scope for product layer,,
C8-8.1-001,8,8.1,Prevent silent overwrites when multiple users affect the same document.,Descriptive Context,N/A,Documentation,NOT APPLICABLE,Info,,,,,Register category_bucket=Descriptive Context verified unchanged,,Descriptive/context row — no product enforcement required,,
C8-8.2-001,8,8.2,Every editable document shall maintain a Concurrency Version for conflict detection.,Product Enforceable Requirement,Multiple,Code / Runtime / UI,PASS,Info,,OSE-backend/src/platform/concurrency.service.js:57 [concurrencyVersion] — optimistic concurrency guard,,RS-CONC-001=Passed (GATE_B_CURRENT_SESSION_RUNTIME.json): stale concurrencyVersion → HTTP 409,,grand-horizon,,,
C8-8.2-002,8,8.2,The Constitution does not mandate a specific technical mechanism.,Descriptive Context,N/A,Documentation,NOT APPLICABLE,Info,,,,,Register category_bucket=Descriptive Context verified unchanged,,Descriptive/context row — no product enforcement required,,
C8-8.3-001,8,8.3,"Concurrency applies to the entire governed document, not isolated fields only.",Product Enforceable Requirement,Multiple,Code / Runtime / UI,UNVERIFIED / BLOCKED,Medium,,OSE-backend/src/platform/concurrency.service.js:57-57 [concurrencyVersion] sha256=A73D8C5213F64D50… — Required symbol `concurrencyVersion` present | OSE-backend/src/platform/concurrency.service.js:11-11 [Conflict] sha256=A73D8C5213F64D50… — Required symbol `Conflict` present; ,,,,,Static code evidence only; runtime not executed for this requirement,,
C8-8.5-001,8,8.5,Document is read-only except via Return workflow.,Product Enforceable Requirement,Multiple,Code / Runtime / UI,UNVERIFIED / BLOCKED,Medium,,OSE-backend/src/controllers/accAdvancedPolicy.controller.js:9-11 [except] sha256=107BBAB0A8D9F25A… — Keyword `except` from clause | OSE-backend/src/controllers/accAdvancedPolicy.controller.js:10-12 [except] sha256=107BBAB0A8D9F25A… — Keyword `except` from clause | OSE-backend/src/controllers/accAdvancedPolicy.controller.js:11-13 [except] sha256=107BBAB0A8D9F25A… — Keyword `except` from clause; ,,,,,Static code evidence only; runtime not executed for this requirement,,
C8-8.6-001,8,8.6,"Save Draft, Submit, Approve, Reject, Send Back, Cancel, Post — must not execute twice on the same version without detection.",Product Enforceable Requirement,Multiple,Code / Runtime / UI,UNVERIFIED / BLOCKED,Medium,,OSE-backend/src/acc-authority/workflow-step-permissions.js:37-39 [draft] sha256=BDBA8EA1061EC7A8… — Keyword `draft` from clause | OSE-backend/src/acc-authority/workflow-step-permissions.js:65-67 [draft] sha256=BDBA8EA1061EC7A8… — Keyword `draft` from clause | OSE-backend/src/constants/governed-movement.constants.js:17-19 [draft] sha256=A5995B3AA9290D0F… — Keyword `draft` from clause; ,,,,,Static code evidence only; runtime not executed for this requirement,,
C8-8.7-001,8,8.7,Posting must not execute except on the latest valid document version after concurrency verification.,Product Enforceable Requirement,Multiple,Code / Runtime / UI,UNVERIFIED / BLOCKED,Medium,,OSE-backend/src/platform/concurrency.service.js:57-57 [concurrencyVersion] sha256=A73D8C5213F64D50… — Required symbol `concurrencyVersion` present | OSE-backend/src/platform/concurrency.service.js:11-11 [Conflict] sha256=A73D8C5213F64D50… — Required symbol `Conflict` present; ,,,,,Static code evidence only; runtime not executed for this requirement,,
C8-8.8-001,8,8.8,Reject conflicting update,Product Enforceable Requirement,Multiple,Code / Runtime / UI,UNVERIFIED / BLOCKED,Medium,,OSE-backend/src/constants/governed-movement.constants.js:17-19 [reject] sha256=A5995B3AA9290D0F… — Keyword `reject` from clause | OSE-backend/src/constants/grnStatus.js:2-4 [reject] sha256=29A7B8A311E7456E… — Keyword `reject` from clause | OSE-backend/src/controllers/breakage.controller.js:191-193 [reject] sha256=033635D0463754CB… — Keyword `reject` from clause; ,,,,,Static code evidence only; runtime not executed for this requirement,,
C8-8.8-002,8,8.8,do not overwrite another user's changes,Product Enforceable Requirement,Multiple,Code / Runtime / UI,UNVERIFIED / BLOCKED,Medium,,OSE-backend/src/services/item.service.js:786-788 [overwrite] sha256=BE0E80A7F00664DF… — Keyword `overwrite` from clause | OSE-backend/src/services/posting.service.js:244-246 [overwrite] sha256=63D10DA47B217C0E… — Keyword `overwrite` from clause | OSE-backend/src/services/storage/storage.interface.js:21-23 [overwrite] sha256=F2BDFA6CB307832F… — Keyword `overwrite` from clause; ,,,,,Static code evidence only; runtime not executed for this requirement,,
C8-8.8-003,8,8.8,require reload before retry.,Product Enforceable Requirement,Multiple,Code / Runtime / UI,UNVERIFIED / BLOCKED,Medium,,OSE-backend/src/acc-authority/base-role-permissions.js:7-9 [require] sha256=6F8EB68A4ED527B7… — Keyword `require` from clause | OSE-backend/src/acc-authority/runtime-permission-matrix.js:7-9 [require] sha256=AC2A797FE43BF0BA… — Keyword `require` from clause | OSE-backend/src/acc-authority/runtime-permission-matrix.js:8-10 [require] sha256=AC2A797FE43BF0BA… — Keyword `require` from clause; ,,,,,Static code evidence only; runtime not executed for this requirement,,
C8-8.8-004,8,8.8,The platform shall reject conflicting updates using the platform's concurrency mechanism (implementation: Architecture Guide).,Product Enforceable Requirement,Multiple,Code / Runtime / UI,UNVERIFIED / BLOCKED,Medium,,OSE-backend/src/platform/concurrency.service.js:57-57 [concurrencyVersion] sha256=A73D8C5213F64D50… — Required symbol `concurrencyVersion` present | OSE-backend/src/platform/concurrency.service.js:11-11 [Conflict] sha256=A73D8C5213F64D50… — Required symbol `Conflict` present; ,,,,,Static code evidence only; runtime not executed for this requirement,,
C8-8.9-001,8,8.9,Draft ownership and draft locking — Chapter 7.,Descriptive Context,N/A,Documentation,NOT APPLICABLE,Info,,,,,Register category_bucket=Descriptive Context verified unchanged,,Descriptive/context row — no product enforcement required,,
C8-8.9-002,8,8.9,Conflict detection during operations — this chapter.,Descriptive Context,N/A,Documentation,NOT APPLICABLE,Info,,,,,Register category_bucket=Descriptive Context verified unchanged,,Descriptive/context row — no product enforcement required,,
C8-8.10-001,8,8.10,Concurrency conflicts shall be recorded in audit when appropriate.,Product Enforceable Requirement,Multiple,Code / Runtime / UI,UNVERIFIED / BLOCKED,Medium,,OSE-backend/src/platform/concurrency.service.js:57-57 [concurrencyVersion] sha256=A73D8C5213F64D50… — Required symbol `concurrencyVersion` present | OSE-backend/src/platform/concurrency.service.js:11-11 [Conflict] sha256=A73D8C5213F64D50… — Required symbol `Conflict` present; ,,,,,Static code evidence only; runtime not executed for this requirement,,
C8-8.11-001,8,8.11,"Specific HTTP codes, database locking mechanisms.",Out of Scope,N/A,N/A,NOT APPLICABLE,Info,,,,,Register category_bucket=Out of Scope verified unchanged,,Constitution marks out of scope for product layer,,
C9-9.1-001,9,9.1,One auditable numbering policy for all document types.,Descriptive Context,N/A,Documentation,NOT APPLICABLE,Info,,,,,Register category_bucket=Descriptive Context verified unchanged,,Descriptive/context row — no product enforcement required,,
C9-9.2-001,9,9.2,Assigned by the platform only,Descriptive Context,N/A,Documentation,NOT APPLICABLE,Info,,,,,Register category_bucket=Descriptive Context verified unchanged,,Descriptive/context row — no product enforcement required,,
C9-9.2-002,9,9.2,users must not enter or edit.,Product Enforceable Requirement,Multiple,Code / Runtime / UI,UNVERIFIED / BLOCKED,Medium,,OSE-backend/src/acc-authority/base-role-permissions.js:34-36 [users] sha256=6F8EB68A4ED527B7… — Keyword `users` from clause | OSE-backend/src/acc-authority/base-role-permissions.js:80-82 [users] sha256=6F8EB68A4ED527B7… — Keyword `users` from clause | OSE-backend/src/acc-authority/catalog.constitution.js:39-41 [users] sha256=88A18C81F472DDF3… — Keyword `users` from clause; ,,,,,Static code evidence only; runtime not executed for this requirement,,
C9-9.2-003,9,9.2,Assigned at first Server Draft Save (Chapter 7.11).,Descriptive Context,N/A,Documentation,NOT APPLICABLE,Info,,,,,Register category_bucket=Descriptive Context verified unchanged,,Descriptive/context row — no product enforcement required,,
C9-9.2-004,9,9.2,Format: `{Type Prefix}-{Year}-{Sequence}` (e.g. GRN-2026-00001).,Descriptive Context,N/A,Documentation,NOT APPLICABLE,Info,,,,,Register category_bucket=Descriptive Context verified unchanged,,Descriptive/context row — no product enforcement required,,
C9-9.2-005,9,9.2,External references (e.g. supplier invoice number) are separate fields.,Descriptive Context,N/A,Documentation,NOT APPLICABLE,Info,,,,,Register category_bucket=Descriptive Context verified unchanged,,Descriptive/context row — no product enforcement required,,
C9-9.3-001,9,9.3,Uniqueness — unique within governed numbering scope.,Product Enforceable Requirement,Multiple,Documentation,UNVERIFIED / BLOCKED,Info,,OSE-backend/src/services/grn.service.js:89-91 [uniqueness] sha256=2480405F4B0BAF57… — Keyword `uniqueness` from clause | OSE-backend/src/services/item.service.js:371-373 [uniqueness] sha256=BE0E80A7F00664DF… — Keyword `uniqueness` from clause | OSE-backend/src/services/superAdmin.service.js:691-693 [uniqueness] sha256=11D2555AF4F21574… — Keyword `uniqueness` from clause; ,,,,,Closeout: unsupported PASS removed — not in closeout-verified PASS allowlist,,
C9-9.3-002,9,9.3,"Reservation — upon first Server Draft, number permanently reserved.",Product Enforceable Requirement,Multiple,Documentation,UNVERIFIED / BLOCKED,Info,,OSE-backend/src/services/docNumbering.service.js:36-36 [generateDocNumber] sha256=7178C47F4C9CCCF3… — Required symbol `generateDocNumber` present; ,,,,,Closeout: unsupported PASS removed — not in closeout-verified PASS allowlist,,
C9-9.3-003,9,9.3,Deleted drafts — number never released or recycled.,Product Enforceable Requirement,Multiple,Documentation,UNVERIFIED / BLOCKED,Info,,OSE-backend/src/platform/draftGovernance.service.js:106-106 [assertDraftEditable] sha256=13CD0E2AABF0DB80… — Required symbol `assertDraftEditable` present; ,,,,,Closeout: unsupported PASS removed — not in closeout-verified PASS allowlist,,
C9-9.3-004,9,9.3,Gap policy — gaps acceptable,Governance Definition,N/A,Documentation,NOT APPLICABLE,Info,,,,,Register category_bucket=Governance Definition verified unchanged,,"Governance definition — terminology, not product behavior",,
C9-9.3-005,9,9.3,"Unified engine — all creation channels (manual, import, integration, future) use same numbering governance.",Product Enforceable Requirement,Multiple,Documentation,UNVERIFIED / BLOCKED,Info,,OSE-backend/src/controllers/breakage.controller.js:117-119 [unified] sha256=033635D0463754CB… — Keyword `unified` from clause | OSE-backend/src/platform/timeline/approvalTimeline.builder.js:4-6 [unified] sha256=E0504A18A0F2F6BA… — Keyword `unified` from clause | OSE-backend/src/platform/timeline/getPassTimeline.builder.js:353-355 [unified] sha256=807EA24E27476CCC… — Keyword `unified` from clause; ,,,,,Closeout: unsupported PASS removed — not in closeout-verified PASS allowlist,,
C9-9.3-006,9,9.3,Prefix governance — prefixes governed centrally,Product Enforceable Requirement,Multiple,Documentation,UNVERIFIED / BLOCKED,Info,,OSE-backend/src/docs/schemas.js:15-17 [prefix] sha256=647866494269FA07… — Keyword `prefix` from clause | OSE-backend/src/engines/acc-role.service.js:64-66 [prefix] sha256=6DAC0D2F3D0F6064… — Keyword `prefix` from clause | OSE-backend/src/engines/acc-role.service.js:66-68 [prefix] sha256=6DAC0D2F3D0F6064… — Keyword `prefix` from clause; ,,,,,Closeout: unsupported PASS removed — not in closeout-verified PASS allowlist,,
C9-9.3-007,9,9.3,Failed allocation — gaps from failed/rolled-back operations acceptable.,Governance Definition,Governance Documentation,Documentation,NOT APPLICABLE,Info,,,,,Register category_bucket=Governance Definition verified unchanged,,"Governance definition — terminology, not product behavior",,
C9-9.3-008,9,9.3,"Immutability — once assigned, number immutable for entire lifecycle.",Product Enforceable Requirement,Multiple,Documentation,UNVERIFIED / BLOCKED,Info,,OSE-backend/src/platform/attachmentGovernance.service.js:3-5 [immutability] sha256=AF3E8F84FF9DDC42… — Keyword `immutability` from clause | OSE-backend/src/services/periodGuard.service.js:8-10 [immutability] sha256=04226A947A8B0143… — Keyword `immutability` from clause; ,,,,,Closeout: unsupported PASS removed — not in closeout-verified PASS allowlist,,
C9-9.3-009,9,9.3,Audit — allocation traceable through platform audit mechanisms.,Product Enforceable Requirement,Multiple,Documentation,UNVERIFIED / BLOCKED,Info,,OSE-backend/src/acc-authority/base-role-permissions.js:35-37 [audit] sha256=6F8EB68A4ED527B7… — Keyword `audit` from clause | OSE-backend/src/acc-authority/base-role-permissions.js:79-81 [audit] sha256=6F8EB68A4ED527B7… — Keyword `audit` from clause | OSE-backend/src/acc-authority/base-role-permissions.js:84-86 [audit] sha256=6F8EB68A4ED527B7… — Keyword `audit` from clause; ,,,,,Closeout: unsupported PASS removed — not in closeout-verified PASS allowlist,,
C9-9.3-010,9,9.3,Manual override — prohibited.,Product Enforceable Requirement,Multiple,Code / Runtime / UI,UNVERIFIED / BLOCKED,Medium,,OSE-backend/src/constants/governed-movement.constants.js:14-16 [manual] sha256=A5995B3AA9290D0F… — Keyword `manual` from clause | OSE-backend/src/engines/scope-context.service.js:130-132 [manual] sha256=88EFCD1042755678… — Keyword `manual` from clause | OSE-backend/src/engines/scope-context.service.js:132-134 [manual] sha256=88EFCD1042755678… — Keyword `manual` from clause; ,,,,,Static code evidence only; runtime not executed for this requirement,,
C9-9.3-011,9,9.3,Annual reset — per prefix per year (or fiscal year per platform policy).,Governance Definition,N/A,Documentation,NOT APPLICABLE,Info,,,,,Register category_bucket=Governance Definition verified unchanged,,"Governance definition — terminology, not product behavior",,
C9-9.4-001,9,9.4,Branch or property prefixes embedded in document numbers.,Out of Scope,N/A,N/A,NOT APPLICABLE,Info,,,,,Register category_bucket=Out of Scope verified unchanged,,Constitution marks out of scope for product layer,,
C10-10.2-001,10,10.2,Stock availability validated against latest committed inventory state at Posting.,Product Enforceable Requirement,Multiple,Code / Runtime / UI,UNVERIFIED / BLOCKED,Medium,,OSE-backend/src/acc-authority/base-role-permissions.js:27-29 [stock] sha256=6F8EB68A4ED527B7… — Keyword `stock` from clause | OSE-backend/src/acc-authority/base-role-permissions.js:27-29 [stock] sha256=6F8EB68A4ED527B7… — Keyword `stock` from clause | OSE-backend/src/acc-authority/base-role-permissions.js:36-38 [stock] sha256=6F8EB68A4ED527B7… — Keyword `stock` from clause; ,,,,,Static code evidence only; runtime not executed for this requirement,,
C10-10.2-002,10,10.2,Negative inventory prohibited in DX OSE v2.0.,Product Enforceable Requirement,Multiple,Code / Runtime / UI,UNVERIFIED / BLOCKED,Medium,,OSE-backend/src/services/inventoryCount.service.js:598-600 [negative] sha256=4979B1175C44DAA1… — Keyword `negative` from clause | OSE-backend/src/services/inventoryCount.service.js:1653-1655 [negative] sha256=4979B1175C44DAA1… — Keyword `negative` from clause | OSE-backend/src/services/pdf/report-pdf-design-tokens.js:23-25 [negative] sha256=3BBF3AF230F259C6… — Keyword `negative` from clause; ,,,,,Static code evidence only; runtime not executed for this requirement,,
C10-10.2-003,10,10.2,Quantity must be greater than zero,Product Enforceable Requirement,Multiple,Code / Runtime / UI,UNVERIFIED / BLOCKED,Medium,,OSE-backend/src/controllers/item.controller.js:430-432 [quantity] sha256=55548A15AB9E4881… — Keyword `quantity` from clause | OSE-backend/src/routes/item.routes.js:63-65 [quantity] sha256=C3B3EF65919AF2DB… — Keyword `quantity` from clause | OSE-backend/src/services/breakage.service.js:410-412 [quantity] sha256=789C6093E4FF4A49… — Keyword `quantity` from clause; ,,,,,Static code evidence only; runtime not executed for this requirement,,
C10-10.2-004,10,10.2,zero-quantity lines prohibited.,Product Enforceable Requirement,Multiple,Code / Runtime / UI,UNVERIFIED / BLOCKED,Medium,,OSE-backend/src/controllers/item.controller.js:430-432 [quantity] sha256=55548A15AB9E4881… — Keyword `quantity` from clause | OSE-backend/src/routes/item.routes.js:63-65 [quantity] sha256=C3B3EF65919AF2DB… — Keyword `quantity` from clause | OSE-backend/src/services/breakage.service.js:410-412 [quantity] sha256=789C6093E4FF4A49… — Keyword `quantity` from clause; ,,,,,Static code evidence only; runtime not executed for this requirement,,
C10-10.2-005,10,10.2,Quantity precision per platform settings,Product Enforceable Requirement,Multiple,Code / Runtime / UI,UNVERIFIED / BLOCKED,Medium,,OSE-backend/src/controllers/item.controller.js:430-432 [quantity] sha256=55548A15AB9E4881… — Keyword `quantity` from clause | OSE-backend/src/routes/item.routes.js:63-65 [quantity] sha256=C3B3EF65919AF2DB… — Keyword `quantity` from clause | OSE-backend/src/services/breakage.service.js:410-412 [quantity] sha256=789C6093E4FF4A49… — Keyword `quantity` from clause; ,,,,,Static code evidence only; runtime not executed for this requirement,,
C10-10.2-006,10,10.2,validation uses precise values.,Product Enforceable Requirement,Multiple,Code / Runtime / UI,UNVERIFIED / BLOCKED,Medium,,OSE-backend/src/acc-authority/catalog.constitution.js:4-6 [validation] sha256=88A18C81F472DDF3… — Keyword `validation` from clause | OSE-backend/src/controllers/inventoryCount.controller.js:23-25 [validation] sha256=9CD2AE6906B1E320… — Keyword `validation` from clause | OSE-backend/src/controllers/inventoryCount.controller.js:27-29 [validation] sha256=9CD2AE6906B1E320… — Keyword `validation` from clause; ,,,,,Static code evidence only; runtime not executed for this requirement,,
C10-10.2-007,10,10.2,Stock validation against source inventory location defined by transaction.,Product Enforceable Requirement,Multiple,Code / Runtime / UI,UNVERIFIED / BLOCKED,Medium,,OSE-backend/src/services/postingEngine.service.js:32-32 [stock] sha256=5B89E1CBF5DD7FD5… — Required symbol `stock` present; ,,,,,Static code evidence only; runtime not executed for this requirement,,
C10-10.2-008,10,10.2,All calculations use base unit.,Product Enforceable Requirement,Multiple,Code / Runtime / UI,UNVERIFIED / BLOCKED,Medium,OSE-backend/src/services/pdf/report-pdf-profiles.js:7-9 [calculations] sha256=8BC6002A5523D214… — Keyword `calculations` from clause | OSE-Frontend/src/app/features/dashboard/dashboard.component.html:274-276 [calculations] sha256=264A3CE776C0A5CE… — Keyword `calculations` from clause; ,,,,,,Static code evidence only; runtime not executed for this requirement,,
C10-10.2-009,10,10.2,Batch-controlled and serial-controlled inventory — Out of Scope v2.0.,Out of Scope,N/A,Code / Runtime / UI,NOT APPLICABLE,Info,,,,,Register category_bucket=Out of Scope verified unchanged,,Constitution marks out of scope for product layer,,
C10-10.2-010,10,10.2,No transaction shall violate constitutional stock integrity rules.,Product Enforceable Requirement,Multiple,Code / Runtime / UI,UNVERIFIED / BLOCKED,Medium,,OSE-backend/src/controllers/getPass.controller.js:7-9 [transaction] sha256=525FCD6DBA33AF14… — Keyword `transaction` from clause | OSE-backend/src/controllers/grn.controller.js:85-87 [transaction] sha256=5E9468C8607E1020… — Keyword `transaction` from clause | OSE-backend/src/controllers/userRights.controller.js:147-149 [transaction] sha256=BA6D60428818E5AC… — Keyword `transaction` from clause; ,,,,,Static code evidence only; runtime not executed for this requirement,,
C10-10.2-011,10,10.2,Inventory movements generated exclusively by Posted transactions.,Product Enforceable Requirement,Multiple,Code / Runtime / UI,UNVERIFIED / BLOCKED,Medium,,OSE-backend/src/acc-authority/base-role-permissions.js:13-15 [inventory] sha256=6F8EB68A4ED527B7… — Keyword `inventory` from clause | OSE-backend/src/acc-authority/base-role-permissions.js:19-21 [inventory] sha256=6F8EB68A4ED527B7… — Keyword `inventory` from clause | OSE-backend/src/acc-authority/base-role-permissions.js:23-25 [inventory] sha256=6F8EB68A4ED527B7… — Keyword `inventory` from clause; ,,,,,Static code evidence only; runtime not executed for this requirement,,
C10-10.2-012,10,10.2,Posted inventory movements shall never be edited,Product Enforceable Requirement,Multiple,Code / Runtime / UI,UNVERIFIED / BLOCKED,Medium,,OSE-backend/src/constants/governed-movement.constants.js:26-28 [posted] sha256=A5995B3AA9290D0F… — Keyword `posted` from clause | OSE-backend/src/constants/governed-movement.constants.js:26-28 [posted] sha256=A5995B3AA9290D0F… — Keyword `posted` from clause | OSE-backend/src/constants/grnStatus.js:2-4 [posted] sha256=29A7B8A311E7456E… — Keyword `posted` from clause; ,,,,,Static code evidence only; runtime not executed for this requirement,,
C10-10.2-013,10,10.2,corrections via new governed transactions.,Product Enforceable Requirement,Multiple,Code / Runtime / UI,UNVERIFIED / BLOCKED,Medium,,OSE-backend/src/services/periodClose.service.js:106-108 [corrections] sha256=A6938443A5322BFB… — Keyword `corrections` from clause; ,,,,,Static code evidence only; runtime not executed for this requirement,,
C10-10.2-014,10,10.2,Inbound: ●  no stock check,Product Enforceable Requirement,Multiple,Code / Runtime / UI,UNVERIFIED / BLOCKED,Medium,,OSE-backend/src/services/postingEngine.service.js:32-32 [stock] sha256=5B89E1CBF5DD7FD5… — Required symbol `stock` present; ,,,,,Static code evidence only; runtime not executed for this requirement,,
C10-10.2-015,10,10.2,Outbound: authoritative on platform,Product Enforceable Requirement,Multiple,Code / Runtime / UI,UNVERIFIED / BLOCKED,Medium,,OSE-backend/src/services/excel.service.js:119-121 [outbound] sha256=BD592C4F898A8AAC… — Keyword `outbound` from clause | OSE-backend/src/services/excel.service.js:126-128 [outbound] sha256=BD592C4F898A8AAC… — Keyword `outbound` from clause | OSE-backend/src/services/excel.service.js:128-130 [outbound] sha256=BD592C4F898A8AAC… — Keyword `outbound` from clause; ,,,,,Static code evidence only; runtime not executed for this requirement,,
C10-10.3-001,10,10.3,Unit conversion within inventory movements,Out of Scope,N/A,N/A,NOT APPLICABLE,Info,,,,,Register category_bucket=Out of Scope verified unchanged,,Constitution marks out of scope for product layer,,
C10-10.3-002,10,10.3,reservation (Chapter 2.4.5).,Out of Scope,N/A,N/A,NOT APPLICABLE,Info,,,,,Register category_bucket=Out of Scope verified unchanged,,Constitution marks out of scope for product layer,,
C11-11.1-001,11,11.1,Display formatting only — not accounting or conversion.,Descriptive Context,N/A,Documentation,NOT APPLICABLE,Info,,,,,Register category_bucket=Descriptive Context verified unchanged,,Descriptive/context row — no product enforcement required,,
C11-11.2-001,11,11.2,Property-level display currency.,Descriptive Context,N/A,Documentation,NOT APPLICABLE,Info,,,,,Register category_bucket=Descriptive Context verified unchanged,,Descriptive/context row — no product enforcement required,,
C11-11.3-001,11,11.3,Changing display currency changes symbol and format only.,Descriptive Context,N/A,Documentation,NOT APPLICABLE,Info,,,,,Register category_bucket=Descriptive Context verified unchanged,,Descriptive/context row — no product enforcement required,,
C11-11.3-002,11,11.3,"It must not convert amounts, alter stored values, ledger, valuation, historical posted documents, or participate in financial calculations, inventory valuation, posting logic, taxation, or accounting transactions.",Product Enforceable Requirement,Multiple,Code / Runtime / UI,UNVERIFIED / BLOCKED,Medium,,OSE-backend/src/services/movement.service.js:111-113 [convert] sha256=B70CE8BAE5B35DE2… — Keyword `convert` from clause | OSE-backend/src/services/superAdmin.service.js:1252-1254 [convert] sha256=11D2555AF4F21574… — Keyword `convert` from clause; ,,,,,Static code evidence only; runtime not executed for this requirement,,
C11-11.4-001,11,11.4,"Display Currency shall apply consistently across all user interfaces, reports, dashboards, exported documents, and printed outputs unless explicitly governed otherwise.",Product Enforceable Requirement,Multiple,Code / Runtime / UI,UNVERIFIED / BLOCKED,Medium,OSE-Frontend/src/app/features/grn/grn-detail/grn-detail.component.ts:129-129 [canDownloadEvidencePack] sha256=0A11327509DAFE67… — Required symbol `canDownloadEvidencePack` present | OSE-Frontend/src/app/features/grn/grn-detail/grn-detail.component.ts:131-131 [POSTED] sha256=0A11327509DAFE67… — Required symbol `POSTED` present; ,,,,,,Static code evidence only; runtime not executed for this requirement,,
C11-11.4-002,11,11.4,Reports and PDF shall use property display currency as each channel is brought under this standard.,Product Enforceable Requirement,Multiple,Code / Runtime / UI,UNVERIFIED / BLOCKED,Medium,,OSE-backend/src/acc-authority/base-role-permissions.js:28-30 [reports] sha256=6F8EB68A4ED527B7… — Keyword `reports` from clause | OSE-backend/src/acc-authority/base-role-permissions.js:28-30 [reports] sha256=6F8EB68A4ED527B7… — Keyword `reports` from clause | OSE-backend/src/acc-authority/base-role-permissions.js:44-46 [reports] sha256=6F8EB68A4ED527B7… — Keyword `reports` from clause; ,,,,,Static code evidence only; runtime not executed for this requirement,,
C11-11.5-001,11,11.5,"Decimal places per currency rules (SAR/USD 2, JPY 0, KWD 3).",Descriptive Context,N/A,Documentation,NOT APPLICABLE,Info,,,,,Register category_bucket=Descriptive Context verified unchanged,,Descriptive/context row — no product enforcement required,,
C11-11.6-001,11,11.6,Changing Property Display Currency must not modify historical posted documents or stored business data.,Product Enforceable Requirement,Multiple,Code / Runtime / UI,UNVERIFIED / BLOCKED,Medium,,OSE-backend/src/services/getPass.service.js:1336-1338 [changing] sha256=8D3A38EE2756E65C… — Keyword `changing` from clause | OSE-backend/src/services/location.service.js:273-275 [changing] sha256=2785D2CE44888139… — Keyword `changing` from clause | OSE-backend/src/services/superAdmin.service.js:1195-1197 [changing] sha256=11D2555AF4F21574… — Keyword `changing` from clause; ,,,,,Static code evidence only; runtime not executed for this requirement,,
C11-11.7-001,11,11.7,Property settings — not inventory module settings.,Descriptive Context,N/A,Documentation,NOT APPLICABLE,Info,,,,,Register category_bucket=Descriptive Context verified unchanged,,Descriptive/context row — no product enforcement required,,
C11-11.8-001,11,11.8,"Exchange rates, multi-currency purchasing, multi-currency accounting.",Out of Scope,N/A,N/A,NOT APPLICABLE,Info,,,,,Register category_bucket=Out of Scope verified unchanged,,Constitution marks out of scope for product layer,,
C12-12.1-001,12,12.1,The document header represents the business identity of the document throughout its lifecycle.,Descriptive Context,N/A,Documentation,NOT APPLICABLE,Info,,,,,Register category_bucket=Descriptive Context verified unchanged,,Descriptive/context row — no product enforcement required,,
C12-12.2-001,12,12.2,"Fixed order where applicable: document number, status, workflow step, created by/date, property, department, warehouse, related party, period, display currency, total value, quick actions.",Descriptive Context,N/A,Documentation,NOT APPLICABLE,Info,,,,,Register category_bucket=Descriptive Context verified unchanged,,Descriptive/context row — no product enforcement required,,
C12-12.2-002,12,12.2,Optional fields omitted when not applicable,UX / Presentation Requirement,UI / UX,Documentation,UNVERIFIED / BLOCKED,Medium,,,,,,,Insufficient evidence to determine compliance,,
C12-12.2-003,12,12.2,positions must not shift arbitrarily.,Product Enforceable Requirement,Multiple,Code / Runtime / UI,UNVERIFIED / BLOCKED,Medium,,OSE-backend/src/services/get-pass-force-close.util.js:66-68 [positions] sha256=23DBAFA2AC209379… — Keyword `positions` from clause | OSE-backend/src/services/get-pass-force-close.util.js:125-127 [positions] sha256=23DBAFA2AC209379… — Keyword `positions` from clause | OSE-backend/src/services/get-pass-force-close.util.js:153-155 [positions] sha256=23DBAFA2AC209379… — Keyword `positions` from clause; ,,,,,Static code evidence only; runtime not executed for this requirement,,
C12-12.3-001,12,12.3,"System fields (document number, status, created by/at, posted by/at, etc.) — must not be usereditable.",Product Enforceable Requirement,Multiple,Code / Runtime / UI,UNVERIFIED / BLOCKED,Medium,,OSE-backend/src/services/docNumbering.service.js:36-36 [generateDocNumber] sha256=7178C47F4C9CCCF3… — Required symbol `generateDocNumber` present; ,,,,,Static code evidence only; runtime not executed for this requirement,,
C12-12.3-002,12,12.3,Business fields — subject to document rules and lifecycle.,Descriptive Context,N/A,Documentation,NOT APPLICABLE,Info,,,,,Register category_bucket=Descriptive Context verified unchanged,,Descriptive/context row — no product enforcement required,,
C12-12.3-003,12,12.3,Mandatory vs optional — per document type in Workflow Contracts / module policy.,Descriptive Context,N/A,Documentation,NOT APPLICABLE,Info,,,,,Register category_bucket=Descriptive Context verified unchanged,,Descriptive/context row — no product enforcement required,,
C12-12.4-001,12,12.4,Header fields shall become read-only once the document enters a non-editable lifecycle state unless explicitly governed otherwise.,Product Enforceable Requirement,Multiple,Code / Runtime / UI,UNVERIFIED / BLOCKED,Medium,,OSE-backend/src/config/swagger.js:37-39 [header] sha256=33A736F825E2BB2F… — Keyword `header` from clause | OSE-backend/src/config/swagger.js:56-58 [header] sha256=33A736F825E2BB2F… — Keyword `header` from clause | OSE-backend/src/controllers/auth.controller.js:24-26 [header] sha256=B28574131FE30669… — Keyword `header` from clause; ,,,,,Static code evidence only; runtime not executed for this requirement,,
C12-12.5-001,12,12.5,"Changes to property, department, warehouse after lines exist or after workflow progress must require confirmation and shall follow document business rules (see BDR for line-clear policies).",Product Enforceable Requirement,Multiple,Code / Runtime / UI,UNVERIFIED / BLOCKED,Medium,,OSE-backend/src/controllers/userRights.controller.js:5-7 [changes] sha256=BA6D60428818E5AC… — Keyword `changes` from clause | OSE-backend/src/engines/scope-context.service.js:23-25 [changes] sha256=88EFCD1042755678… — Keyword `changes` from clause | OSE-backend/src/engines/shadow-mode.service.js:41-43 [changes] sha256=91CEEF84DC0E7DD5… — Keyword `changes` from clause; ,,,,,Static code evidence only; runtime not executed for this requirement,,
C12-12.6-001,12,12.6,Header information and document lines shall remain logically consistent throughout the lifecycle unless explicitly governed otherwise.,Product Enforceable Requirement,Multiple,Code / Runtime / UI,UNVERIFIED / BLOCKED,Medium,OSE-Frontend/src/app/core/utils/constitution-lifecycle.util.ts:15-15 [constitutionUserFacingStateLabel] sha256=941FCAC9A336A56D… — Required symbol `constitutionUserFacingStateLabel` present; ,OSE-backend/src/platform/lifecyclePresentation.service.js:86-86 [mapUserFacingState] sha256=59C396F9812F21C0… — Required symbol `mapUserFacingState` present; ,,,,,Static code evidence only; runtime not executed for this requirement,,
C12-12.7-001,12,12.7,Modules may add header fields provided standard header order and positions are preserved.,Optional Capability,Runtime Behavior,Runtime,NOT APPLICABLE,Info,,,,,Register category_bucket=Optional Capability verified unchanged,,Optional capability — not mandatory for compliance,,
C13-13.1-001,13,13.1,Unified grid behavior for all line-based documents.,Descriptive Context,N/A,Documentation,NOT APPLICABLE,Info,,,,,Register category_bucket=Descriptive Context verified unchanged,,Descriptive/context row — no product enforcement required,,
C13-13.2-001,13,13.2,Each line shall maintain a unique internal identity independent of display order or row number.,Product Enforceable Requirement,Multiple,Code / Runtime / UI,UNVERIFIED / BLOCKED,Medium,OSE-Frontend/src/app/core/pages/master-data-shell/master-data-shell.component.html:6-8 [maintain] sha256=9F5AD78B0AC7A95A… — Keyword `maintain` from clause; ,,,,,,Static code evidence only; runtime not executed for this requirement,,
C13-13.2-002,13,13.2,Display order is presentation only.,Descriptive Context,N/A,Documentation,NOT APPLICABLE,Info,,,,,Register category_bucket=Descriptive Context verified unchanged,,Descriptive/context row — no product enforcement required,,
C13-13.3-001,13,13.3,"Column order, alignment, editable vs read-only, required columns, row validation, footer totals, add/delete, empty state, large datasets, keyboard navigation (Chapter 17).",Descriptive Context,N/A,Documentation,NOT APPLICABLE,Info,,,,,Register category_bucket=Descriptive Context verified unchanged,,Descriptive/context row — no product enforcement required,,
C13-13.4-001,13,13.4,Posted document lines shall be immutable.,Product Enforceable Requirement,Multiple,Code / Runtime / UI,PASS,Info,,OSE-backend/src/services/grn.service.js + posting.service.js — POSTED read-only enforced at API (RS-POST-001),,RS-POST-001=Passed (GATE_B_CURRENT_SESSION_RUNTIME.json): PATCH posted GRN → HTTP 423 'GRN is POSTED and is fully read-only.',,grand-horizon,,,
C13-13.4-002,13,13.4,Corrections via new governed business transactions.,Descriptive Context,N/A,Documentation,NOT APPLICABLE,Info,,,,,Register category_bucket=Descriptive Context verified unchanged,,Descriptive/context row — no product enforcement required,,
C13-13.5-001,13,13.5,Line values and calculated fields shall recalculate automatically per governed business rules when relevant data changes.,Product Enforceable Requirement,Multiple,Code / Runtime / UI,UNVERIFIED / BLOCKED,Medium,,OSE-backend/src/constants/grnStatus.js:11-13 [values] sha256=29A7B8A311E7456E… — Keyword `values` from clause | OSE-backend/src/constants/grnStatus.js:13-15 [values] sha256=29A7B8A311E7456E… — Keyword `values` from clause | OSE-backend/src/controllers/breakage.controller.js:15-17 [values] sha256=033635D0463754CB… — Keyword `values` from clause; ,,,,,Static code evidence only; runtime not executed for this requirement,,
C13-13.6-001,13,13.6,All lines shall remain consistent with governing business context in the header unless explicitly governed otherwise.,Product Enforceable Requirement,Multiple,Code / Runtime / UI,UNVERIFIED / BLOCKED,Medium,,OSE-backend/src/config/swagger.js:82-84 [lines] sha256=33A736F825E2BB2F… — Keyword `lines` from clause | OSE-backend/src/controllers/breakage.controller.js:38-40 [lines] sha256=033635D0463754CB… — Keyword `lines` from clause | OSE-backend/src/controllers/breakage.controller.js:39-41 [lines] sha256=033635D0463754CB… — Keyword `lines` from clause; ,,,,,Static code evidence only; runtime not executed for this requirement,,
C13-13.7-001,13,13.7,Document and line totals are system-calculated,Descriptive Context,N/A,Documentation,NOT APPLICABLE,Info,,,,,Register category_bucket=Descriptive Context verified unchanged,,Descriptive/context row — no product enforcement required,,
C13-13.7-002,13,13.7,must not be directly user-editable.,Governance Definition,Governance Documentation,Documentation,NOT APPLICABLE,Info,,,,,Register category_bucket=Governance Definition verified unchanged,,"Governance definition — terminology, not product behavior",,
C13-13.8-001,13,13.8,Duplicate line behavior shall be defined by each business document according to functional requirements (not one global merge/prevent policy).,Product Enforceable Requirement,Multiple,Code / Runtime / UI,UNVERIFIED / BLOCKED,Medium,,OSE-backend/src/acc-authority/runtime-permission-matrix.js:4-6 [duplicate] sha256=AC2A797FE43BF0BA… — Keyword `duplicate` from clause | OSE-backend/src/controllers/report.controller.js:121-123 [duplicate] sha256=4BED5293AA19270E… — Keyword `duplicate` from clause | OSE-backend/src/controllers/userRights.controller.js:169-171 [duplicate] sha256=BA6D60428818E5AC… — Keyword `duplicate` from clause; ,,,,,Static code evidence only; runtime not executed for this requirement,,
C13-13.9-001,13,13.9,Significant line-level business changes shall be auditable per platform audit policy.,Product Enforceable Requirement,Multiple,Code / Runtime / UI,UNVERIFIED / BLOCKED,Medium,,OSE-backend/src/acc-authority/base-role-permissions.js:37-39 [level] sha256=6F8EB68A4ED527B7… — Keyword `level` from clause | OSE-backend/src/acc-authority/base-role-permissions.js:37-39 [level] sha256=6F8EB68A4ED527B7… — Keyword `level` from clause | OSE-backend/src/acc-authority/base-role-permissions.js:46-48 [level] sha256=6F8EB68A4ED527B7… — Keyword `level` from clause; ,,,,,Static code evidence only; runtime not executed for this requirement,,
C13-13.10-001,13,13.10,Large datasets shall not degrade usability (Chapter 27).,Product Enforceable Requirement,Multiple,Code / Runtime / UI,UNVERIFIED / BLOCKED,Medium,,OSE-backend/src/docs/schemas.js:156-158 [large] sha256=647866494269FA07… — Keyword `large` from clause | OSE-backend/src/services/item.service.js:194-196 [large] sha256=BE0E80A7F00664DF… — Keyword `large` from clause | OSE-backend/src/services/setting.service.js:6-8 [large] sha256=FCEF3347DD9060D4… — Keyword `large` from clause; ,,,,,Static code evidence only; runtime not executed for this requirement,,
C14-14.1-001,14,14.1,"Consistent attachment experience via unified platform attachment capability (one behavior, module configuration only).",Descriptive Context,N/A,Documentation,NOT APPLICABLE,Info,,,,,Register category_bucket=Descriptive Context verified unchanged,,Descriptive/context row — no product enforcement required,,
C14-14.2-001,14,14.2,"Invoice, evidence, supporting document, line photo, excel import, generated report, other — per module.",Descriptive Context,N/A,Documentation,NOT APPLICABLE,Info,,,,,Register category_bucket=Descriptive Context verified unchanged,,Descriptive/context row — no product enforcement required,,
C14-14.3-001,14,14.3,"State Typical rights Draft Add, replace, delete In review View, download Posted Read-only Posted attachments shall not be modified, replaced, or deleted.",Product Enforceable Requirement,Multiple,Code / Runtime / UI,UNVERIFIED / BLOCKED,Medium,,OSE-backend/src/platform/draftGovernance.service.js:106-106 [assertDraftEditable] sha256=13CD0E2AABF0DB80… — Required symbol `assertDraftEditable` present; ,,,,,Static code evidence only; runtime not executed for this requirement,,
C14-14.3-002,14,14.3,Required attachments must block submit when missing.,Product Enforceable Requirement,Multiple,Code / Runtime / UI,UNVERIFIED / BLOCKED,Medium,,OSE-backend/src/acc-authority/step-permission-enforcement.js:33-35 [required] sha256=494B03743715364D… — Keyword `required` from clause | OSE-backend/src/acc-authority/step-permission-enforcement.js:35-37 [required] sha256=494B03743715364D… — Keyword `required` from clause | OSE-backend/src/acc-authority/step-permission-enforcement.js:35-37 [required] sha256=494B03743715364D… — Keyword `required` from clause; ,,,,,Static code evidence only; runtime not executed for this requirement,,
C14-14.4-001,14,14.4,"Platform shall enforce allowed types, maximum size, and maximum count (values in platform policy, not this Constitution).",Product Enforceable Requirement,Multiple,Code / Runtime / UI,UNVERIFIED / BLOCKED,Medium,,OSE-backend/src/acc-authority/step-permission-enforcement.js:3-5 [enforce] sha256=494B03743715364D… — Keyword `enforce` from clause | OSE-backend/src/acc-authority/step-permission-enforcement.test.js:8-10 [enforce] sha256=A86CB8121FEBCC87… — Keyword `enforce` from clause | OSE-backend/src/acc-runtime/featureFlags.js:18-20 [enforce] sha256=2D98FAB4551A2CB6… — Keyword `enforce` from clause; ,,,,,Static code evidence only; runtime not executed for this requirement,,
C14-14.5-001,14,14.5,Uploaded files shall comply with platform security validation policy.,Product Enforceable Requirement,Multiple,Code / Runtime / UI,UNVERIFIED / BLOCKED,Medium,,OSE-backend/src/controllers/breakage.controller.js:11-13 [uploaded] sha256=033635D0463754CB… — Keyword `uploaded` from clause | OSE-backend/src/controllers/breakage.controller.js:22-24 [uploaded] sha256=033635D0463754CB… — Keyword `uploaded` from clause | OSE-backend/src/controllers/breakage.controller.js:209-211 [uploaded] sha256=033635D0463754CB… — Keyword `uploaded` from clause; ,,,,,Static code evidence only; runtime not executed for this requirement,,
C14-14.6-001,14,14.6,Download subject to same authorization as document view (and finer where required).,Descriptive Context,N/A,Documentation,NOT APPLICABLE,Info,,,,,Register category_bucket=Descriptive Context verified unchanged,,Descriptive/context row — no product enforcement required,,
C14-14.7-001,14,14.7,Attachment lifecycle follows linked entity (document or line).,Descriptive Context,N/A,Documentation,NOT APPLICABLE,Info,,,,,Register category_bucket=Descriptive Context verified unchanged,,Descriptive/context row — no product enforcement required,,
C14-14.8-001,14,14.8,Original filename may display,Optional Capability,Runtime Behavior,Runtime,NOT APPLICABLE,Info,,,,,Register category_bucket=Optional Capability verified unchanged,,Optional capability — not mandatory for compliance,,
C14-14.8-002,14,14.8,platform defines internal storage identity — filenames must not serve as internal identifiers.,Product Enforceable Requirement,Multiple,Code / Runtime / UI,UNVERIFIED / BLOCKED,Medium,OSE-Frontend/src/app/features/admin/user-rights/user-rights.component.html:248-250 [defines] sha256=B4D649A66E2B0A99… — Keyword `defines` from clause; ,,,,,,Static code evidence only; runtime not executed for this requirement,,
C14-14.9-001,14,14.9,All attachment operations auditable.,Descriptive Context,N/A,Documentation,NOT APPLICABLE,Info,,,,,Register category_bucket=Descriptive Context verified unchanged,,Descriptive/context row — no product enforcement required,,
C14-14.10-001,14,14.10,Preview UX details — UX Constitution.,Out of Scope,N/A,N/A,NOT APPLICABLE,Info,,,,,Register category_bucket=Out of Scope verified unchanged,,Constitution marks out of scope for product layer,,
C15-15.1-001,15,15.1,"Workflow comment, internal note, system note, audit comment.",Descriptive Context,N/A,Documentation,NOT APPLICABLE,Info,,,,,Register category_bucket=Descriptive Context verified unchanged,,Descriptive/context row — no product enforcement required,,
C15-15.2-001,15,15.2,"Reject, Send Back, Cancel — reason required where defined.",Product Enforceable Requirement,Multiple,Code / Runtime / UI,UNVERIFIED / BLOCKED,Medium,,OSE-backend/src/constants/governed-movement.constants.js:17-19 [reject] sha256=A5995B3AA9290D0F… — Keyword `reject` from clause | OSE-backend/src/constants/grnStatus.js:2-4 [reject] sha256=29A7B8A311E7456E… — Keyword `reject` from clause | OSE-backend/src/controllers/breakage.controller.js:191-193 [reject] sha256=033635D0463754CB… — Keyword `reject` from clause; ,,,,,Static code evidence only; runtime not executed for this requirement,,
C15-15.3-001,15,15.3,"Workflow comments, system notes, and audit comments shall become immutable once recorded.",Product Enforceable Requirement,Multiple,Code / Runtime / UI,UNVERIFIED / BLOCKED,Medium,,OSE-backend/src/acc-authority/base-role-permissions.js:30-32 [workflow] sha256=6F8EB68A4ED527B7… — Keyword `workflow` from clause | OSE-backend/src/acc-authority/base-role-permissions.js:45-47 [workflow] sha256=6F8EB68A4ED527B7… — Keyword `workflow` from clause | OSE-backend/src/acc-authority/base-role-permissions.js:55-57 [workflow] sha256=6F8EB68A4ED527B7… — Keyword `workflow` from clause; ,,,,,Static code evidence only; runtime not executed for this requirement,,
C15-15.3-002,15,15.3,Internal notes visibility governed by platform authorization model.,Descriptive Context,N/A,Documentation,NOT APPLICABLE,Info,,,,,Register category_bucket=Descriptive Context verified unchanged,,Descriptive/context row — no product enforcement required,,
C15-15.4-001,15,15.4,Generated exclusively by the platform,Descriptive Context,N/A,Documentation,NOT APPLICABLE,Info,,,,,Register category_bucket=Descriptive Context verified unchanged,,Descriptive/context row — no product enforcement required,,
C15-15.4-002,15,15.4,users must not manually create or modify.,Product Enforceable Requirement,Multiple,Code / Runtime / UI,UNVERIFIED / BLOCKED,Medium,,OSE-backend/src/acc-authority/base-role-permissions.js:34-36 [users] sha256=6F8EB68A4ED527B7… — Keyword `users` from clause | OSE-backend/src/acc-authority/base-role-permissions.js:80-82 [users] sha256=6F8EB68A4ED527B7… — Keyword `users` from clause | OSE-backend/src/acc-authority/catalog.constitution.js:39-41 [users] sha256=88A18C81F472DDF3… — Keyword `users` from clause; ,,,,,Static code evidence only; runtime not executed for this requirement,,
C15-15.5-001,15,15.5,Notes and comments in chronological order within unified timeline (Chapter 22).,Descriptive Context,N/A,Documentation,NOT APPLICABLE,Info,,,,,Register category_bucket=Descriptive Context verified unchanged,,Descriptive/context row — no product enforcement required,,
C15-15.6-001,15,15.6,Per type policy,Descriptive Context,N/A,Documentation,NOT APPLICABLE,Info,,,,,Register category_bucket=Descriptive Context verified unchanged,,Descriptive/context row — no product enforcement required,,
C15-15.6-002,15,15.6,workflow comments in timeline,Descriptive Context,N/A,Documentation,NOT APPLICABLE,Info,,,,,Register category_bucket=Descriptive Context verified unchanged,,Descriptive/context row — no product enforcement required,,
C15-15.6-003,15,15.6,print inclusion per module policy.,Descriptive Context,N/A,Documentation,NOT APPLICABLE,Info,,,,,Register category_bucket=Descriptive Context verified unchanged,,Descriptive/context row — no product enforcement required,,
C16-16.1-001,16,16.1,"Images support operational accuracy (especially count), not decoration.",Descriptive Context,N/A,Documentation,NOT APPLICABLE,Info,,,,,Register category_bucket=Descriptive Context verified unchanged,,Descriptive/context row — no product enforcement required,,
C16-16.2-001,16,16.2,Item images are Item Master data,Descriptive Context,N/A,Documentation,NOT APPLICABLE,Info,,,,,Register category_bucket=Descriptive Context verified unchanged,,Descriptive/context row — no product enforcement required,,
C16-16.2-002,16,16.2,must not be created or modified through transactional documents.,Product Enforceable Requirement,Multiple,Documentation,UNVERIFIED / BLOCKED,Info,,OSE-backend/src/controllers/accWorkflowConfig.controller.js:11-13 [created] sha256=55853A223CB12D1B… — Keyword `created` from clause | OSE-backend/src/controllers/accWorkflowConfig.controller.js:15-17 [created] sha256=55853A223CB12D1B… — Keyword `created` from clause | OSE-backend/src/controllers/accWorkflowConfig.controller.js:63-65 [created] sha256=55853A223CB12D1B… — Keyword `created` from clause; ,,,,,Closeout: unsupported PASS removed — not in closeout-verified PASS allowlist,,
C16-16.3-001,16,16.3,Single source: Item Master,Descriptive Context,N/A,Documentation,NOT APPLICABLE,Info,,,,,Register category_bucket=Descriptive Context verified unchanged,,Descriptive/context row — no product enforcement required,,
C16-16.3-002,16,16.3,Thumbnails in operational screens where valuable,UX / Presentation Requirement,UI / UX,Documentation,UNVERIFIED / BLOCKED,Medium,,,,,,,Insufficient evidence to determine compliance,,
C16-16.3-003,16,16.3,Standardized placeholder when no image,UX / Presentation Requirement,UI / UX,Documentation,UNVERIFIED / BLOCKED,Medium,,,,,,,Insufficient evidence to determine compliance,,
C16-16.3-004,16,16.3,Bulk upload may be supported,Optional Capability,Runtime Behavior,Runtime,NOT APPLICABLE,Info,,,,,Register category_bucket=Optional Capability verified unchanged,,Optional capability — not mandatory for compliance,,
C16-16.3-005,16,16.3,Count sheet export/import compatibility when images included,Descriptive Context,N/A,Documentation,NOT APPLICABLE,Info,,,,,Register category_bucket=Descriptive Context verified unchanged,,Descriptive/context row — no product enforcement required,,
C16-16.3-006,16,16.3,Thumbnails in grids,UX / Presentation Requirement,UI / UX,Documentation,UNVERIFIED / BLOCKED,Medium,,,,,,,Insufficient evidence to determine compliance,,
C16-16.3-007,16,16.3,not full resolution,UX / Presentation Requirement,UI / UX,Documentation,UNVERIFIED / BLOCKED,Medium,,,,,,,Insufficient evidence to determine compliance,,
C16-16.3-008,16,16.3,Maximum 1 MB per image,Product Enforceable Requirement,Multiple,Documentation,UNVERIFIED / BLOCKED,Info,,OSE-backend/src/services/acc-assignment-lifecycle.service.js:152-154 [maximum] sha256=EA432CBE7212A668… — Keyword `maximum` from clause | OSE-backend/src/services/acc-assignment-membership-provision.service.js:86-88 [maximum] sha256=5A69588DC159A059… — Keyword `maximum` from clause | OSE-backend/src/services/breakage.service.js:1144-1146 [maximum] sha256=789C6093E4FF4A49… — Keyword `maximum` from clause; ,,,,,Closeout: unsupported PASS removed — not in closeout-verified PASS allowlist,,
C16-16.3-009,16,16.3,Supported formats/dimensions per platform media policy,Product Enforceable Requirement,Multiple,Documentation,UNVERIFIED / BLOCKED,Info,,OSE-backend/src/engines/assignment.validators.js:141-143 [supported] sha256=64FAECB6C05C02A9… — Keyword `supported` from clause | OSE-backend/src/engines/ur-audit.logger.js:8-10 [supported] sha256=25D9DF636F26AB21… — Keyword `supported` from clause | OSE-backend/src/engines/user-override.engine.js:5-7 [supported] sha256=748FDACD13CF433A… — Keyword `supported` from clause; ,,,,,Closeout: unsupported PASS removed — not in closeout-verified PASS allowlist,,
C16-16.3-010,16,16.3,Unified export behavior when image absent,Product Enforceable Requirement,Multiple,Documentation,UNVERIFIED / BLOCKED,Info,OSE-Frontend/src/app/features/grn/grn-detail/grn-detail.component.ts:129-129 [canDownloadEvidencePack] sha256=0A11327509DAFE67… — Required symbol `canDownloadEvidencePack` present | OSE-Frontend/src/app/features/grn/grn-detail/grn-detail.component.ts:131-131 [POSTED] sha256=0A11327509DAFE67… — Required symbol `POSTED` present; ,,,,,,Closeout: unsupported PASS removed — not in closeout-verified PASS allowlist,,
C17-17.1-001,17,17.1,"All modules and shared experiences: documents, master data, settings, reports, dialogs.",UX / Presentation Requirement,N/A,UI / UX,UNVERIFIED / BLOCKED,Medium,,,,,,,Behavioral requirement without runtime scenario evidence,,
C17-17.2-001,17,17.2,Keyboard-first,UX / Presentation Requirement,UI / UX,UI / UX,PARTIAL,Medium,OSE-Frontend/src/app/core/directives/keyboard-navigation.directive.ts:13-14 [appKeyboardNav] — directive exists | limitation: no [appKeyboardNav] on governed document shell templates,,,,,,Passing: directive/infrastructure exists; Failing: not wired on required document shells,FIND-003,
C17-17.2-002,17,17.2,Enter → next field (not submit/post/delete),UX / Presentation Requirement,UI / UX,UI / UX,UNVERIFIED / BLOCKED,Medium,,,,,,,Behavioral requirement without runtime scenario evidence,,
C17-17.2-003,17,17.2,Enter at row end → next row or add row,UX / Presentation Requirement,UI / UX,UI / UX,UNVERIFIED / BLOCKED,Medium,,,,,,,Behavioral requirement without runtime scenario evidence,,
C17-17.2-004,17,17.2,Shift+Enter → previous,UX / Presentation Requirement,UI / UX,UI / UX,UNVERIFIED / BLOCKED,Medium,,,,,,,Behavioral requirement without runtime scenario evidence,,
C17-17.2-005,17,17.2,Enter in textarea → new line,UX / Presentation Requirement,UI / UX,UI / UX,UNVERIFIED / BLOCKED,Medium,,,,,,,Behavioral requirement without runtime scenario evidence,,
C17-17.2-006,17,17.2,Esc closes lookup/calendar/small overlay,UX / Presentation Requirement,UI / UX,UI / UX,UNVERIFIED / BLOCKED,Medium,,,,,,,Behavioral requirement without runtime scenario evidence,,
C17-17.2-007,17,17.2,Tab standard browser order,UX / Presentation Requirement,UI / UX,UI / UX,UNVERIFIED / BLOCKED,Medium,,,,,,,Behavioral requirement without runtime scenario evidence,,
C17-17.3-001,17,17.3,Keyboard behavior consistent across all modules,UX / Presentation Requirement,UI / UX,UI / UX,PARTIAL,Medium,OSE-Frontend/src/app/core/directives/keyboard-navigation.directive.ts:13-14 [appKeyboardNav] — directive exists | limitation: no [appKeyboardNav] on governed document shell templates,,,,,,Passing: directive/infrastructure exists; Failing: not wired on required document shells,FIND-003,
C17-17.3-002,17,17.3,Focus visually distinguishable,UX / Presentation Requirement,UI / UX,UI / UX,UNVERIFIED / BLOCKED,Medium,,,,,,,Behavioral requirement without runtime scenario evidence,,
C17-17.3-003,17,17.3,Skip disabled and hidden controls,UX / Presentation Requirement,UI / UX,UI / UX,UNVERIFIED / BLOCKED,Medium,,,,,,,Behavioral requirement without runtime scenario evidence,,
C17-17.3-004,17,17.3,Dialogs assign initial focus to primary interactive element,UX / Presentation Requirement,UI / UX,UI / UX,UNVERIFIED / BLOCKED,Medium,,,,,,,Behavioral requirement without runtime scenario evidence,,
C17-17.3-005,17,17.3,Global shortcuts centrally governed — modules must not introduce independent global shortcuts,Product Enforceable Requirement,Multiple,UI / UX,UNVERIFIED / BLOCKED,Medium,,OSE-backend/src/acc-runtime/featureFlags.js:11-13 [global] sha256=2D98FAB4551A2CB6… — Keyword `global` from clause | OSE-backend/src/acc-runtime/featureFlags.js:136-138 [global] sha256=2D98FAB4551A2CB6… — Keyword `global` from clause | OSE-backend/src/acc-runtime/resolvePermissions.js:4-6 [global] sha256=465B7E58B7AD595E… — Keyword `global` from clause; ,,,,,Static code evidence only; runtime not executed for this requirement,,
C17-17.4-001,17,17.4,Global shortcut catalog (future amendment).,Out of Scope,N/A,N/A,NOT APPLICABLE,Info,,,,,Register category_bucket=Out of Scope verified unchanged,,Constitution marks out of scope for product layer,,
C18-18.1-001,18,18.1,One error type → one display channel.,UX / Presentation Requirement,UI / UX,UI / UX,UNVERIFIED / BLOCKED,Medium,,,,,,,Behavioral requirement without runtime scenario evidence,,
C18-18.1-002,18,18.1,Field validation maps to Inline display channel.,UX / Presentation Requirement,UI / UX,UI / UX,UNVERIFIED / BLOCKED,Medium,,,,,,,Behavioral requirement without runtime scenario evidence,,
C18-18.1-003,18,18.1,Row validation maps to On row display channel.,UX / Presentation Requirement,UI / UX,UI / UX,UNVERIFIED / BLOCKED,Medium,,,,,,,Behavioral requirement without runtime scenario evidence,,
C18-18.1-004,18,18.1,Document validation maps to Summary banner display channel.,UX / Presentation Requirement,UI / UX,UI / UX,UNVERIFIED / BLOCKED,Medium,,,,,,,Behavioral requirement without runtime scenario evidence,,
C18-18.1-005,18,18.1,Confirmation maps to Dialog and is not validation.,UX / Presentation Requirement,UI / UX,UI / UX,UNVERIFIED / BLOCKED,Medium,,,,,,,Behavioral requirement without runtime scenario evidence,,
C18-18.1-006,18,18.1,Success feedback governed by Chapter 20.,UX / Presentation Requirement,UI / UX,UI / UX,UNVERIFIED / BLOCKED,Medium,,,,,,,Behavioral requirement without runtime scenario evidence,,
C18-18.1-007,18,18.1,System failure governed by Chapter 19.,UX / Presentation Requirement,UI / UX,UI / UX,UNVERIFIED / BLOCKED,Medium,,,,,,,Behavioral requirement without runtime scenario evidence,,
C18-18.2-001,18,18.2,Errors disappear when fixed,UX / Presentation Requirement,UI / UX,UI / UX,UNVERIFIED / BLOCKED,Medium,,,,,,,Behavioral requirement without runtime scenario evidence,,
C18-18.2-002,18,18.2,submit → focus first error,Product Enforceable Requirement,Multiple,UI / UX,UNVERIFIED / BLOCKED,Medium,,OSE-backend/src/acc-authority/base-role-permissions.js:38-40 [submit] sha256=6F8EB68A4ED527B7… — Keyword `submit` from clause | OSE-backend/src/acc-authority/base-role-permissions.js:47-49 [submit] sha256=6F8EB68A4ED527B7… — Keyword `submit` from clause | OSE-backend/src/acc-authority/base-role-permissions.js:57-59 [submit] sha256=6F8EB68A4ED527B7… — Keyword `submit` from clause; ,,,,,Static code evidence only; runtime not executed for this requirement,,
C18-18.2-003,18,18.2,Many errors: banner shows count,UX / Presentation Requirement,UI / UX,UI / UX,UNVERIFIED / BLOCKED,Medium,,,,,,,Behavioral requirement without runtime scenario evidence,,
C18-18.2-003b,18,18.2,details at fields/rows,UX / Presentation Requirement,UI / UX,UI / UX,UNVERIFIED / BLOCKED,Medium,,,,,,,Behavioral requirement without runtime scenario evidence,,
C18-18.2-004,18,18.2,All messages support localization,Product Enforceable Requirement,Multiple,UI / UX,UNVERIFIED / BLOCKED,Medium,OSE-backend/src/services/auth.service.js:178-180 [messages] sha256=F38ED8A685ACB53B… — Keyword `messages` from clause | OSE-backend/src/services/auth.service.js:182-184 [messages] sha256=F38ED8A685ACB53B… — Keyword `messages` from clause | OSE-Frontend/src/app/core/guards/master-data-property-context.guard.ts:2-4 [messages] sha256=F91ADC63E76FCEE0… — Keyword `messages` from clause; ,,,,,,Static code evidence only; runtime not executed for this requirement,,
C18-18.2-005,18,18.2,Backend returns codes,Product Enforceable Requirement,Multiple,UI / UX,UNVERIFIED / BLOCKED,Medium,,OSE-backend/src/config/swagger.js:41-43 [backend] sha256=33A736F825E2BB2F… — Keyword `backend` from clause | OSE-backend/src/config/swagger.js:64-66 [backend] sha256=33A736F825E2BB2F… — Keyword `backend` from clause | OSE-backend/src/platform/timeline/timelineEntry.i18n-keys.js:4-6 [backend] sha256=99930BE4BBD141CE… — Keyword `backend` from clause; ,,,,,Static code evidence only; runtime not executed for this requirement,,
C18-18.2-005b,18,18.2,platform presents translated text,Product Enforceable Requirement,Multiple,UI / UX,UNVERIFIED / BLOCKED,Medium,,OSE-backend/src/services/pdf/report-golden-language.js:56-58 [presents] sha256=19D512D9B395D62A… — Keyword `presents` from clause | OSE-backend/src/services/pdf/report-golden-language.js:68-70 [presents] sha256=19D512D9B395D62A… — Keyword `presents` from clause | OSE-backend/src/services/pdf/report-golden-language.js:98-100 [presents] sha256=19D512D9B395D62A… — Keyword `presents` from clause; ,,,,,Static code evidence only; runtime not executed for this requirement,,
C18-18.2-006,18,18.2,Deterministic — same input + conditions → same result,Product Enforceable Requirement,Multiple,UI / UX,UNVERIFIED / BLOCKED,Medium,,OSE-backend/src/platform/timeline/timelineEntry.sort.js:83-85 [deterministic] sha256=7E86820AAC196F89… — Keyword `deterministic` from clause | OSE-backend/src/platform/timeline/timelineEntry.test.js:158-160 [deterministic] sha256=486279858B10ADE1… — Keyword `deterministic` from clause | OSE-backend/src/services/report.service.js:1300-1302 [deterministic] sha256=1118EC144F56300D… — Keyword `deterministic` from clause; ,,,,,Static code evidence only; runtime not executed for this requirement,,
C18-18.2-007,18,18.2,"Validation at data entry, workflow actions, posting per business rules",Product Enforceable Requirement,Multiple,UI / UX,UNVERIFIED / BLOCKED,Medium,,OSE-backend/src/acc-authority/catalog.constitution.js:4-6 [validation] sha256=88A18C81F472DDF3… — Keyword `validation` from clause | OSE-backend/src/controllers/inventoryCount.controller.js:23-25 [validation] sha256=9CD2AE6906B1E320… — Keyword `validation` from clause | OSE-backend/src/controllers/inventoryCount.controller.js:27-29 [validation] sha256=9CD2AE6906B1E320… — Keyword `validation` from clause; ,,,,,Static code evidence only; runtime not executed for this requirement,,
C18-18.2-008,18,18.2,Client-side assists,Product Enforceable Requirement,Multiple,UI / UX,UNVERIFIED / BLOCKED,Medium,,OSE-backend/src/config/database.js:7-9 [client] sha256=E2025FF7C5BF8C7D… — Keyword `client` from clause | OSE-backend/src/config/database.js:7-9 [client] sha256=E2025FF7C5BF8C7D… — Keyword `client` from clause | OSE-backend/src/config/database.js:14-16 [client] sha256=E2025FF7C5BF8C7D… — Keyword `client` from clause; ,,,,,Static code evidence only; runtime not executed for this requirement,,
C18-18.2-008b,18,18.2,server-side authoritative,Product Enforceable Requirement,Multiple,UI / UX,UNVERIFIED / BLOCKED,Medium,,OSE-backend/src/config/swagger.js:14-16 [server] sha256=33A736F825E2BB2F… — Keyword `server` from clause | OSE-backend/src/config/swagger.js:15-17 [server] sha256=33A736F825E2BB2F… — Keyword `server` from clause | OSE-backend/src/config/swagger.js:18-20 [server] sha256=33A736F825E2BB2F… — Keyword `server` from clause; ,,,,,Static code evidence only; runtime not executed for this requirement,,
C18-18.2-009,18,18.2,Messages in logical order (header → lines → document),Product Enforceable Requirement,Multiple,UI / UX,UNVERIFIED / BLOCKED,Medium,OSE-backend/src/services/auth.service.js:178-180 [messages] sha256=F38ED8A685ACB53B… — Keyword `messages` from clause | OSE-backend/src/services/auth.service.js:182-184 [messages] sha256=F38ED8A685ACB53B… — Keyword `messages` from clause | OSE-Frontend/src/app/core/guards/master-data-property-context.guard.ts:2-4 [messages] sha256=F91ADC63E76FCEE0… — Keyword `messages` from clause; ,,,,,,Static code evidence only; runtime not executed for this requirement,,
C18-18.2-010,18,18.2,Warnings informational unless governed,Product Enforceable Requirement,Multiple,UI / UX,UNVERIFIED / BLOCKED,Medium,,OSE-backend/src/controllers/item.controller.js:79-81 [warnings] sha256=55548A15AB9E4881… — Keyword `warnings` from clause | OSE-backend/src/controllers/item.controller.js:79-81 [warnings] sha256=55548A15AB9E4881… — Keyword `warnings` from clause | OSE-backend/src/controllers/item.controller.js:80-82 [warnings] sha256=55548A15AB9E4881… — Keyword `warnings` from clause; ,,,,,Static code evidence only; runtime not executed for this requirement,,
C18-18.2-010b,18,18.2,validation errors block operation,Product Enforceable Requirement,Multiple,UI / UX,UNVERIFIED / BLOCKED,Medium,,OSE-backend/src/acc-authority/catalog.constitution.js:4-6 [validation] sha256=88A18C81F472DDF3… — Keyword `validation` from clause | OSE-backend/src/controllers/inventoryCount.controller.js:23-25 [validation] sha256=9CD2AE6906B1E320… — Keyword `validation` from clause | OSE-backend/src/controllers/inventoryCount.controller.js:27-29 [validation] sha256=9CD2AE6906B1E320… — Keyword `validation` from clause; ,,,,,Static code evidence only; runtime not executed for this requirement,,
C18-18.2-011,18,18.2,Must not duplicate same error across channels,Product Enforceable Requirement,Multiple,Code / Runtime / UI,UNVERIFIED / BLOCKED,Medium,,OSE-backend/src/acc-authority/runtime-permission-matrix.js:4-6 [duplicate] sha256=AC2A797FE43BF0BA… — Keyword `duplicate` from clause | OSE-backend/src/controllers/report.controller.js:121-123 [duplicate] sha256=4BED5293AA19270E… — Keyword `duplicate` from clause | OSE-backend/src/controllers/userRights.controller.js:169-171 [duplicate] sha256=BA6D60428818E5AC… — Keyword `duplicate` from clause; ,,,,,Static code evidence only; runtime not executed for this requirement,,
C18-18.3-001,18,18.3,Individual message wording catalog.,Out of Scope,N/A,N/A,NOT APPLICABLE,Info,,,,,Register category_bucket=Out of Scope verified unchanged,,Constitution marks out of scope for product layer,,
C19-19.1-001,19,19.1,"Information, warning, validation error, blocking business error, system error.",Descriptive Context,N/A,Documentation,NOT APPLICABLE,Info,,,,,Register category_bucket=Descriptive Context verified unchanged,,Descriptive/context row — no product enforcement required,,
C19-19.2-001,19,19.2,Matches severity,Descriptive Context,N/A,Documentation,NOT APPLICABLE,Info,,,,,Register category_bucket=Descriptive Context verified unchanged,,Descriptive/context row — no product enforcement required,,
C19-19.2-002,19,19.2,no duplicate channels.,Product Enforceable Requirement,Multiple,Documentation,UNVERIFIED / BLOCKED,Info,,OSE-backend/src/acc-authority/runtime-permission-matrix.js:4-6 [duplicate] sha256=AC2A797FE43BF0BA… — Keyword `duplicate` from clause | OSE-backend/src/controllers/report.controller.js:121-123 [duplicate] sha256=4BED5293AA19270E… — Keyword `duplicate` from clause | OSE-backend/src/controllers/userRights.controller.js:169-171 [duplicate] sha256=BA6D60428818E5AC… — Keyword `duplicate` from clause; ,,,,,Closeout: unsupported PASS removed — not in closeout-verified PASS allowlist,,
C19-19.3-001,19,19.3,"Clear, actionable, free of technical implementation details.",Descriptive Context,N/A,Documentation,NOT APPLICABLE,Info,,,,,Register category_bucket=Descriptive Context verified unchanged,,Descriptive/context row — no product enforcement required,,
C19-19.3-002,19,19.3,"Sensitive information (stack traces, SQL, internal IDs) must never be exposed to end users.",Product Enforceable Requirement,Multiple,Code / Runtime / UI,UNVERIFIED / BLOCKED,Medium,,OSE-backend/src/controllers/userRights.controller.js:823-825 [sensitive] sha256=BA6D60428818E5AC… — Keyword `sensitive` from clause | OSE-backend/src/controllers/userRights.controller.js:824-826 [sensitive] sha256=BA6D60428818E5AC… — Keyword `sensitive` from clause | OSE-backend/src/controllers/userRights.controller.js:825-827 [sensitive] sha256=BA6D60428818E5AC… — Keyword `sensitive` from clause; ,,,,,Static code evidence only; runtime not executed for this requirement,,
C19-19.4-001,19,19.4,Suggest next action,Descriptive Context,N/A,Documentation,NOT APPLICABLE,Info,,,,,Register category_bucket=Descriptive Context verified unchanged,,Descriptive/context row — no product enforcement required,,
C19-19.4-002,19,19.4,retry only when safe and meaningful.,Governance Definition,Governance Documentation,Documentation,NOT APPLICABLE,Info,,,,,Register category_bucket=Governance Definition verified unchanged,,"Governance definition — terminology, not product behavior",,
C19-19.5-001,19,19.5,Equivalent conditions → consistent codes and experience.,Descriptive Context,N/A,Documentation,NOT APPLICABLE,Info,,,,,Register category_bucket=Descriptive Context verified unchanged,,Descriptive/context row — no product enforcement required,,
C19-19.5-002,19,19.5,"Structured error codes and families are defined in the Architecture & Implementation Guide, not in this Constitution.",Descriptive Context,N/A,Documentation,NOT APPLICABLE,Info,,,,,Register category_bucket=Descriptive Context verified unchanged,,Descriptive/context row — no product enforcement required,,
C19-19.6-001,19,19.6,System errors logged per platform operational logging policy.,Descriptive Context,N/A,Documentation,NOT APPLICABLE,Info,,,,,Register category_bucket=Descriptive Context verified unchanged,,Descriptive/context row — no product enforcement required,,
C19-19.7-001,19,19.7,First error focusable and announced to assistive technology.,UX / Presentation Requirement,UI / UX,Documentation,UNVERIFIED / BLOCKED,Medium,,,,,,,Insufficient evidence to determine compliance,,
C20-20.1-001,20,20.1,"Success, information, warning, error, progress, reminder.",Descriptive Context,N/A,Documentation,NOT APPLICABLE,Info,,,,,Register category_bucket=Descriptive Context verified unchanged,,Descriptive/context row — no product enforcement required,,
C20-20.2-001,20,20.2,Unified dictionary,Descriptive Context,N/A,Documentation,NOT APPLICABLE,Info,,,,,Register category_bucket=Descriptive Context verified unchanged,,Descriptive/context row — no product enforcement required,,
C20-20.3-001,20,20.3,Critical > Error > Warning > Success > Info.,Descriptive Context,N/A,Documentation,NOT APPLICABLE,Info,,,,,Register category_bucket=Descriptive Context verified unchanged,,Descriptive/context row — no product enforcement required,,
C20-20.4-001,20,20.4,Transient notifications expire,Descriptive Context,N/A,Documentation,NOT APPLICABLE,Info,,,,,Register category_bucket=Descriptive Context verified unchanged,,Descriptive/context row — no product enforcement required,,
C20-20.4-002,20,20.4,critical items persist until user interaction where appropriate.,Descriptive Context,N/A,Documentation,NOT APPLICABLE,Info,,,,,Register category_bucket=Descriptive Context verified unchanged,,Descriptive/context row — no product enforcement required,,
C20-20.5-001,20,20.5,Must not notify user to open document they cannot access.,Product Enforceable Requirement,Runtime Behavior,Documentation,UNVERIFIED / BLOCKED,Info,,OSE-backend/src/controllers/getPass.controller.js:33-35 [notify] sha256=525FCD6DBA33AF14… — Keyword `notify` from clause | OSE-backend/src/controllers/getPass.controller.js:33-35 [notify] sha256=525FCD6DBA33AF14… — Keyword `notify` from clause | OSE-backend/src/controllers/getPass.controller.js:34-36 [notify] sha256=525FCD6DBA33AF14… — Keyword `notify` from clause; ,,,,,Closeout: unsupported PASS removed — not in closeout-verified PASS allowlist,,
C20-20.6-001,20,20.6,Notifications ≠ Validation ≠ Error Handling.,Descriptive Context,N/A,Documentation,NOT APPLICABLE,Info,,,,,Register category_bucket=Descriptive Context verified unchanged,,Descriptive/context row — no product enforcement required,,
C21-21.1-001,21,21.1,Loading scope matches operation,Governance Definition,Governance Documentation,Documentation,NOT APPLICABLE,Info,,,,,Register category_bucket=Governance Definition verified unchanged,,"Governance definition — terminology, not product behavior",,
C21-21.2-001,21,21.2,"Skeleton (content), inline (buttons, lookups), progress (upload/import/export/print).",Descriptive Context,N/A,Documentation,NOT APPLICABLE,Info,,,,,Register category_bucket=Descriptive Context verified unchanged,,Descriptive/context row — no product enforcement required,,
C21-21.2-002,21,21.2,Must not block entire application for partial operations (aligned with UX Constitution).,Product Enforceable Requirement,UI / UX,Documentation,UNVERIFIED / BLOCKED,Info,,OSE-backend/src/acc-authority/runtime-permission-matrix.js:4-6 [block] sha256=AC2A797FE43BF0BA… — Keyword `block` from clause | OSE-backend/src/controllers/stockCount.controller.js:4-6 [block] sha256=8C70F1A7313CC1EA… — Keyword `block` from clause | OSE-backend/src/controllers/stockCount.controller.js:4-6 [block] sha256=8C70F1A7313CC1EA… — Keyword `block` from clause; ,,,,,Closeout: unsupported PASS removed — not in closeout-verified PASS allowlist,,
C21-21.3-001,21,21.3,"If loading exceeds reasonable duration, user shall be informed operation continues.",Product Enforceable Requirement,Multiple,Code / Runtime / UI,UNVERIFIED / BLOCKED,Medium,OSE-Frontend/src/app/core/components/notification-bell/notification-bell.component.ts:47-49 [loading] sha256=B83036EA19169789… — Keyword `loading` from clause | OSE-Frontend/src/app/core/components/notification-bell/notification-bell.component.ts:73-75 [loading] sha256=B83036EA19169789… — Keyword `loading` from clause | OSE-Frontend/src/app/core/components/notification-bell/notification-bell.component.ts:85-87 [loading] sha256=B83036EA19169789… — Keyword `loading` from clause; ,,,,,,Static code evidence only; runtime not executed for this requirement,,
C21-21.4-001,21,21.4,Long operations should support cancel where safe,Strong Recommendation,UI / UX,UI / Runtime,UNVERIFIED / BLOCKED,Medium,,,,,,,No probes matched,,
C21-21.4-002,21,21.4,pages should render progressively.,Strong Recommendation,UI / UX,UI / Runtime,UNVERIFIED / BLOCKED,Medium,,,,,,,No probes matched,,
C21-21.5-001,21,21.5,Exact timeout values — Architecture Guide.,Out of Scope,N/A,N/A,NOT APPLICABLE,Info,,,,,Register category_bucket=Out of Scope verified unchanged,,Constitution marks out of scope for product layer,,
C22-22.1-001,22,22.1,"The platform shall maintain actor and timestamp, where applicable, for created, last modified, submitted, approved, rejected, and posted events.",Product Enforceable Requirement,Multiple,Code / Runtime / DB,UNVERIFIED / BLOCKED,Medium,OSE-Frontend/src/app/core/pages/master-data-shell/master-data-shell.component.html:6-8 [maintain] sha256=9F5AD78B0AC7A95A… — Keyword `maintain` from clause; ,,,,,,Static code evidence only; runtime not executed for this requirement,,
C22-22.2-001,22,22.2,Every workflow action and significant attachment/line change must generate audit record.,Product Enforceable Requirement,Multiple,Code / Runtime / DB,UNVERIFIED / BLOCKED,Medium,,OSE-backend/src/acc-runtime/resolvePermissions.js:28-30 [every] sha256=465B7E58B7AD595E… — Keyword `every` from clause | OSE-backend/src/config/swagger.js:11-13 [every] sha256=33A736F825E2BB2F… — Keyword `every` from clause | OSE-backend/src/config/swagger.js:49-51 [every] sha256=33A736F825E2BB2F… — Keyword `every` from clause; ,,,,,Static code evidence only; runtime not executed for this requirement,,
C22-22.3-001,22,22.3,Single chronological timeline,Product Enforceable Requirement,Database Integrity,Code / Runtime / DB,UNVERIFIED / BLOCKED,Medium,,OSE-backend/src/acc-authority/catalog.constitution.js:4-6 [single] sha256=88A18C81F472DDF3… — Keyword `single` from clause | OSE-backend/src/constants/role-codes.constants.js:4-6 [single] sha256=C121869F96BB7FE3… — Keyword `single` from clause | OSE-backend/src/controllers/grn.controller.js:20-22 [single] sha256=5E9468C8607E1020… — Keyword `single` from clause; ,,,,,Static code evidence only; runtime not executed for this requirement,,
C22-22.3-002,22,22.3,immutable audit records,Product Enforceable Requirement,Database Integrity,Code / Runtime / DB,UNVERIFIED / BLOCKED,Medium,,OSE-backend/src/constants/role-codes.constants.js:31-33 [immutable] sha256=C121869F96BB7FE3… — Keyword `immutable` from clause | OSE-backend/src/engines/assignment-property.service.js:29-31 [immutable] sha256=BB9A51F66D15ECDC… — Keyword `immutable` from clause | OSE-backend/src/engines/assignment-property.service.js:32-34 [immutable] sha256=BB9A51F66D15ECDC… — Keyword `immutable` from clause; ,,,,,Static code evidence only; runtime not executed for this requirement,,
C22-22.3-003,22,22.3,"UTC internally, display per user time zone.",Product Enforceable Requirement,Database Integrity,Code / Runtime / DB,UNVERIFIED / BLOCKED,Medium,,OSE-backend/src/acc-authority/catalog.constitution.js:21-23 [display] sha256=88A18C81F472DDF3… — Keyword `display` from clause | OSE-backend/src/acc-authority/catalog.constitution.js:22-24 [display] sha256=88A18C81F472DDF3… — Keyword `display` from clause | OSE-backend/src/acc-authority/catalog.constitution.js:23-25 [display] sha256=88A18C81F472DDF3… — Keyword `display` from clause; ,,,,,Static code evidence only; runtime not executed for this requirement,,
C22-22.3-004,22,22.3,Timeline filtering permitted without altering records.,Product Enforceable Requirement,Runtime Behavior,Code / Runtime / DB,UNVERIFIED / BLOCKED,Medium,,OSE-backend/src/controllers/constitution.controller.js:2-4 [timeline] sha256=1C2576EE2C37D06A… — Keyword `timeline` from clause | OSE-backend/src/controllers/constitution.controller.js:2-4 [timeline] sha256=1C2576EE2C37D06A… — Keyword `timeline` from clause | OSE-backend/src/controllers/constitution.controller.js:34-36 [timeline] sha256=1C2576EE2C37D06A… — Keyword `timeline` from clause; ,,,,,Static code evidence only; runtime not executed for this requirement,,
C22-22.3-005,22,22.3,Concurrency conflicts recorded when appropriate (Chapter 8.10).,Product Enforceable Requirement,Multiple,Code / Runtime / DB,UNVERIFIED / BLOCKED,Medium,,OSE-backend/src/platform/concurrency.service.js:57-57 [concurrencyVersion] sha256=A73D8C5213F64D50… — Required symbol `concurrencyVersion` present | OSE-backend/src/platform/concurrency.service.js:11-11 [Conflict] sha256=A73D8C5213F64D50… — Required symbol `Conflict` present; ,,,,,Static code evidence only; runtime not executed for this requirement,,
C22-22.4-001,22,22.4,Official print should include approval/audit summary where appropriate.,Product Enforceable Requirement,Multiple,Code / Runtime / DB,UNVERIFIED / BLOCKED,Medium,OSE-Frontend/src/app/features/grn/grn-detail/grn-detail.component.ts:129-129 [canDownloadEvidencePack] sha256=0A11327509DAFE67… — Required symbol `canDownloadEvidencePack` present | OSE-Frontend/src/app/features/grn/grn-detail/grn-detail.component.ts:131-131 [POSTED] sha256=0A11327509DAFE67… — Required symbol `POSTED` present; ,,,,,,Static code evidence only; runtime not executed for this requirement,,
C23-23.1-001,23,23.1,"One lookup behavior for items, parties, locations, and references.",UX / Presentation Requirement,UI / UX,UI / Runtime,UNVERIFIED / BLOCKED,Medium,,,,,,,Behavioral requirement without runtime scenario evidence,,
C23-23.2-001,23,23.2,"Receiving, stock-based, catalog, issue — same UX",UX / Presentation Requirement,UI / UX,UI / Runtime,UNVERIFIED / BLOCKED,Medium,,,,,,,Behavioral requirement without runtime scenario evidence,,
C23-23.3-001,23,23.3,"Code, name, barcode",UX / Presentation Requirement,UI / UX,UI / Runtime,UNVERIFIED / BLOCKED,Medium,,,,,,,Behavioral requirement without runtime scenario evidence,,
C23-23.3-002,23,23.3,ranking: exact code → exact barcode → prefix → contains,UX / Presentation Requirement,UI / UX,UI / Runtime,UNVERIFIED / BLOCKED,Medium,,,,,,,Behavioral requirement without runtime scenario evidence,,
C23-23.3-003,23,23.3,debounce before search,UX / Presentation Requirement,UI / UX,UI / Runtime,UNVERIFIED / BLOCKED,Medium,,,,,,,Behavioral requirement without runtime scenario evidence,,
C23-23.3-004,23,23.3,normalization (case/space insensitive).,UX / Presentation Requirement,UI / UX,UI / Runtime,UNVERIFIED / BLOCKED,Medium,,,,,,,Behavioral requirement without runtime scenario evidence,,
C23-23.4-001,23,23.4,Keyboard ↑↓ Enter Esc Tab,UX / Presentation Requirement,UI / UX,UI / Runtime,PARTIAL,Medium,OSE-Frontend/src/app/core/directives/keyboard-navigation.directive.ts:13-14 [appKeyboardNav] — directive exists | limitation: no [appKeyboardNav] on governed document shell templates,,,,,,Passing: directive/infrastructure exists; Failing: not wired on required document shells,FIND-003,
C23-23.4-002,23,23.4,"close on select, outside click, field exit",UX / Presentation Requirement,UI / UX,UI / Runtime,UNVERIFIED / BLOCKED,Medium,,,,,,,Behavioral requirement without runtime scenario evidence,,
C23-23.4-003,23,23.4,one lookup open,UX / Presentation Requirement,UI / UX,UI / Runtime,UNVERIFIED / BLOCKED,Medium,,,,,,,Behavioral requirement without runtime scenario evidence,,
C23-23.4-004,23,23.4,focus to quantity after item pick in line entry.,UX / Presentation Requirement,UI / UX,UI / Runtime,UNVERIFIED / BLOCKED,Medium,,,,,,,Behavioral requirement without runtime scenario evidence,,
C23-23.5-001,23,23.5,"Loading, no results, error+retry — unified messaging",UX / Presentation Requirement,UI / UX,UI / Runtime,UNVERIFIED / BLOCKED,Medium,,,,,,,Behavioral requirement without runtime scenario evidence,,
C23-23.6-001,23,23.6,Permission filtering — only authorized data,UX / Presentation Requirement,UI / UX,UI / Runtime,UNVERIFIED / BLOCKED,Medium,,,,,,,Behavioral requirement without runtime scenario evidence,,
C23-23.6-002,23,23.6,Tenant isolation — no cross-tenant data,Product Enforceable Requirement,Database Integrity,UI / Runtime,FAIL,High,,,,RS-XT-001=Failed (GATE_B_CURRENT_SESSION_RUNTIME.json),,grand-horizon token reading dx-airport-hotel getPass,FAIL — Error Handling / Authorization Boundary Response: HTTP 500 on cross-tenant getPass read; data_leak_confirmed=false; tenant_isolation_failure_confirmed=not proven; safe_error_handling_failure_confirmed=true,FIND-002,
C23-23.6-003,23,23.6,Large results — paging or infinite scroll per platform policy,UX / Presentation Requirement,UI / UX,UI / Runtime,UNVERIFIED / BLOCKED,Medium,,,,,,,Behavioral requirement without runtime scenario evidence,,
C23-23.6-004,23,23.6,Large catalogs — server-side search,UX / Presentation Requirement,UI / UX,UI / Runtime,UNVERIFIED / BLOCKED,Medium,,,,,,,Behavioral requirement without runtime scenario evidence,,
C23-23.7-001,23,23.7,"Recent items, favorites.",Out of Scope,N/A,N/A,NOT APPLICABLE,Info,,,,,Register category_bucket=Out of Scope verified unchanged,,Constitution marks out of scope for product layer,,
C24-24.1-001,24,24.1,Desktop only for v2.0 operational data entry.,UX / Presentation Requirement,UI / UX,UI / QA,UNVERIFIED / BLOCKED,Medium,,,,,,,Behavioral requirement without runtime scenario evidence,,
C24-24.1-002,24,24.1,Mobile/tablet entry out of scope unless future amendment.,Out of Scope,N/A,UI / QA,NOT APPLICABLE,Info,,,,,Register category_bucket=Out of Scope verified unchanged,,Constitution marks out of scope for product layer,,
C24-24.2-001,24,24.2,Minimum 1366×768,UX / Presentation Requirement,UI / UX,UI / QA,UNVERIFIED / BLOCKED,Medium,,,,,,,Behavioral requirement without runtime scenario evidence,,
C24-24.2-002,24,24.2,reference design 1920×1080 @ 100%,UX / Presentation Requirement,UI / UX,UI / QA,UNVERIFIED / BLOCKED,Medium,,,,,,,Behavioral requirement without runtime scenario evidence,,
C24-24.2-003,24,24.2,"supported 1440, 1600, 1920.",UX / Presentation Requirement,UI / UX,UI / QA,UNVERIFIED / BLOCKED,Medium,,,,,,,Behavioral requirement without runtime scenario evidence,,
C24-24.3-001,24,24.3,80%–125%: required for release acceptance.,QA / Release Requirement,QA / Release Gate,UI / QA,UNVERIFIED / BLOCKED,Medium,,,,,,,QA viewport/accessibility/release matrix not executed in Gate B session,,
C24-24.3-002,24,24.3,150%: best effort — not release gate.,Descriptive Context,N/A,UI / QA,NOT APPLICABLE,Info,,,,,Register category_bucket=Descriptive Context verified unchanged,,Descriptive/context row — no product enforcement required,,
C24-24.4-001,24,24.4,No horizontal page scroll except inside grids,UX / Presentation Requirement,UI / UX,UI / QA,UNVERIFIED / BLOCKED,Medium,,,,,,,Behavioral requirement without runtime scenario evidence,,
C24-24.4-002,24,24.4,no clipped titles/overlapping buttons,UX / Presentation Requirement,UI / UX,UI / QA,UNVERIFIED / BLOCKED,Medium,,,,,,,Behavioral requirement without runtime scenario evidence,,
C24-24.4-003,24,24.4,create screens primary actions visible @ 1366/100%,UX / Presentation Requirement,UI / UX,UI / QA,UNVERIFIED / BLOCKED,Medium,,,,,,,Behavioral requirement without runtime scenario evidence,,
C24-24.4-004,24,24.4,dialogs fit viewport with internal scroll,UX / Presentation Requirement,UI / UX,UI / QA,UNVERIFIED / BLOCKED,Medium,,,,,,,Behavioral requirement without runtime scenario evidence,,
C24-24.4-005,24,24.4,tables scroll internally.,UX / Presentation Requirement,UI / UX,UI / QA,UNVERIFIED / BLOCKED,Medium,,,,,,,Behavioral requirement without runtime scenario evidence,,
C24-24.5-001,24,24.5,Supported browsers per platform browser support matrix (Architecture Guide).,UX / Presentation Requirement,UI / UX,UI / QA,UNVERIFIED / BLOCKED,Medium,,,,,,,Behavioral requirement without runtime scenario evidence,,
C24-24.5-002,24,24.5,High DPI (2K/4K) supported.,UX / Presentation Requirement,UI / UX,UI / QA,UNVERIFIED / BLOCKED,Medium,,,,,,,Behavioral requirement without runtime scenario evidence,,
C24-24.5-003,24,24.5,Multi-monitor consistency.,UX / Presentation Requirement,UI / UX,UI / QA,UNVERIFIED / BLOCKED,Medium,,,,,,,Behavioral requirement without runtime scenario evidence,,
C24-24.6-001,24,24.6,1366×768 @ 80/90/100/110/125%,QA / Release Requirement,QA / Release Gate,UI / QA,UNVERIFIED / BLOCKED,Medium,,,,,,,QA viewport/accessibility/release matrix not executed in Gate B session,,
C24-24.6-002,24,24.6,1440/1600/1920 @ 100% — Definition of Done (Chapter 29).,QA / Release Requirement,QA / Release Gate,UI / QA,UNVERIFIED / BLOCKED,Medium,,,,,,,QA viewport/accessibility/release matrix not executed in Gate B session,,
C24-24.7-001,24,24.7,Geometry tokens — UX Constitution,UX / Presentation Requirement,UI / UX,UI / QA,UNVERIFIED / BLOCKED,Medium,,,,,,,Behavioral requirement without runtime scenario evidence,,
C25-25.1-001,25,25.1,One document page pattern for create/edit,UX / Presentation Requirement,UI / UX,UI / UX,UNVERIFIED / BLOCKED,Medium,,,,,,,Behavioral requirement without runtime scenario evidence,,
C25-25.1-002,25,25.1,one for detail/workflow.,UX / Presentation Requirement,UI / UX,UI / UX,UNVERIFIED / BLOCKED,Medium,,,,,,,Behavioral requirement without runtime scenario evidence,,
C25-25.2-001,25,25.2,"Create/Edit: masthead, alert band, body (header + lines), fixed action area.",UX / Presentation Requirement,UI / UX,UI / UX,UNVERIFIED / BLOCKED,Medium,,,,,,,Behavioral requirement without runtime scenario evidence,,
C25-25.2-002,25,25.2,"Detail/Workflow: masthead, status, alert band, action bar, content, timeline.",UX / Presentation Requirement,UI / UX,UI / UX,UNVERIFIED / BLOCKED,Medium,,,,,,,Behavioral requirement without runtime scenario evidence,,
C25-25.2-003,25,25.2,Modules must not invent unrelated layouts.,Product Enforceable Requirement,UI / UX,UI / UX,UNVERIFIED / BLOCKED,Medium,,OSE-backend/src/acc-runtime/index.js:27-29 [modules] sha256=9C00ACFCB60CE764… — Keyword `modules` from clause | OSE-backend/src/acc-runtime/index.js:49-51 [modules] sha256=9C00ACFCB60CE764… — Keyword `modules` from clause | OSE-backend/src/controllers/accWorkflowConfig.controller.js:8-10 [modules] sha256=55853A223CB12D1B… — Keyword `modules` from clause; ,,,,,Static code evidence only; runtime not executed for this requirement,,
C25-25.2-004,25,25.2,All modules must declare and follow one archetype.,Product Enforceable Requirement,UI / UX,UI / UX,UNVERIFIED / BLOCKED,Medium,,OSE-backend/src/acc-runtime/index.js:27-29 [modules] sha256=9C00ACFCB60CE764… — Keyword `modules` from clause | OSE-backend/src/acc-runtime/index.js:49-51 [modules] sha256=9C00ACFCB60CE764… — Keyword `modules` from clause | OSE-backend/src/controllers/accWorkflowConfig.controller.js:8-10 [modules] sha256=55853A223CB12D1B… — Keyword `modules` from clause; ,,,,,Static code evidence only; runtime not executed for this requirement,,
C25-25.3-001,25,25.3,Primary scroll owner defined per archetype — must be consistent (details: UX Constitution + Architecture Guide).,UX / Presentation Requirement,UI / UX,UI / UX,UNVERIFIED / BLOCKED,Medium,,,,,,,Behavioral requirement without runtime scenario evidence,,
C25-25.4-001,25,25.4,"Header, action bar, and primary actions should remain accessible per archetype without losing context.",Strong Recommendation,UI / UX,UI / UX,UNVERIFIED / BLOCKED,Medium,,,,,,,No probes matched,,
C25-25.5-001,25,25.5,Unified empty states,UX / Presentation Requirement,UI / UX,UI / UX,UNVERIFIED / BLOCKED,Medium,,,,,,,Behavioral requirement without runtime scenario evidence,,
C25-25.5-002,25,25.5,spacing/density per UX Constitution.,UX / Presentation Requirement,UI / UX,UI / UX,UNVERIFIED / BLOCKED,Medium,,,,,,,Behavioral requirement without runtime scenario evidence,,
C25-25.6-001,25,25.6,Collapsible sections behave consistently across modules.,UX / Presentation Requirement,UI / UX,UI / UX,UNVERIFIED / BLOCKED,Medium,,,,,,,Behavioral requirement without runtime scenario evidence,,
C25-25.7-001,25,25.7,Goods receipt create (after conformance) — create/edit reference,UX / Presentation Requirement,UI / UX,UI / UX,UNVERIFIED / BLOCKED,Medium,,,,,,,Behavioral requirement without runtime scenario evidence,,
C25-25.8-001,25,25.8,Exact pixel tokens — UX Constitution.,Out of Scope,N/A,N/A,NOT APPLICABLE,Info,,,,,Register category_bucket=Out of Scope verified unchanged,,Constitution marks out of scope for product layer,,
C26-26.2-001,26,26.2,Platform electronic record is authoritative,Product Enforceable Requirement,Multiple,Code / Runtime / UI,UNVERIFIED / BLOCKED,Medium,,OSE-backend/src/services/pdf/report-pdf-enterprise.js:17-19 [electronic] sha256=9C17A24D18760EB5… — Keyword `electronic` from clause; ,,,,,Static code evidence only; runtime not executed for this requirement,,
C26-26.2-002,26,26.2,printed/exported copies are representations.,Product Enforceable Requirement,Multiple,Code / Runtime / UI,UNVERIFIED / BLOCKED,Medium,OSE-Frontend/src/app/features/grn/grn-detail/grn-detail.component.ts:129-129 [canDownloadEvidencePack] sha256=0A11327509DAFE67… — Required symbol `canDownloadEvidencePack` present | OSE-Frontend/src/app/features/grn/grn-detail/grn-detail.component.ts:131-131 [POSTED] sha256=0A11327509DAFE67… — Required symbol `POSTED` present; ,,,,,,Static code evidence only; runtime not executed for this requirement,,
C26-26.3-001,26,26.3,Print and export subject to same permission model as view,Product Enforceable Requirement,Multiple,Code / Runtime / UI,UNVERIFIED / BLOCKED,Medium,OSE-Frontend/src/app/features/grn/grn-detail/grn-detail.component.ts:129-129 [canDownloadEvidencePack] sha256=0A11327509DAFE67… — Required symbol `canDownloadEvidencePack` present | OSE-Frontend/src/app/features/grn/grn-detail/grn-detail.component.ts:131-131 [POSTED] sha256=0A11327509DAFE67… — Required symbol `POSTED` present; ,,,,,,Static code evidence only; runtime not executed for this requirement,,
C26-26.3-002,26,26.3,export authorization explicit.,Product Enforceable Requirement,Multiple,Code / Runtime / UI,UNVERIFIED / BLOCKED,Medium,OSE-Frontend/src/app/features/grn/grn-detail/grn-detail.component.ts:129-129 [canDownloadEvidencePack] sha256=0A11327509DAFE67… — Required symbol `canDownloadEvidencePack` present | OSE-Frontend/src/app/features/grn/grn-detail/grn-detail.component.ts:131-131 [POSTED] sha256=0A11327509DAFE67… — Required symbol `POSTED` present; ,,,,,,Static code evidence only; runtime not executed for this requirement,,
C26-26.4-001,26,26.4,Sensitive data masked per authorization on export/print.,Product Enforceable Requirement,Multiple,Code / Runtime / UI,UNVERIFIED / BLOCKED,Medium,OSE-Frontend/src/app/features/grn/grn-detail/grn-detail.component.ts:129-129 [canDownloadEvidencePack] sha256=0A11327509DAFE67… — Required symbol `canDownloadEvidencePack` present | OSE-Frontend/src/app/features/grn/grn-detail/grn-detail.component.ts:131-131 [POSTED] sha256=0A11327509DAFE67… — Required symbol `POSTED` present; ,,,,,,Static code evidence only; runtime not executed for this requirement,,
C26-26.5-001,26,26.5,May be allowed with unofficial marking.,Optional Capability,Runtime Behavior,Code / Runtime / UI,NOT APPLICABLE,Info,,,,,Register category_bucket=Optional Capability verified unchanged,,Optional capability — not mandatory for compliance,,
C26-26.6-001,26,26.6,Print of sensitive documents should be logged.,Strong Recommendation,Runtime Behavior,Code / Runtime / UI,UNVERIFIED / BLOCKED,Medium,OSE-Frontend/src/app/features/grn/grn-detail/grn-detail.component.ts:129-129 [canDownloadEvidencePack] sha256=0A11327509DAFE67… — Required symbol `canDownloadEvidencePack` present | OSE-Frontend/src/app/features/grn/grn-detail/grn-detail.component.ts:131-131 [POSTED] sha256=0A11327509DAFE67… — Required symbol `POSTED` present; ,,,,,,Static code evidence only; runtime not executed for this requirement,,
C26-26.7-001,26,26.7,Arabic and English should be supported per property or user preference.,Strong Recommendation,UI / UX,Code / Runtime / UI,UNVERIFIED / BLOCKED,Medium,,,,,,,No probes matched,,
C27-27.1-001,27,27.1,Large lists — paging or virtual presentation,Product Enforceable Requirement,Runtime Behavior,Runtime,UNVERIFIED / BLOCKED,Medium,,OSE-backend/src/docs/schemas.js:156-158 [large] sha256=647866494269FA07… — Keyword `large` from clause | OSE-backend/src/services/item.service.js:194-196 [large] sha256=BE0E80A7F00664DF… — Keyword `large` from clause | OSE-backend/src/services/setting.service.js:6-8 [large] sha256=FCEF3347DD9060D4… — Keyword `large` from clause; ,,,,,Static code evidence only; runtime not executed for this requirement,,
C27-27.1-002,27,27.1,server-assisted search when warranted,Product Enforceable Requirement,Runtime Behavior,Runtime,UNVERIFIED / BLOCKED,Medium,,OSE-backend/src/config/swagger.js:14-16 [server] sha256=33A736F825E2BB2F… — Keyword `server` from clause | OSE-backend/src/config/swagger.js:15-17 [server] sha256=33A736F825E2BB2F… — Keyword `server` from clause | OSE-backend/src/config/swagger.js:18-20 [server] sha256=33A736F825E2BB2F… — Keyword `server` from clause; ,,,,,Static code evidence only; runtime not executed for this requirement,,
C27-27.1-003,27,27.1,debounce and cancel in-flight requests,Product Enforceable Requirement,Runtime Behavior,Runtime,UNVERIFIED / BLOCKED,Medium,OSE-Frontend/src/app/core/registries/lookup-profile.registry.ts:7-9 [debounce] sha256=A3063A018C0AA0B9… — Keyword `debounce` from clause | OSE-Frontend/src/app/core/registries/lookup-profile.registry.ts:11-13 [debounce] sha256=A3063A018C0AA0B9… — Keyword `debounce` from clause | OSE-Frontend/src/app/core/registries/lookup-profile.registry.ts:12-14 [debounce] sha256=A3063A018C0AA0B9… — Keyword `debounce` from clause; ,,,,,,Static code evidence only; runtime not executed for this requirement,,
C27-27.1-004,27,27.1,heavy export/print asynchronous with user feedback.,Product Enforceable Requirement,Runtime Behavior,Runtime,UNVERIFIED / BLOCKED,Medium,OSE-Frontend/src/app/features/grn/grn-detail/grn-detail.component.ts:129-129 [canDownloadEvidencePack] sha256=0A11327509DAFE67… — Required symbol `canDownloadEvidencePack` present | OSE-Frontend/src/app/features/grn/grn-detail/grn-detail.component.ts:131-131 [POSTED] sha256=0A11327509DAFE67… — Required symbol `POSTED` present; ,,,,,,Static code evidence only; runtime not executed for this requirement,,
C27-27.2-001,27,27.2,Document entry responsive under normal hotel operations,Product Enforceable Requirement,Runtime Behavior,Runtime,UNVERIFIED / BLOCKED,Medium,,,,,,,Behavioral requirement without runtime scenario evidence,,
C27-27.2-002,27,27.2,exact metrics in QA acceptance criteria and Architecture Guide.,QA / Release Requirement,QA / Release Gate,Runtime,UNVERIFIED / BLOCKED,Medium,,,,,,,QA viewport/accessibility/release matrix not executed in Gate B session,,
C28-28.1-001,28,28.1,Interactive elements labeled,UX / Presentation Requirement,UI / UX,QA / Accessibility,UNVERIFIED / BLOCKED,Medium,,,,,,,Insufficient evidence to determine compliance,,
C28-28.1-002,28,28.1,color not sole state indicator,UX / Presentation Requirement,UI / UX,QA / Accessibility,UNVERIFIED / BLOCKED,Medium,,,,,,,Insufficient evidence to determine compliance,,
C28-28.1-003,28,28.1,contrast per agreed targets,UX / Presentation Requirement,UI / UX,QA / Accessibility,UNVERIFIED / BLOCKED,Medium,,,,,,,Insufficient evidence to determine compliance,,
C28-28.1-004,28,28.1,accessibility in QA gates.,QA / Release Requirement,QA / Release Gate,QA / Accessibility,UNVERIFIED / BLOCKED,Medium,,,,,,,QA viewport/accessibility/release matrix not executed in Gate B session,,
C28-28.2-001,28,28.2,Platform shall support screen reader compatibility for governed interactions.,QA / Release Requirement,QA / Release Gate,QA / Accessibility,UNVERIFIED / BLOCKED,Medium,,,,,,,QA viewport/accessibility/release matrix not executed in Gate B session,,
C28-28.3-001,28,28.3,Validation and error messages shall be accessible to assistive technology.,UX / Presentation Requirement,UI / UX,QA / Accessibility,UNVERIFIED / BLOCKED,Medium,,,,,,,Insufficient evidence to determine compliance,,
C28-28.4-001,28,28.4,Keyboard/focus — Chapter 17,UX / Presentation Requirement,UI / UX,QA / Accessibility,PARTIAL,Medium,OSE-Frontend/src/app/core/directives/keyboard-navigation.directive.ts:13-14 [appKeyboardNav] — directive exists | limitation: no [appKeyboardNav] on governed document shell templates,,,,,,Passing: directive/infrastructure exists; Failing: not wired on required document shells,FIND-003,
C28-28.5-001,28,28.5,Full WCAG certification program — separate initiative.,Out of Scope,N/A,N/A,NOT APPLICABLE,Info,,,,,Register category_bucket=Out of Scope verified unchanged,,Constitution marks out of scope for product layer,,
C29-29.1-001,29,29.1,New and revised capabilities must declare applicable chapters and demonstrate compliance before release.,Governance Process Requirement,Governance Process,Governance QA,UNVERIFIED / BLOCKED,Info,,,,,"docs/governance/ present — maturity lead only, not compliance FAIL",,No automated CI gate proven; requirement text does not mandate automated CI enforcement in this closeout,,
C29-29.2-001,29,29.2,Fully Compliant,Governance Definition,Governance Process,Governance QA,NOT APPLICABLE,Info,,,,,Register category_bucket=Governance Definition verified unchanged,,"Governance definition — terminology, not product behavior",,
C29-29.2-002,29,29.2,Partially Compliant (documented gaps + remediation plan),QA / Release Requirement,QA / Release Gate,Governance QA,UNVERIFIED / BLOCKED,Medium,,,,,,,QA viewport/accessibility/release matrix not executed in Gate B session,,
C29-29.2-003,29,29.2,Non-Compliant (not releasable without waiver).,QA / Release Requirement,QA / Release Gate,Governance QA,UNVERIFIED / BLOCKED,Medium,,,,,,,QA viewport/accessibility/release matrix not executed in Gate B session,,
C29-29.3-001,29,29.3,"A screen/capability is compliant when all mandatory rules in applicable chapters are satisfied, including responsive test matrix where applicable.",Governance Process Requirement,Governance Process,Governance QA,UNVERIFIED / BLOCKED,Info,,,,,"docs/governance/ present — maturity lead only, not compliance FAIL",,No automated CI gate proven; requirement text does not mandate automated CI enforcement in this closeout,,
C29-29.5-001,29,29.5,New operational modules must undergo constitutional review before production approval.,Governance Process Requirement,Governance Process,Governance QA,UNVERIFIED / BLOCKED,Info,,,,,"docs/governance/ present — maturity lead only, not compliance FAIL",,No automated CI gate proven; requirement text does not mandate automated CI enforcement in this closeout,,
C29-29.6-001,29,29.6,QA validates against this Constitution and UX Constitution.,Governance Process Requirement,Governance Process,Governance QA,UNVERIFIED / BLOCKED,Info,,,,,"docs/governance/ present — maturity lead only, not compliance FAIL",,No automated CI gate proven; requirement text does not mandate automated CI enforcement in this closeout,,
C29-29.6-002,29,29.6,Methods — Architecture Guide.,Governance Process Requirement,Governance Process,Governance QA,UNVERIFIED / BLOCKED,Info,,,,,"docs/governance/ present — maturity lead only, not compliance FAIL",,No automated CI gate proven; requirement text does not mandate automated CI enforcement in this closeout,,
C29-29.7-001,29,29.7,Non-compliance tracked,Governance Process Requirement,Governance Process,Governance QA,UNVERIFIED / BLOCKED,Info,,,,,"docs/governance/ present — maturity lead only, not compliance FAIL",,No automated CI gate proven; requirement text does not mandate automated CI enforcement in this closeout,,
C29-29.7-002,29,29.7,backlog does not override Constitution.,Governance Process Requirement,Governance Process,Governance QA,UNVERIFIED / BLOCKED,Info,,,,,"docs/governance/ present — maturity lead only, not compliance FAIL",,No automated CI gate proven; requirement text does not mandate automated CI enforcement in this closeout,,
C29-29.8-001,29,29.8,This Constitution v2.0 Final is ratified upon approval by Product & Governance and Enterprise Architecture.,Governance Process Requirement,Governance Process,Governance QA,UNVERIFIED / BLOCKED,Info,,,,,"docs/governance/ present — maturity lead only, not compliance FAIL",,No automated CI gate proven; requirement text does not mandate automated CI enforcement in this closeout,,
C29-29.8-002,29,29.8,Supersedes: DX OSE Document Constitution v1.0.,Governance Process Requirement,Governance Process,Governance QA,UNVERIFIED / BLOCKED,Info,,,,,"docs/governance/ present — maturity lead only, not compliance FAIL",,No automated CI gate proven; requirement text does not mandate automated CI enforcement in this closeout,,
C29-29.8-003,29,29.8,"Subordinate: Architecture & Implementation Guides, BDR.",Governance Process Requirement,Governance Process,Governance QA,UNVERIFIED / BLOCKED,Info,,,,,"docs/governance/ present — maturity lead only, not compliance FAIL",,No automated CI gate proven; requirement text does not mandate automated CI enforcement in this closeout,,
CA-A-001,A,A,BDR index entry BDR-001: Reject terminates document; Return → edit → Submit; no Re-submit (Active),Reference Index,Governance Documentation,BDR index review,NOT APPLICABLE,Info,,,,,Register category_bucket=Reference Index verified unchanged,,Reference/index row — not an enforceable requirement,,
CA-A-002,A,A,BDR index entry BDR-002: Draft-first for operational documents (Active),Reference Index,Governance Documentation,BDR index review,NOT APPLICABLE,Info,,,,,Register category_bucket=Reference Index verified unchanged,,Reference/index row — not an enforceable requirement,,
CA-A-003,A,A,BDR index entry BDR-003: No automatic line merge; duplicate rules per document type (Active),Reference Index,Governance Documentation,BDR index review,NOT APPLICABLE,Info,,,,,Register category_bucket=Reference Index verified unchanged,,Reference/index row — not an enforceable requirement,,
CA-A-004,A,A,BDR index entry BDR-004: Final Workflow Approval triggers Posting by default (Active),Reference Index,Governance Documentation,BDR index review,NOT APPLICABLE,Info,,,,,Register category_bucket=Reference Index verified unchanged,,Reference/index row — not an enforceable requirement,,
CA-A-005,A,A,BDR index entry BDR-005: Evidence Package is not a separate permission (Active),Reference Index,Governance Documentation,BDR index review,NOT APPLICABLE,Info,,,,,Register category_bucket=Reference Index verified unchanged,,Reference/index row — not an enforceable requirement,,
CA-A-006,A,A,BDR index entry BDR-006: Period Close uses Resolution Workspace (Active),Reference Index,Governance Documentation,BDR index review,NOT APPLICABLE,Info,,,,,Register category_bucket=Reference Index verified unchanged,,Reference/index row — not an enforceable requirement,,
CA-A-007,A,A,BDR index entry BDR-007: Void vs Cancelled user-facing label (Under Review),Reference Index,Governance Documentation,BDR index review,NOT APPLICABLE,Info,,,,,Register category_bucket=Reference Index verified unchanged,,Reference/index row — not an enforceable requirement,,
CA-A-008,A,A,BDR index entry BDR-008: Approved state optional — distinct stage before Posting only (Active),Reference Index,Governance Documentation,BDR index review,NOT APPLICABLE,Info,,,,,Register category_bucket=Reference Index verified unchanged,,Reference/index row — not an enforceable requirement,,
CA-A-009,A,A,"BDR index entry BDR-009: Item Business Rules (v1 ITM-1): duplicate messaging, supplier/warehouse change, base unit immutability after first movement (Active)",Reference Index,Governance Documentation,BDR index review,NOT APPLICABLE,Info,,,,,Register category_bucket=Reference Index verified unchanged,,Reference/index row — not an enforceable requirement,,
CB-B-002,B,B,BDR-007 excluded pending ratification,Excluded Pending Ratification,Governance Documentation,Exclusion register,NOT APPLICABLE,Info,,,,,Register category_bucket=Excluded Pending Ratification verified unchanged,,Excluded pending ratification,,
