"fresh_id","pdf_page","pdf_page_start","pdf_page_end","part","chapter_num","chapter_title","section","source_span_id","exact_pdf_source_text","source_context_text","normalized_atomic_clause","strength_classification","category_bucket","atomicity_status","atomicity_justification","semantic_review_status","semantic_review_reason","semantic_reviewer","product_gap_applicability","implementation_target","applies_to","related_sections","verification_type","extraction_note"
"C1-1.1-001","11","11","11","Part 0 — Authority","1","Authority & Hierarchy","1.1","SP-C1-1.1-db87c3c8","This Constitution establishes the governing principles, policies, standards, and mandatory rules for the DX OSE Enterprise ERP Platform.","","This Constitution establishes the governing principles, policies, standards, and mandatory rules for the DX OSE Enterprise ERP Platform.","Descriptive","Descriptive Context","atomic","","Governance Approved","Ch1 descriptive context.","DX OSE Governance Review (Gate A.3)","No","Governance Documentation","Platform","","Documentation",""
"C1-1.1-002","11","11","11","Part 0 — Authority","1","Authority & Hierarchy","1.1","SP-C1-1.1-39858354","It defines what the platform must do from a governance perspective.","","It defines what the platform must do from a governance perspective.","Explicit Must","Governance Document Requirement","atomic","","Governance Approved","Ch1 hierarchy/library rule — governance document requirement, not product code gap.","DX OSE Governance Review (Gate A.3)","No","Governance Documentation","Platform","","Governance documentation",""
"C1-1.1-003","11","11","11","Part 0 — Authority","1","Authority & Hierarchy","1.1","SP-C1-1.1-f3b3cf3b","It is technology-neutral and shall remain valid regardless of changes to frontend, backend, database, or integration technologies.","","It is technology-neutral and shall remain valid regardless of changes to frontend, backend, database, or integration technologies.","Explicit Shall","Governance Document Requirement","atomic","","Governance Approved","Ch1 hierarchy/library rule — governance document requirement, not product code gap.","DX OSE Governance Review (Gate A.3)","No","Governance Documentation","Platform","","Governance documentation",""
"C1-1.1-004","11","11","11","Part 0 — Authority","1","Authority & Hierarchy","1.1","SP-C1-1.1-49b07183","This Constitution is the Single Source of Truth (SSOT) for governance across the DX OSE ERP Platform.","","This Constitution is the Single Source of Truth (SSOT) for governance across the DX OSE ERP Platform.","Descriptive","Descriptive Context","atomic","","Governance Approved","Ch1 descriptive context.","DX OSE Governance Review (Gate A.3)","No","Governance Documentation","Platform","","Documentation",""
"C1-1.1-005","11","11","11","Part 0 — Authority","1","Authority & Hierarchy","1.1","SP-C1-1.1-7f0d1a6b","All subordinate governance, UX, workflow, access control, and implementation documents shall conform to this Constitution.","","All subordinate governance, UX, workflow, access control, and implementation documents shall conform to this Constitution.","Explicit Shall","Governance Document Requirement","atomic","","Governance Approved","Ch1 hierarchy/library rule — governance document requirement, not product code gap.","DX OSE Governance Review (Gate A.3)","No","Governance Documentation","Platform","","Governance documentation",""
"C1-1.2-001","11","11","11","Part 0 — Authority","1","Authority & Hierarchy","1.2","SP-C1-1.2-20115c82","When documents conflict, the higher-level document shall always prevail.","","When documents conflict, the higher-level document shall always prevail.","Explicit Shall","Governance Document Requirement","atomic","","Governance Approved","Ch1 hierarchy/library rule — governance document requirement, not product code gap.","DX OSE Governance Review (Gate A.3)","No","Governance Documentation","Platform","","Governance documentation",""
"C1-1.2-002","11","11","11","Part 0 — Authority","1","Authority & Hierarchy","1.2","SP-C1-1.2-497d619e","No subordinate document may override or contradict this Constitution.","","No subordinate document may override or contradict this Constitution.","Explicit Must","Governance Document Requirement","atomic","","Governance Approved","Ch1 hierarchy/library rule — governance document requirement, not product code gap.","DX OSE Governance Review (Gate A.3)","No","Governance Documentation","Platform","","Governance documentation",""
"C1-1.2-003","11","11","11","Part 0 — Authority","1","Authority & Hierarchy","1.2","SP-C1-1.2-5405b448","The official governance library shall maintain, at minimum:","","The official governance library shall maintain, at minimum:","Explicit Shall","Governance Document Requirement","atomic","","Governance Approved","Ch1 hierarchy/library rule — governance document requirement, not product code gap.","DX OSE Governance Review (Gate A.3)","No","Governance Documentation","Platform","","Governance documentation",""
"C1-1.2-004","11","11","11","Part 0 — Authority","1","Authority & Hierarchy","1.2","SP-C1-1.2-73244d1d","● DX OSE Constitution","","● DX OSE Constitution","Governance Definition","Governance Definition","atomic","","Governance Approved","Ch1 governance definition.","DX OSE Governance Review (Gate A.3)","No","Governance Documentation","Platform","","Documentation",""
"C1-1.2-005","11","11","11","Part 0 — Authority","1","Authority & Hierarchy","1.2","SP-C1-1.2-370634f3","● DX OSE UX Constitution","","● DX OSE UX Constitution","Governance Definition","Governance Definition","atomic","","Governance Approved","Ch1 governance definition.","DX OSE Governance Review (Gate A.3)","No","Governance Documentation","Platform","","Documentation",""
"C1-1.2-006","11","11","11","Part 0 — Authority","1","Authority & Hierarchy","1.2","SP-C1-1.2-9d3f2d3f","● Business Decision Records (BDR)","","● Business Decision Records (BDR)","Governance Definition","Governance Definition","atomic","","Governance Approved","Ch1 governance definition.","DX OSE Governance Review (Gate A.3)","No","Governance Documentation","Platform","","Documentation",""
"C1-1.2-007","11","11","11","Part 0 — Authority","1","Authority & Hierarchy","1.2","SP-C1-1.2-0fbd4c59","● Workflow Contracts","","● Workflow Contracts","Governance Definition","Governance Definition","atomic","","Governance Approved","Ch1 governance definition.","DX OSE Governance Review (Gate A.3)","No","Governance Documentation","Platform","","Documentation",""
"C1-1.2-008","11","11","11","Part 0 — Authority","1","Authority & Hierarchy","1.2","SP-C1-1.2-ed442336","● Access Control Catalog","","● Access Control Catalog","Governance Definition","Governance Definition","atomic","","Governance Approved","Ch1 governance definition.","DX OSE Governance Review (Gate A.3)","No","Governance Documentation","Platform","","Documentation",""
"C1-1.2-009","11","11","11","Part 0 — Authority","1","Authority & Hierarchy","1.2","SP-C1-1.2-b406de22","● Architecture Guide","","● Architecture Guide","Governance Definition","Governance Definition","atomic","","Governance Approved","Ch1 governance definition.","DX OSE Governance Review (Gate A.3)","No","Governance Documentation","Platform","","Documentation",""
"C1-1.2-010","11","11","11","Part 0 — Authority","1","Authority & Hierarchy","1.2","SP-C1-1.2-3e2d34b8","● Implementation Guide","","● Implementation Guide","Governance Definition","Governance Definition","atomic","","Governance Approved","Ch1 governance definition.","DX OSE Governance Review (Gate A.3)","No","Governance Documentation","Platform","","Documentation",""
"C1-1.3-001","11","11","11","Part 0 — Authority","1","Authority & Hierarchy","1.3","SP-C1-1.3-d16cf045","Section 1.3 Four Tiers has been removed in its entirety per Master Review Log ratification.","","Section 1.3 Four Tiers has been removed in its entirety per Master Review Log ratification.","Descriptive","Descriptive Context","atomic","","Governance Approved","Ch1 descriptive context.","DX OSE Governance Review (Gate A.3)","No","Governance Documentation","Platform","","Documentation",""
"C1-1.3-002","11","11","11","Part 0 — Authority","1","Authority & Hierarchy","1.3","SP-C1-1.3-0be40d9d","This section number is reserved and shall not be reassigned to other content without explicit governance decision.","","This section number is reserved and shall not be reassigned to other content without explicit governance decision.","Explicit Shall","Governance Document Requirement","atomic","","Governance Approved","Ch1 hierarchy/library rule — governance document requirement, not product code gap.","DX OSE Governance Review (Gate A.3)","No","Governance Documentation","Platform","","Governance documentation",""
"C1-1.4-001","11","11","12","Part 0 — Authority","1","Authority & Hierarchy","1.4","SP-C1-1.4-ec90b52b","This Constitution applies to all current and future operational modules of the DX OSE ERP Platform.","","This Constitution applies to all current and future operational modules of the DX OSE ERP Platform.","Governance Definition","Governance Definition","atomic","","Governance Approved","Ch1 governance definition.","DX OSE Governance Review (Gate A.3)","No","Governance Documentation","Platform","","Documentation",""
"C1-1.4-002","11","11","12","Part 0 — Authority","1","Authority & Hierarchy","1.4","SP-C1-1.4-25599857","Unless explicitly stated otherwise:","","Unless explicitly stated otherwise:","Governance Definition","Governance Definition","atomic","","Governance Approved","Ch1 governance definition.","DX OSE Governance Review (Gate A.3)","No","Governance Documentation","Platform","","Documentation",""
"C1-1.4-003","12","11","12","Part 0 — Authority","1","Authority & Hierarchy","1.4","SP-C1-1.4-e414eff2","Platform-wide chapters apply to all DX OSE modules and shared user experiences.","","Platform-wide chapters apply to all DX OSE modules and shared user experiences.","Governance Definition","Governance Definition","span_member","§1.4 applicability bullet.","Governance Approved","Ch1 governance definition.","DX OSE Governance Review (Gate A.3)","No","Governance Documentation","Platform","","Documentation",""
"C1-1.4-004","12","11","12","Part 0 — Authority","1","Authority & Hierarchy","1.4","SP-C1-1.4-2934b972","Document-specific chapters apply to operational documents and document entry workflows.","","Document-specific chapters apply to operational documents and document entry workflows.","Governance Definition","Governance Definition","span_member","§1.4 applicability bullet.","Governance Approved","Ch1 governance definition.","DX OSE Governance Review (Gate A.3)","No","Governance Documentation","Platform","","Documentation",""
"C1-1.4-005","12","11","12","Part 0 — Authority","1","Authority & Hierarchy","1.4","SP-C1-1.4-b74572fd","Out of scope for this Constitution:","","Out of scope for this Constitution:","Out of Scope","Out of Scope","atomic","","Governance Approved","Governance approved: Out of Scope.","DX OSE Governance Review (Gate A.3)","No","N/A","Platform","","N/A",""
"C1-1.4-006","12","11","12","Part 0 — Authority","1","Authority & Hierarchy","1.4","SP-C1-1.4-f0aa9d0d","Technology stack","","Technology stack","Out of Scope","Out of Scope","span_member","§1.4 out-of-scope bullet.","Governance Approved","Governance approved: Out of Scope.","DX OSE Governance Review (Gate A.3)","No","N/A","Platform","","N/A",""
"C1-1.4-007","12","11","12","Part 0 — Authority","1","Authority & Hierarchy","1.4","SP-C1-1.4-ddcae3c3","Internal implementation details","","Internal implementation details","Out of Scope","Out of Scope","span_member","§1.4 out-of-scope bullet.","Governance Approved","Governance approved: Out of Scope.","DX OSE Governance Review (Gate A.3)","No","N/A","Platform","","N/A",""
"C1-1.4-008","12","11","12","Part 0 — Authority","1","Authority & Hierarchy","1.4","SP-C1-1.4-ae0c793d","Database architecture","","Database architecture","Out of Scope","Out of Scope","span_member","§1.4 out-of-scope bullet.","Governance Approved","Governance approved: Out of Scope.","DX OSE Governance Review (Gate A.3)","No","N/A","Platform","","N/A",""
"C1-1.4-009","12","11","12","Part 0 — Authority","1","Authority & Hierarchy","1.4","SP-C1-1.4-f83cd9b7","Integration implementation details Implementation detail belongs in Architecture & Implementation Guides.","","Integration implementation details Implementation detail belongs in Architecture & Implementation Guides.","Governance Definition","Governance Definition","span_member","§1.4 out-of-scope bullet.","Governance Approved","Ch1 governance definition.","DX OSE Governance Review (Gate A.3)","No","Governance Documentation","Platform","","Documentation",""
"C1-1.5-001","12","12","12","Part 0 — Authority","1","Authority & Hierarchy","1.5","SP-C1-1.5-cadc5aa3","Normative keywords shall be interpreted exactly as defined in this chapter.","","Normative keywords shall be interpreted exactly as defined in this chapter.","Governance Definition","Governance Definition","atomic","","Governance Approved","Ch1 governance definition.","DX OSE Governance Review (Gate A.3)","No","Governance Documentation","Platform","","Documentation",""
"C1-1.5-002","12","12","12","Part 0 — Authority","1","Authority & Hierarchy","1.5","SP-C1-1.5-ab66f413","● Avoid using Must where Should is sufficient.","","● Avoid using Must where Should is sufficient.","Constitution Authoring Guidance","Constitution Authoring Guidance","atomic","","Governance Approved","Governance approved: Constitution Authoring Guidance.","DX OSE Governance Review (Gate A.3)","No","Governance Documentation","Platform","","Authoring guidance",""
"C1-1.5-003","12","12","12","Part 0 — Authority","1","Authority & Hierarchy","1.5","SP-C1-1.5-80d0c66d","● Use Must only when a true obligation exists.","","● Use Must only when a true obligation exists.","Constitution Authoring Guidance","Constitution Authoring Guidance","atomic","","Governance Approved","Governance approved: Constitution Authoring Guidance.","DX OSE Governance Review (Gate A.3)","No","Governance Documentation","Platform","","Authoring guidance",""
"C2-2.1-001","13","13","13","Part I — Governance Constitution","2","Document Lifecycle","2.1","SP-C2-2.1-ce60f9e7","DX OSE shall provide one consistent document lifecycle experience across all operational modules.","","DX OSE shall provide one consistent document lifecycle experience across all operational modules.","Explicit Shall","Product Enforceable Requirement","atomic","","Governance Approved","Product enforceable requirement approved.","DX OSE Governance Review (Gate A.3)","Yes","Multiple","Operational Documents / Shared UX","","Code / Runtime / UI",""
"C2-2.1-002","13","13","13","Part I — Governance Constitution","2","Document Lifecycle","2.1","SP-C2-2.1-1dd3efed","Principle: The user experience is the contract.","","Principle: The user experience is the contract.","Descriptive","Descriptive Context","atomic","","Governance Approved","Descriptive context approved.","DX OSE Governance Review (Gate A.3)","No","N/A","Operational Documents / Shared UX","","Documentation",""
"C2-2.1-003","13","13","13","Part I — Governance Constitution","2","Document Lifecycle","2.1","SP-C2-2.1-622f837d","The implementation is an internal concern.","","The implementation is an internal concern.","Descriptive","Descriptive Context","atomic","","Governance Approved","Descriptive context approved.","DX OSE Governance Review (Gate A.3)","No","N/A","Operational Documents / Shared UX","","Documentation",""
"C2-2.1-004","13","13","13","Part I — Governance Constitution","2","Document Lifecycle","2.1","SP-C2-2.1-b08addbd","Modules may implement different internal workflows, provided that the user-facing lifecycle remains consistent across the platform.","","Modules may implement different internal workflows, provided that the user-facing lifecycle remains consistent across the platform.","Explicit May","Optional Capability","atomic","","Governance Approved","Optional capability approved.","DX OSE Governance Review (Gate A.3)","Yes","Runtime Behavior","Operational Documents / Shared UX","","Runtime",""
"C2-2.1-005","13","13","13","Part I — Governance Constitution","2","Document Lifecycle","2.1","SP-C2-2.1-c985961b","Internal workflow implementation, workflow step names, and internal status codes must never be exposed to end users.","","Internal workflow implementation, workflow step names, and internal status codes must never be exposed to end users.","Explicit Must","Product Enforceable Requirement","atomic","","Governance Approved","Product enforceable requirement approved.","DX OSE Governance Review (Gate A.3)","Yes","Multiple","Operational Documents / Shared UX","","Code / Runtime / UI",""
"C2-2.2-001","13","13","13","Part I — Governance Constitution","2","Document Lifecycle","2.2","SP-C2-2.2-413ff8e7","Each user-facing lifecycle state shall represent one consistent business meaning across the entire DX OSE ERP Platform.","","Each user-facing lifecycle state shall represent one consistent business meaning across the entire DX OSE ERP Platform.","Explicit Shall","Product Enforceable Requirement","atomic","","Governance Approved","Product enforceable requirement approved.","DX OSE Governance Review (Gate A.3)","Yes","Multiple","Operational Documents / Shared UX","","Code / Runtime / UI",""
"C2-2.2-002","13","13","13","Part I — Governance Constitution","2","Document Lifecycle","2.2","SP-C2-2.2-caf0cd80","No module may redefine these meanings.","","No module may redefine these meanings.","Explicit Must Not","Product Enforceable Requirement","atomic","","Governance Approved","Product enforceable requirement approved.","DX OSE Governance Review (Gate A.3)","Yes","Multiple","Operational Documents / Shared UX","","Code / Runtime / UI",""
"C2-2.2-003","13","13","13","Part I — Governance Constitution","2","Document Lifecycle","2.2","SP-C2-2.2-be10c87a","No module may introduce additional user-facing lifecycle states unless they are first ratified in this Constitution.","","No module may introduce additional user-facing lifecycle states unless they are first ratified in this Constitution.","Explicit Must Not","Product Enforceable Requirement","atomic","","Governance Approved","Product enforceable requirement approved.","DX OSE Governance Review (Gate A.3)","Yes","Multiple","Operational Documents / Shared UX","","Code / Runtime / UI",""
"C2-2.2-004","13","13","13","Part I — Governance Constitution","2","Document Lifecycle","2.2","SP-C2-2.2-abf37e8c","Draft Editable; no official operational or financial effect","","Draft Editable; no official operational or financial effect","Governance Definition","Governance Definition","span_member","Lifecycle state table row.","Governance Approved","Governance definition approved.","DX OSE Governance Review (Gate A.3)","No","Governance Documentation","Operational Documents / Shared UX","","Documentation",""
"C2-2.2-005","13","13","13","Part I — Governance Constitution","2","Document Lifecycle","2.2","SP-C2-2.2-4e520c68","Submitted Sent into review","","Submitted Sent into review","Descriptive","Descriptive Context","span_member","Lifecycle state table row.","Governance Approved","Descriptive context approved.","DX OSE Governance Review (Gate A.3)","No","N/A","Operational Documents / Shared UX","","Documentation",""
"C2-2.2-006","13","13","13","Part I — Governance Constitution","2","Document Lifecycle","2.2","SP-C2-2.2-06a512a0","In Review In an approval chain","","In Review In an approval chain","Descriptive","Descriptive Context","span_member","Lifecycle state table row.","Governance Approved","Descriptive context approved.","DX OSE Governance Review (Gate A.3)","No","N/A","Operational Documents / Shared UX","","Documentation",""
"C2-2.2-007","13","13","13","Part I — Governance Constitution","2","Document Lifecycle","2.2","SP-C2-2.2-b564a2cd","Approved *Optional.* Used only when a document has a distinct business stage between final approval and posting","","Approved *Optional.* Used only when a document has a distinct business stage between final approval and posting","Descriptive","Descriptive Context","span_member","Lifecycle state table row.","Governance Approved","Descriptive context approved.","DX OSE Governance Review (Gate A.3)","No","N/A","Operational Documents / Shared UX","","Documentation",""
"C2-2.2-008","13","13","13","Part I — Governance Constitution","2","Document Lifecycle","2.2","SP-C2-2.2-d8865c33","Posted Official operational and financial effects applied","","Posted Official operational and financial effects applied","Governance Definition","Governance Definition","span_member","Lifecycle state table row.","Governance Approved","Governance definition approved.","DX OSE Governance Review (Gate A.3)","No","Governance Documentation","Operational Documents / Shared UX","","Documentation",""
"C2-2.2-009","13","13","13","Part I — Governance Constitution","2","Document Lifecycle","2.2","SP-C2-2.2-0d46d4c2","Rejected Terminated; no resubmission of the same document","","Rejected Terminated; no resubmission of the same document","Descriptive","Descriptive Context","span_member","Lifecycle state table row.","Governance Approved","Descriptive context approved.","DX OSE Governance Review (Gate A.3)","No","N/A","Operational Documents / Shared UX","","Documentation",""
"C2-2.2-010","13","13","13","Part I — Governance Constitution","2","Document Lifecycle","2.2","SP-C2-2.2-04038ee9","Returned Sent back to creator for correction (Send Back)","","Returned Sent back to creator for correction (Send Back)","Descriptive","Descriptive Context","span_member","Lifecycle state table row.","Governance Approved","Descriptive context approved.","DX OSE Governance Review (Gate A.3)","No","N/A","Operational Documents / Shared UX","","Documentation",""
"C2-2.2-011","13","13","13","Part I — Governance Constitution","2","Document Lifecycle","2.2","SP-C2-2.2-f52516e7","Void Formally cancelled before becoming part of the permanent business record","","Void Formally cancelled before becoming part of the permanent business record","Descriptive","Descriptive Context","span_member","Lifecycle state table row.","Governance Approved","Descriptive context approved.","DX OSE Governance Review (Gate A.3)","No","N/A","Operational Documents / Shared UX","","Documentation",""
"C2-2.2-012","13","13","13","Part I — Governance Constitution","2","Document Lifecycle","2.2","SP-C2-2.2-3759384d","Cancel is an action.","","Cancel is an action.","Descriptive","Descriptive Context","atomic","","Governance Approved","Descriptive context approved.","DX OSE Governance Review (Gate A.3)","No","N/A","Operational Documents / Shared UX","","Documentation",""
"C2-2.2-013","13","13","13","Part I — Governance Constitution","2","Document Lifecycle","2.2","SP-C2-2.2-b1da684c","Void is the lifecycle state resulting from cancellation before the document enters the governed permanent record.","","Void is the lifecycle state resulting from cancellation before the document enters the governed permanent record.","Descriptive","Descriptive Context","atomic","","Governance Approved","Descriptive context approved.","DX OSE Governance Review (Gate A.3)","No","N/A","Operational Documents / Shared UX","","Documentation",""
"C2-2.2-014","13","13","13","Part I — Governance Constitution","2","Document Lifecycle","2.2","SP-C2-2.2-f96f0a98","A separate user-facing state named Cancelled shall not be introduced unless ratified in this Constitution (*see BDR-007*).","","A separate user-facing state named Cancelled shall not be introduced unless ratified in this Constitution (*see BDR-007*).","Explicitly Excluded Pending Ratification","Excluded Pending Ratification","atomic","","Governance Approved","Governance approved: Excluded Pending Ratification.","DX OSE Governance Review (Gate A.3)","No","Governance Documentation","Operational Documents / Shared UX","","Exclusion register",""
"C2-2.3-001","13","13","13","Part I — Governance Constitution","2","Document Lifecycle","2.3","SP-C2-2.3-4fbbc26a","Each module shall provide a consistent mapping between internal workflow states and standardized user-facing lifecycle states.","","Each module shall provide a consistent mapping between internal workflow states and standardized user-facing lifecycle states.","Explicit Shall","Product Enforceable Requirement","atomic","","Governance Approved","Product enforceable requirement approved.","DX OSE Governance Review (Gate A.3)","Yes","Multiple","Operational Documents / Shared UX","","Code / Runtime / UI",""
"C2-2.3-002","13","13","13","Part I — Governance Constitution","2","Document Lifecycle","2.3","SP-C2-2.3-2548f08b","Internal workflow identifiers, status codes, enum names, workflow step names, and other implementation details must never be exposed to end users.","","Internal workflow identifiers, status codes, enum names, workflow step names, and other implementation details must never be exposed to end users.","Explicit Must","Product Enforceable Requirement","atomic","","Governance Approved","Product enforceable requirement approved.","DX OSE Governance Review (Gate A.3)","Yes","Multiple","Operational Documents / Shared UX","","Code / Runtime / UI",""
"C2-2.3-003","13","13","13","Part I — Governance Constitution","2","Document Lifecycle","2.3","SP-C2-2.3-da830bab","Identical business outcomes shall always resolve to the same standardized user-facing lifecycle state across the DX OSE platform.","","Identical business outcomes shall always resolve to the same standardized user-facing lifecycle state across the DX OSE platform.","Explicit Shall","Product Enforceable Requirement","atomic","","Governance Approved","Product enforceable requirement approved.","DX OSE Governance Review (Gate A.3)","Yes","Multiple","Operational Documents / Shared UX","","Code / Runtime / UI",""
"C2-2.4.1-001","14","14","14","Part I — Governance Constitution","2","Document Lifecycle","2.4.1","SP-C2-2.4.1-48a69c4d","Posting is the single business commit point for all operational and financial effects within the DX OSE ERP Platform.","","Posting is the single business commit point for all operational and financial effects within the DX OSE ERP Platform.","Descriptive","Descriptive Context","atomic","","Governance Approved","Descriptive context approved.","DX OSE Governance Review (Gate A.3)","No","N/A","Operational Documents / Shared UX","","Documentation",""
"C2-2.4.1-002","14","14","14","Part I — Governance Constitution","2","Document Lifecycle","2.4.1","SP-C2-2.4.1-8fbe9c59","No operational or financial effect shall be considered official before Posting unless this Constitution explicitly states otherwise.","","No operational or financial effect shall be considered official before Posting unless this Constitution explicitly states otherwise.","Explicit Shall","Product Enforceable Requirement","atomic","","Governance Approved","Product enforceable requirement approved.","DX OSE Governance Review (Gate A.3)","Yes","Multiple","Operational Documents / Shared UX","","Code / Runtime / UI",""
"C2-2.4.2-001","14","14","14","Part I — Governance Constitution","2","Document Lifecycle","2.4.2","SP-C2-2.4.2-19872b08","Operational reports represent official business results, including stock balance, inventory ledger, inventory movement history, inventory valuation, and financial inventory reports.","","Operational reports represent official business results, including stock balance, inventory ledger, inventory movement history, inventory valuation, and financial inventory reports.","Descriptive","Descriptive Context","atomic","","Governance Approved","Descriptive context approved.","DX OSE Governance Review (Gate A.3)","No","N/A","Operational Documents / Shared UX","","Documentation",""
"C2-2.4.2-002","14","14","14","Part I — Governance Constitution","2","Document Lifecycle","2.4.2","SP-C2-2.4.2-20a3556a","Rule: Operational reports shall derive operational and financial results exclusively from Posted documents.","","Rule: Operational reports shall derive operational and financial results exclusively from Posted documents.","Explicit Shall","Product Enforceable Requirement","atomic","","Governance Approved","Product enforceable requirement approved.","DX OSE Governance Review (Gate A.3)","Yes","Multiple","Operational Documents / Shared UX","","Code / Runtime / UI",""
"C2-2.4.3-001","14","14","14","Part I — Governance Constitution","2","Document Lifecycle","2.4.3","SP-C2-2.4.3-a8761325","Workflow reports represent workflow progress and operational monitoring (pending approvals, finance/GM queues, reviewer packs, SLA dashboards, draft monitoring).","","Workflow reports represent workflow progress and operational monitoring (pending approvals, finance/GM queues, reviewer packs, SLA dashboards, draft monitoring).","Descriptive","Descriptive Context","atomic","","Governance Approved","Descriptive context approved.","DX OSE Governance Review (Gate A.3)","No","N/A","Operational Documents / Shared UX","","Documentation",""
"C2-2.4.3-002","14","14","14","Part I — Governance Constitution","2","Document Lifecycle","2.4.3","SP-C2-2.4.3-5c4895f0","Rule: Workflow reports may include Draft, Submitted, In Review, Returned, Rejected, Posted, and other lifecycle states according to business requirements.","","Rule: Workflow reports may include Draft, Submitted, In Review, Returned, Rejected, Posted, and other lifecycle states according to business requirements.","Explicit May","Optional Capability","atomic","","Governance Approved","Optional capability approved.","DX OSE Governance Review (Gate A.3)","Yes","Runtime Behavior","Operational Documents / Shared UX","","Runtime",""
"C2-2.4.4-001","14","14","14","Part I — Governance Constitution","2","Document Lifecycle","2.4.4","SP-C2-2.4.4-ace412d8","Evidence Package is not a reporting category.","","Evidence Package is not a reporting category.","Descriptive","Descriptive Context","atomic","","Governance Approved","Descriptive context approved.","DX OSE Governance Review (Gate A.3)","No","N/A","Operational Documents / Shared UX","","Documentation",""
"C2-2.4.4-002","14","14","14","Part I — Governance Constitution","2","Document Lifecycle","2.4.4","SP-C2-2.4.4-c139e5f4","It comprises document-level proof artifacts (PDF, print output, evidence export, timeline, audit trail, supporting attachments) for one document.","","It comprises document-level proof artifacts (PDF, print output, evidence export, timeline, audit trail, supporting attachments) for one document.","Descriptive","Descriptive Context","atomic","","Governance Approved","Descriptive context approved.","DX OSE Governance Review (Gate A.3)","No","N/A","Operational Documents / Shared UX","","Documentation",""
"C2-2.4.4-003","14","14","14","Part I — Governance Constitution","2","Document Lifecycle","2.4.4","SP-C2-2.4.4-451cfde0","It is governed under Document Composition and Audit chapters.","","It is governed under Document Composition and Audit chapters.","Descriptive","Descriptive Context","atomic","","Governance Approved","Descriptive context approved.","DX OSE Governance Review (Gate A.3)","No","N/A","Operational Documents / Shared UX","","Documentation",""
"C2-2.4.5-001","14","14","14","Part I — Governance Constitution","2","Document Lifecycle","2.4.5","SP-C2-2.4.5-9618aff0","Inventory reservation is governed by business policy.","","Inventory reservation is governed by business policy.","Descriptive","Descriptive Context","atomic","","Governance Approved","Descriptive context approved.","DX OSE Governance Review (Gate A.3)","No","N/A","Operational Documents / Shared UX","","Documentation",""
"C2-2.4.5-002","14","14","14","Part I — Governance Constitution","2","Document Lifecycle","2.4.5","SP-C2-2.4.5-593060f9","The default DX OSE behavior is no reservation before Posting unless explicitly defined by a ratified business policy.","","The default DX OSE behavior is no reservation before Posting unless explicitly defined by a ratified business policy.","Descriptive","Descriptive Context","atomic","","Governance Approved","Descriptive context approved.","DX OSE Governance Review (Gate A.3)","No","N/A","Operational Documents / Shared UX","","Documentation",""
"C2-2.5-001","14","14","14","Part I — Governance Constitution","2","Document Lifecycle","2.5","SP-C2-2.5-fc1803d2","Editability shall be governed exclusively by document lifecycle state, not by individual screen implementations.","","Editability shall be governed exclusively by document lifecycle state, not by individual screen implementations.","Explicit Shall","Product Enforceable Requirement","atomic","","Governance Approved","Product enforceable requirement approved.","DX OSE Governance Review (Gate A.3)","Yes","Multiple","Operational Documents / Shared UX","","Code / Runtime / UI",""
"C2-2.6-001","14","14","15","Part I — Governance Constitution","2","Document Lifecycle","2.6","SP-C2-2.6-f1784ac4","Delete is permitted only while the document is in Draft.","","Delete is permitted only while the document is in Draft.","Descriptive","Descriptive Context","atomic","","Governance Approved","Descriptive context approved.","DX OSE Governance Review (Gate A.3)","No","N/A","Operational Documents / Shared UX","","Documentation",""
"C2-2.6-002","14","14","15","Part I — Governance Constitution","2","Document Lifecycle","2.6","SP-C2-2.6-16a11625","Once a document leaves Draft, Delete must not be available.","","Once a document leaves Draft, Delete must not be available.","Explicit Must Not","Product Enforceable Requirement","atomic","","Governance Approved","Product enforceable requirement approved.","DX OSE Governance Review (Gate A.3)","Yes","Multiple","Operational Documents / Shared UX","","Code / Runtime / UI",""
"C2-2.6-003","14","14","15","Part I — Governance Constitution","2","Document Lifecycle","2.6","SP-C2-2.6-f01ad557","Business termination shall use governed lifecycle actions (Cancel, Reject, Void, Close, etc.).","","Business termination shall use governed lifecycle actions (Cancel, Reject, Void, Close, etc.).","Explicit Shall","Product Enforceable Requirement","atomic","","Governance Approved","Product enforceable requirement approved.","DX OSE Governance Review (Gate A.3)","Yes","Multiple","Operational Documents / Shared UX","","Code / Runtime / UI",""
"C2-2.6-004","15","14","15","Part I — Governance Constitution","2","Document Lifecycle","2.6","SP-C2-2.6-d9c911a1","Deletion permanently removes a document before it becomes part of the business record.","","Deletion permanently removes a document before it becomes part of the business record.","Descriptive","Descriptive Context","atomic","","Governance Approved","Descriptive context approved.","DX OSE Governance Review (Gate A.3)","No","N/A","Operational Documents / Shared UX","","Documentation",""
"C2-2.6-005","15","14","15","Part I — Governance Constitution","2","Document Lifecycle","2.6","SP-C2-2.6-b449271e","Once a document enters the governed lifecycle, business termination actions shall replace deletion.","","Once a document enters the governed lifecycle, business termination actions shall replace deletion.","Explicit Shall","Product Enforceable Requirement","atomic","","Governance Approved","Product enforceable requirement approved.","DX OSE Governance Review (Gate A.3)","Yes","Multiple","Operational Documents / Shared UX","","Code / Runtime / UI",""
"C2-2.7-001","15","15","15","Part I — Governance Constitution","2","Document Lifecycle","2.7","SP-C2-2.7-de301cc9","After Return: Edit → Submit.","","After Return: Edit → Submit.","Descriptive","Descriptive Context","atomic","","Governance Approved","Descriptive context approved.","DX OSE Governance Review (Gate A.3)","No","N/A","Operational Documents / Shared UX","","Documentation",""
"C2-2.7-002","15","15","15","Part I — Governance Constitution","2","Document Lifecycle","2.7","SP-C2-2.7-75240600","There shall be no separate action named Re-submit.","","There shall be no separate action named Re-submit.","Explicit Shall","Product Enforceable Requirement","atomic","","Governance Approved","Product enforceable requirement approved.","DX OSE Governance Review (Gate A.3)","Yes","Multiple","Operational Documents / Shared UX","","Code / Runtime / UI",""
"C2-2.7-003","15","15","15","Part I — Governance Constitution","2","Document Lifecycle","2.7","SP-C2-2.7-58eb5554","Submit always represents entering the workflow, whether for the first time or after Return.","","Submit always represents entering the workflow, whether for the first time or after Return.","Descriptive","Descriptive Context","atomic","","Governance Approved","Descriptive context approved.","DX OSE Governance Review (Gate A.3)","No","N/A","Operational Documents / Shared UX","","Documentation",""
"C2-2.7-004","15","15","15","Part I — Governance Constitution","2","Document Lifecycle","2.7","SP-C2-2.7-0a18c9f6","After Reject, the same document must not re-enter workflow.","","After Reject, the same document must not re-enter workflow.","Explicit Must Not","Product Enforceable Requirement","atomic","","Governance Approved","Product enforceable requirement approved.","DX OSE Governance Review (Gate A.3)","Yes","Multiple","Operational Documents / Shared UX","","Code / Runtime / UI",""
"C2-2.7-005","15","15","15","Part I — Governance Constitution","2","Document Lifecycle","2.7","SP-C2-2.7-99c0309a","A new document is required.","","A new document is required.","Descriptive","Descriptive Context","atomic","","Governance Approved","Descriptive context approved.","DX OSE Governance Review (Gate A.3)","No","N/A","Operational Documents / Shared UX","","Documentation",""
"C2-2.8-001","15","15","15","Part I — Governance Constitution","2","Document Lifecycle","2.8","SP-C2-2.8-6277edb1","Every document detail view shall present a unified timeline showing, as applicable: current state, workflow step, actor, date and time, mandatory reasons, workflow comments, system events, and duration (when applicable).","","Every document detail view shall present a unified timeline showing, as applicable: current state, workflow step, actor, date and time, mandatory reasons, workflow comments, system events, and duration (when applicable).","Explicit Shall","Product Enforceable Requirement","atomic","","Governance Approved","Product enforceable requirement approved.","DX OSE Governance Review (Gate A.3)","Yes","Multiple","Operational Documents / Shared UX","","Code / Runtime / UI",""
"C2-2.9-001","15","15","15","Part I — Governance Constitution","2","Document Lifecycle","2.9","SP-C2-2.9-9b1c6482","Cancel Creator action Void (per Ch. 2.2)","","Cancel Creator action Void (per Ch. 2.2)","Descriptive","Descriptive Context","span_member","§2.9 lifecycle termination table row.","Governance Approved","Descriptive context approved.","DX OSE Governance Review (Gate A.3)","No","N/A","Operational Documents / Shared UX","","Documentation",""
"C2-2.9-002","15","15","15","Part I — Governance Constitution","2","Document Lifecycle","2.9","SP-C2-2.9-2a1757c2","Reject Reviewer workflow action Rejected","","Reject Reviewer workflow action Rejected","Descriptive","Descriptive Context","span_member","§2.9 lifecycle termination table row.","Governance Approved","Descriptive context approved.","DX OSE Governance Review (Gate A.3)","No","N/A","Operational Documents / Shared UX","","Documentation",""
"C2-2.9-003","15","15","15","Part I — Governance Constitution","2","Document Lifecycle","2.9","SP-C2-2.9-9da4f66c","Close Lifecycle completion action Closed","","Close Lifecycle completion action Closed","Descriptive","Descriptive Context","span_member","§2.9 lifecycle termination table row.","Governance Approved","Descriptive context approved.","DX OSE Governance Review (Gate A.3)","No","N/A","Operational Documents / Shared UX","","Documentation",""
"C2-2.10-001","15","15","15","Part I — Governance Constitution","2","Document Lifecycle","2.10","SP-C2-2.10-99a5f368","Workflow engine implementation, state machine design, database schema, API contracts, technical implementation details — Architecture & Implementation Guides.","","Workflow engine implementation, state machine design, database schema, API contracts, technical implementation details — Architecture & Implementation Guides.","Out of Scope","Out of Scope","atomic","","Governance Approved","Governance approved: Out of Scope.","DX OSE Governance Review (Gate A.3)","No","N/A","Operational Documents / Shared UX","","N/A",""
"C3-3.1-001","16","16","16","Part I — Governance Constitution","3","Workflow & Actions","3.1","SP-C3-3.1-ea04b2c6","Users shall see only the actions they need for their role and document state.","","Users shall see only the actions they need for their role and document state.","Explicit Shall","Product Enforceable Requirement","atomic","","Governance Approved","Product enforceable requirement approved.","DX OSE Governance Review (Gate A.3)","Yes","Multiple","Workflow / Shared UX","","Code / Runtime / UI",""
"C3-3.1-002","16","16","16","Part I — Governance Constitution","3","Workflow & Actions","3.1","SP-C3-3.1-df38430e","Action behavior shall remain consistent across all DX OSE modules regardless of workflow implementation.","","Action behavior shall remain consistent across all DX OSE modules regardless of workflow implementation.","Explicit Shall","Product Enforceable Requirement","atomic","","Governance Approved","Product enforceable requirement approved.","DX OSE Governance Review (Gate A.3)","Yes","Multiple","Workflow / Shared UX","","Code / Runtime / UI",""
"C3-3.1-003","16","16","16","Part I — Governance Constitution","3","Workflow & Actions","3.1","SP-C3-3.1-fa6e8989","No module may invent alternative names for standard actions unless ratified in this Constitution.","","No module may invent alternative names for standard actions unless ratified in this Constitution.","Explicit Must Not","Product Enforceable Requirement","atomic","","Governance Approved","Product enforceable requirement approved.","DX OSE Governance Review (Gate A.3)","Yes","Multiple","Workflow / Shared UX","","Code / Runtime / UI",""
"C3-3.2-001","16","16","16","Part I — Governance Constitution","3","Workflow & Actions","3.2","SP-C3-3.2-044de1c5","Save Draft, Submit, Cancel.","","Save Draft, Submit, Cancel.","Descriptive","Descriptive Context","atomic","","Governance Approved","Descriptive context approved.","DX OSE Governance Review (Gate A.3)","No","N/A","Workflow / Shared UX","","Documentation",""
"C3-3.2-002","16","16","16","Part I — Governance Constitution","3","Workflow & Actions","3.2","SP-C3-3.2-ebee3be6","Cancel is an action, not a lifecycle state.","","Cancel is an action, not a lifecycle state.","Descriptive","Descriptive Context","atomic","","Governance Approved","Descriptive context approved.","DX OSE Governance Review (Gate A.3)","No","N/A","Workflow / Shared UX","","Documentation",""
"C3-3.2-003","16","16","16","Part I — Governance Constitution","3","Workflow & Actions","3.2","SP-C3-3.2-e4947dc1","Alternative labels with the same meaning (Abort, Discard, Cancel Document) must not be used.","","Alternative labels with the same meaning (Abort, Discard, Cancel Document) must not be used.","Explicit Must Not","Product Enforceable Requirement","atomic","","Governance Approved","Product enforceable requirement approved.","DX OSE Governance Review (Gate A.3)","Yes","Multiple","Workflow / Shared UX","","Code / Runtime / UI",""
"C3-3.3-001","16","16","16","Part I — Governance Constitution","3","Workflow & Actions","3.3","SP-C3-3.3-f9cdff49","Approve, Send Back, Reject.","","Approve, Send Back, Reject.","Descriptive","Descriptive Context","atomic","","Governance Approved","Descriptive context approved.","DX OSE Governance Review (Gate A.3)","No","N/A","Workflow / Shared UX","","Documentation",""
"C3-3.3-002","16","16","16","Part I — Governance Constitution","3","Workflow & Actions","3.3","SP-C3-3.3-c327614e","Reviewer actions shall be available only while the document is actively assigned to the current reviewer according to workflow definition and the permission model.","","Reviewer actions shall be available only while the document is actively assigned to the current reviewer according to workflow definition and the permission model.","Explicit Shall","Product Enforceable Requirement","atomic","","Governance Approved","Product enforceable requirement approved.","DX OSE Governance Review (Gate A.3)","Yes","Multiple","Workflow / Shared UX","","Code / Runtime / UI",""
"C3-3.4-001","16","16","16","Part I — Governance Constitution","3","Workflow & Actions","3.4","SP-C3-3.4-efdd6efd","Ends document No Yes","","Ends document No Yes","Descriptive","Descriptive Context","span_member","§3.4 Send Back vs Reject table row.","Governance Approved","Descriptive context approved.","DX OSE Governance Review (Gate A.3)","No","N/A","Workflow / Shared UX","","Documentation",""
"C3-3.4-002","16","16","16","Part I — Governance Constitution","3","Workflow & Actions","3.4","SP-C3-3.4-75596a96","Allows edit Yes No","","Allows edit Yes No","Descriptive","Descriptive Context","span_member","§3.4 Send Back vs Reject table row.","Governance Approved","Descriptive context approved.","DX OSE Governance Review (Gate A.3)","No","N/A","Workflow / Shared UX","","Documentation",""
"C3-3.4-003","16","16","16","Part I — Governance Constitution","3","Workflow & Actions","3.4","SP-C3-3.4-b40c9fe1","Reason required Yes Yes","","Reason required Yes Yes","Descriptive","Descriptive Context","span_member","§3.4 Send Back vs Reject table row.","Governance Approved","Descriptive context approved.","DX OSE Governance Review (Gate A.3)","No","N/A","Workflow / Shared UX","","Documentation",""
"C3-3.4-004","16","16","16","Part I — Governance Constitution","3","Workflow & Actions","3.4","SP-C3-3.4-c1811d74","Next step Edit → Submit New document if operation repeats","","Next step Edit → Submit New document if operation repeats","Governance Definition","Governance Definition","span_member","§3.4 Send Back vs Reject table row.","Governance Approved","Governance definition approved.","DX OSE Governance Review (Gate A.3)","No","Governance Documentation","Workflow / Shared UX","","Documentation",""
"C3-3.4-005","16","16","16","Part I — Governance Constitution","3","Workflow & Actions","3.4","SP-C3-3.4-d839e108","Business transaction Continues Terminates","","Business transaction Continues Terminates","Descriptive","Descriptive Context","span_member","§3.4 Send Back vs Reject table row.","Governance Approved","Descriptive context approved.","DX OSE Governance Review (Gate A.3)","No","N/A","Workflow / Shared UX","","Documentation",""
"C3-3.5-001","16","16","16","Part I — Governance Constitution","3","Workflow & Actions","3.5","SP-C3-3.5-fb1ff464","There shall be only one primary action for the current document state.","","There shall be only one primary action for the current document state.","Explicit Shall","Product Enforceable Requirement","atomic","","Governance Approved","Product enforceable requirement approved.","DX OSE Governance Review (Gate A.3)","Yes","Multiple","Workflow / Shared UX","","Code / Runtime / UI",""
"C3-3.6-001","16","16","16","Part I — Governance Constitution","3","Workflow & Actions","3.6","SP-C3-3.6-6269d733","Primary → Secondary → Neutral → Danger","","Primary → Secondary → Neutral → Danger","Descriptive","Descriptive Context","atomic","","Governance Approved","Descriptive context approved.","DX OSE Governance Review (Gate A.3)","No","N/A","Workflow / Shared UX","","Documentation",""
"C3-3.7-001","16","16","16","Part I — Governance Constitution","3","Workflow & Actions","3.7","SP-C3-3.7-f54c5809","Workflow Contracts & Who; when; routing; next step","","Workflow Contracts & ACC | Who; when; routing; next step","Governance Definition","Governance Definition","atomic","Gate A FINAL — §3.7 table merge (Block 1).","Governance Corrected","Block 1 — §3.7 governance definition row.","DX OSE Governance Review (Gate A.3)","No","Governance Documentation","Workflow / Shared UX","","Documentation",""
"C3-3.7-002","16","16","16","Part I — Governance Constitution","3","Workflow & Actions","3.7","SP-C3-3.7-4571c39f","This Constitution Meaning; behavior; terminology; confirmation rules; mandatory reasons; user expectations","","This Constitution | Meaning; behavior; terminology; confirmation rules; mandatory reasons; user expectations","Governance Definition","Governance Definition","atomic","Gate A FINAL — §3.7 table merge (Block 1).","Governance Corrected","Block 1 — §3.7 governance definition row.","DX OSE Governance Review (Gate A.3)","No","Governance Documentation","Workflow / Shared UX","","Documentation",""
"C3-3.8-001","16","16","16","Part I — Governance Constitution","3","Workflow & Actions","3.8","SP-C3-3.8-2c568490","Icons, colors, visual styling, animations — DX OSE UX Constitution.","","Icons, colors, visual styling, animations — DX OSE UX Constitution.","Out of Scope","Out of Scope","atomic","","Governance Approved","Governance approved: Out of Scope.","DX OSE Governance Review (Gate A.3)","No","N/A","Workflow / Shared UX","","N/A",""
"C4-4.1-001","17","17","17","Part I — Governance Constitution","4","Operation Permissions","4.1","SP-C4-4.1-a6492929","Operation permissions govern authorization only and shall never replace workflow validation, lifecycle validation, or business rule enforcement.","","Operation permissions govern authorization only and shall never replace workflow validation, lifecycle validation, or business rule enforcement.","Explicit Shall","Product Enforceable Requirement","atomic","","Governance Approved","Product enforceable requirement approved.","DX OSE Governance Review (Gate A.3)","Yes","Multiple","ACC / Backend Authorization","","Code / Runtime / UI",""
"C4-4.1-002","17","17","17","Part I — Governance Constitution","4","Operation Permissions","4.1","SP-C4-4.1-aadc6efa","The Access Control Catalog (ACC) is the single source of truth for permissions.","","The Access Control Catalog (ACC) is the single source of truth for permissions.","Descriptive","Descriptive Context","atomic","","Governance Approved","Descriptive context approved.","DX OSE Governance Review (Gate A.3)","No","N/A","ACC / Backend Authorization","","Documentation",""
"C4-4.2-001","17","17","17","Part I — Governance Constitution","4","Operation Permissions","4.2","SP-C4-4.2-4a9f79eb","View","","View","Governance Definition","Governance Definition","span_member","Standard operation list item.","Governance Approved","Governance definition approved.","DX OSE Governance Review (Gate A.3)","No","Governance Documentation","ACC / Backend Authorization","","Documentation",""
"C4-4.2-002","17","17","17","Part I — Governance Constitution","4","Operation Permissions","4.2","SP-C4-4.2-380a3372","Create","","Create","Governance Definition","Governance Definition","span_member","Standard operation list item.","Governance Approved","Governance definition approved.","DX OSE Governance Review (Gate A.3)","No","Governance Documentation","ACC / Backend Authorization","","Documentation",""
"C4-4.2-003","17","17","17","Part I — Governance Constitution","4","Operation Permissions","4.2","SP-C4-4.2-8af14333","Edit","","Edit","Governance Definition","Governance Definition","span_member","Standard operation list item.","Governance Approved","Governance definition approved.","DX OSE Governance Review (Gate A.3)","No","Governance Documentation","ACC / Backend Authorization","","Documentation",""
"C4-4.2-004","17","17","17","Part I — Governance Constitution","4","Operation Permissions","4.2","SP-C4-4.2-00967b79","Delete","","Delete","Governance Definition","Governance Definition","span_member","Standard operation list item.","Governance Approved","Governance definition approved.","DX OSE Governance Review (Gate A.3)","No","Governance Documentation","ACC / Backend Authorization","","Documentation",""
"C4-4.2-005","17","17","17","Part I — Governance Constitution","4","Operation Permissions","4.2","SP-C4-4.2-f441a29a","Submit","","Submit","Governance Definition","Governance Definition","span_member","Standard operation list item.","Governance Approved","Governance definition approved.","DX OSE Governance Review (Gate A.3)","No","Governance Documentation","ACC / Backend Authorization","","Documentation",""
"C4-4.2-006","17","17","17","Part I — Governance Constitution","4","Operation Permissions","4.2","SP-C4-4.2-b1bb6760","Approve","","Approve","Governance Definition","Governance Definition","span_member","Standard operation list item.","Governance Approved","Governance definition approved.","DX OSE Governance Review (Gate A.3)","No","Governance Documentation","ACC / Backend Authorization","","Documentation",""
"C4-4.2-007","17","17","17","Part I — Governance Constitution","4","Operation Permissions","4.2","SP-C4-4.2-7c7e13a2","Reject","","Reject","Governance Definition","Governance Definition","span_member","Standard operation list item.","Governance Approved","Governance definition approved.","DX OSE Governance Review (Gate A.3)","No","Governance Documentation","ACC / Backend Authorization","","Documentation",""
"C4-4.2-008","17","17","17","Part I — Governance Constitution","4","Operation Permissions","4.2","SP-C4-4.2-dc8ef734","Send Back","","Send Back","Governance Definition","Governance Definition","span_member","Standard operation list item.","Governance Approved","Governance definition approved.","DX OSE Governance Review (Gate A.3)","No","Governance Documentation","ACC / Backend Authorization","","Documentation",""
"C4-4.2-009","17","17","17","Part I — Governance Constitution","4","Operation Permissions","4.2","SP-C4-4.2-dc9294e4","Cancel","","Cancel","Governance Definition","Governance Definition","span_member","Standard operation list item.","Governance Approved","Governance definition approved.","DX OSE Governance Review (Gate A.3)","No","Governance Documentation","ACC / Backend Authorization","","Documentation",""
"C4-4.2-010","17","17","17","Part I — Governance Constitution","4","Operation Permissions","4.2","SP-C4-4.2-698c2170","Post","","Post","Governance Definition","Governance Definition","span_member","Standard operation list item.","Governance Approved","Governance definition approved.","DX OSE Governance Review (Gate A.3)","No","Governance Documentation","ACC / Backend Authorization","","Documentation",""
"C4-4.2-011","17","17","17","Part I — Governance Constitution","4","Operation Permissions","4.2","SP-C4-4.2-0835935f","Reopen","","Reopen","Governance Definition","Governance Definition","span_member","Standard operation list item.","Governance Approved","Governance definition approved.","DX OSE Governance Review (Gate A.3)","No","Governance Documentation","ACC / Backend Authorization","","Documentation",""
"C4-4.2-012","17","17","17","Part I — Governance Constitution","4","Operation Permissions","4.2","SP-C4-4.2-828de53e","Close","","Close","Governance Definition","Governance Definition","span_member","Standard operation list item.","Governance Approved","Governance definition approved.","DX OSE Governance Review (Gate A.3)","No","Governance Documentation","ACC / Backend Authorization","","Documentation",""
"C4-4.2-013","17","17","17","Part I — Governance Constitution","4","Operation Permissions","4.2","SP-C4-4.2-6393a7c0","Archive","","Archive","Governance Definition","Governance Definition","span_member","Standard operation list item.","Governance Approved","Governance definition approved.","DX OSE Governance Review (Gate A.3)","No","Governance Documentation","ACC / Backend Authorization","","Documentation",""
"C4-4.2-014","17","17","17","Part I — Governance Constitution","4","Operation Permissions","4.2","SP-C4-4.2-df507573","Print","","Print","Governance Definition","Governance Definition","span_member","Standard operation list item.","Governance Approved","Governance definition approved.","DX OSE Governance Review (Gate A.3)","No","Governance Documentation","ACC / Backend Authorization","","Documentation",""
"C4-4.2-015","17","17","17","Part I — Governance Constitution","4","Operation Permissions","4.2","SP-C4-4.2-67954302","Export","","Export","Governance Definition","Governance Definition","span_member","Standard operation list item.","Governance Approved","Governance definition approved.","DX OSE Governance Review (Gate A.3)","No","Governance Documentation","ACC / Backend Authorization","","Documentation",""
"C4-4.2-016","17","17","17","Part I — Governance Constitution","4","Operation Permissions","4.2","SP-C4-4.2-bcdc602b","Attach","","Attach","Governance Definition","Governance Definition","span_member","Standard operation list item.","Governance Approved","Governance definition approved.","DX OSE Governance Review (Gate A.3)","No","Governance Documentation","ACC / Backend Authorization","","Documentation",""
"C4-4.2-017","17","17","17","Part I — Governance Constitution","4","Operation Permissions","4.2","SP-C4-4.2-0440760c","View Audit.","","View Audit.","Governance Definition","Governance Definition","span_member","Standard operation list item.","Governance Approved","Governance definition approved.","DX OSE Governance Review (Gate A.3)","No","Governance Documentation","ACC / Backend Authorization","","Documentation",""
"C4-4.2-018","17","17","17","Part I — Governance Constitution","4","Operation Permissions","4.2","SP-C4-4.2-b70905cb","Evidence Package is part of document representation, not an independent business operation, and does not require a separate permission in the current DX OSE release.","","Evidence Package is part of document representation, not an independent business operation, and does not require a separate permission in the current DX OSE release.","Descriptive","Descriptive Context","atomic","","Governance Approved","Descriptive context approved.","DX OSE Governance Review (Gate A.3)","No","N/A","ACC / Backend Authorization","","Documentation",""
"C4-4.3-001","17","17","17","Part I — Governance Constitution","4","Operation Permissions","4.3","SP-C4-4.3-e819b4da","Permissions shall never bypass document lifecycle rules.","","Permissions shall never bypass document lifecycle rules.","Explicit Shall","Product Enforceable Requirement","span_member","Numbered rule — atomic split.","Governance Approved","Product enforceable requirement approved.","DX OSE Governance Review (Gate A.3)","Yes","Multiple","ACC / Backend Authorization","","Code / Runtime / UI",""
"C4-4.3-002","17","17","17","Part I — Governance Constitution","4","Operation Permissions","4.3","SP-C4-4.3-54dacb4a","Permissions grant eligibility, not execution authority.","","Permissions grant eligibility, not execution authority.","Explicit Shall","Product Enforceable Requirement","span_member","Numbered rule — atomic split.","Governance Approved","Product enforceable requirement approved.","DX OSE Governance Review (Gate A.3)","Yes","Multiple","ACC / Backend Authorization","","Code / Runtime / UI",""
"C4-4.3-003","17","17","17","Part I — Governance Constitution","4","Operation Permissions","4.3","SP-C4-4.3-9b195456","Action Allowed = Permission + Workflow + Lifecycle + Business Rules + Scope.","","Action Allowed = Permission + Workflow + Lifecycle + Business Rules + Scope.","Explicit Shall","Product Enforceable Requirement","span_member","Numbered rule — atomic split.","Governance Approved","Product enforceable requirement approved.","DX OSE Governance Review (Gate A.3)","Yes","Multiple","ACC / Backend Authorization","","Code / Runtime / UI",""
"C4-4.3-004","17","17","17","Part I — Governance Constitution","4","Operation Permissions","4.3","SP-C4-4.3-e7200a09","Modules shall not introduce alternative operation names for standardized operations.","","Modules shall not introduce alternative operation names for standardized operations.","Explicit Shall","Product Enforceable Requirement","span_member","Numbered rule — atomic split.","Governance Approved","Product enforceable requirement approved.","DX OSE Governance Review (Gate A.3)","Yes","Multiple","ACC / Backend Authorization","","Code / Runtime / UI",""
"C4-4.4-001","17","17","17","Part I — Governance Constitution","4","Operation Permissions","4.4","SP-C4-4.4-c3c19963","Permission key naming, role matrix maintenance, role hierarchy, permission inheritance, technical authorization implementation — ACC.","","Permission key naming, role matrix maintenance, role hierarchy, permission inheritance, technical authorization implementation — ACC.","Out of Scope","Out of Scope","atomic","","Governance Approved","Governance approved: Out of Scope.","DX OSE Governance Review (Gate A.3)","No","N/A","ACC / Backend Authorization","","N/A",""
"C5-5.1-001","18","18","18","Part I — Governance Constitution","5","Posting","5.1","SP-C5-5.1-19422166","Posting is the single irreversible business commit point for all operational and financial effects within the DX OSE Platform.","","Posting is the single irreversible business commit point for all operational and financial effects within the DX OSE Platform.","Descriptive","Descriptive Context","atomic","","Governance Approved","Descriptive context approved.","DX OSE Governance Review (Gate A.3)","No","N/A","Posting / Backend","","Documentation",""
"C5-5.1-002","18","18","18","Part I — Governance Constitution","5","Posting","5.1","SP-C5-5.1-db0f14b8","Posting is the only operation permitted to create official operational and financial business effects.","","Posting is the only operation permitted to create official operational and financial business effects.","Descriptive","Product Enforceable Requirement","atomic","","Governance Corrected","Posting authority rule.","DX OSE Governance Review (Gate A FINAL)","Yes","Runtime Behavior","Posting / Backend","","Documentation",""
"C5-5.1-003","18","18","18","Part I — Governance Constitution","5","Posting","5.1","SP-C5-5.1-4317a565","Documents become business-immutable after Posting except through formally governed reversal or adjustment procedures.","","Documents become business-immutable after Posting except through formally governed reversal or adjustment procedures.","Descriptive","Product Enforceable Requirement","atomic","","Governance Corrected","Business immutability after Posting.","DX OSE Governance Review (Gate A FINAL)","Yes","Multiple","Posting / Backend","","Documentation",""
"C5-5.2-001","18","18","18","Part I — Governance Constitution","5","Posting","5.2","SP-C5-5.2-verify-cb93dbe1","user authority","Before Posting, the platform shall verify:","Before Posting, the platform shall verify: user authority","Explicit Shall","Product Enforceable Requirement","span_member","Semicolon-separated posting precondition from §5.2 verify list.","Governance Approved","Product enforceable requirement approved.","DX OSE Governance Review (Gate A.3)","Yes","Multiple","Posting / Backend","","Code / Runtime / UI",""
"C5-5.2-002","18","18","18","Part I — Governance Constitution","5","Posting","5.2","SP-C5-5.2-verify-cb93dbe1","valid workflow state","Before Posting, the platform shall verify:","Before Posting, the platform shall verify: valid workflow state","Explicit Shall","Product Enforceable Requirement","span_member","Semicolon-separated posting precondition from §5.2 verify list.","Governance Approved","Product enforceable requirement approved.","DX OSE Governance Review (Gate A.3)","Yes","Multiple","Posting / Backend","","Code / Runtime / UI",""
"C5-5.2-003","18","18","18","Part I — Governance Constitution","5","Posting","5.2","SP-C5-5.2-verify-cb93dbe1","open inventory/financial period (Posting Date)","Before Posting, the platform shall verify:","Before Posting, the platform shall verify: open inventory/financial period (Posting Date)","Explicit Shall","Product Enforceable Requirement","span_member","Semicolon-separated posting precondition from §5.2 verify list.","Governance Approved","Product enforceable requirement approved.","DX OSE Governance Review (Gate A.3)","Yes","Multiple","Posting / Backend","","Code / Runtime / UI",""
"C5-5.2-004","18","18","18","Part I — Governance Constitution","5","Posting","5.2","SP-C5-5.2-verify-cb93dbe1","full document revalidation","Before Posting, the platform shall verify:","Before Posting, the platform shall verify: full document revalidation","Explicit Shall","Product Enforceable Requirement","span_member","Semicolon-separated posting precondition from §5.2 verify list.","Governance Approved","Product enforceable requirement approved.","DX OSE Governance Review (Gate A.3)","Yes","Multiple","Posting / Backend","","Code / Runtime / UI",""
"C5-5.2-005","18","18","18","Part I — Governance Constitution","5","Posting","5.2","SP-C5-5.2-verify-cb93dbe1","stock availability for outbound documents","Before Posting, the platform shall verify:","Before Posting, the platform shall verify: stock availability for outbound documents","Explicit Shall","Product Enforceable Requirement","span_member","Semicolon-separated posting precondition from §5.2 verify list.","Governance Approved","Product enforceable requirement approved.","DX OSE Governance Review (Gate A.3)","Yes","Multiple","Posting / Backend","","Code / Runtime / UI",""
"C5-5.2-006","18","18","18","Part I — Governance Constitution","5","Posting","5.2","SP-C5-5.2-9214bede","Final validation — full revalidation immediately before Posting regardless of prior validation.","","Final validation — full revalidation immediately before Posting regardless of prior validation.","Explicit Shall","Product Enforceable Requirement","span_member","§5.2 numbered rule — atomic split.","Governance Approved","Product enforceable requirement approved.","DX OSE Governance Review (Gate A.3)","Yes","Multiple","Posting / Backend","","Code / Runtime / UI",""
"C5-5.2-007","18","18","18","Part I — Governance Constitution","5","Posting","5.2","SP-C5-5.2-e7129967","Transaction boundary — single transactional boundary","","Transaction boundary — single transactional boundary","Explicit Shall","Product Enforceable Requirement","span_member","§5.2 numbered rule — atomic split.","Governance Approved","Product enforceable requirement approved.","DX OSE Governance Review (Gate A.3)","Yes","Multiple","Posting / Backend","","Code / Runtime / UI",""
"C5-5.2-008","18","18","18","Part I — Governance Constitution","5","Posting","5.2","SP-C5-5.2-4488350f","Atomicity — any failure leaves document and related business data completely unchanged.","","Atomicity — any failure leaves document and related business data completely unchanged.","Explicit Shall","Product Enforceable Requirement","span_member","§5.2 numbered rule — atomic split.","Governance Approved","Product enforceable requirement approved.","DX OSE Governance Review (Gate A.3)","Yes","Multiple","Posting / Backend","","Code / Runtime / UI",""
"C5-5.2-009","18","18","18","Part I — Governance Constitution","5","Posting","5.2","SP-C5-5.2-dbf15eb4","Idempotency — repeating the same posting request shall never create additional effects.","","Idempotency — repeating the same posting request shall never create additional effects.","Explicit Shall","Product Enforceable Requirement","span_member","§5.2 numbered rule — atomic split.","Governance Approved","Product enforceable requirement approved.","DX OSE Governance Review (Gate A.3)","Yes","Multiple","Posting / Backend","","Code / Runtime / UI",""
"C5-5.2-010","18","18","18","Part I — Governance Constitution","5","Posting","5.2","SP-C5-5.2-f5ef6c6a","Posting trigger — Posting is automatically triggered upon successful final workflow approval unless a document-specific governance policy defines otherwise.","","Posting trigger — Posting is automatically triggered upon successful final workflow approval unless a document-specific governance policy defines otherwise.","Explicit Shall","Product Enforceable Requirement","span_member","§5.2 rule 5 posting trigger — atomic sentence split.","Governance Approved","Product enforceable requirement approved.","DX OSE Governance Review (Gate A.3)","Yes","Multiple","Posting / Backend","","Code / Runtime / UI",""
"C5-5.2-011","18","18","18","Part I — Governance Constitution","5","Posting","5.2","SP-C5-5.2-2384c6cb","Final Workflow Approval = business authorization for Posting.","","Final Workflow Approval = business authorization for Posting.","Explicit Shall","Product Enforceable Requirement","span_member","§5.2 rule 5 posting trigger — atomic sentence split.","Governance Approved","Product enforceable requirement approved.","DX OSE Governance Review (Gate A.3)","Yes","Multiple","Posting / Backend","","Code / Runtime / UI",""
"C5-5.2-012","18","18","18","Part I — Governance Constitution","5","Posting","5.2","SP-C5-5.2-51b9b562","No additional posting confirmation is required by default.","","No additional posting confirmation is required by default.","Explicit Shall","Product Enforceable Requirement","span_member","§5.2 rule 5 posting trigger — atomic sentence split.","Governance Approved","Product enforceable requirement approved.","DX OSE Governance Review (Gate A.3)","Yes","Multiple","Posting / Backend","","Code / Runtime / UI",""
"C5-5.2-013","18","18","18","Part I — Governance Constitution","5","Posting","5.2","SP-C5-5.2-2190ab3c","Posting behavior shall remain deterministic and repeat-safe throughout the platform.","","Posting behavior shall remain deterministic and repeat-safe throughout the platform.","Explicit Shall","Product Enforceable Requirement","atomic","","Governance Approved","Product enforceable requirement approved.","DX OSE Governance Review (Gate A.3)","Yes","Multiple","Posting / Backend","","Code / Runtime / UI",""
"C5-5.3-001","18","18","18","Part I — Governance Constitution","5","Posting","5.3","SP-C5-5.3-2ab2ffc7","Approval authorizes progression within workflow.","","Approval authorizes progression within workflow.","Descriptive","Descriptive Context","atomic","","Governance Approved","Descriptive context approved.","DX OSE Governance Review (Gate A.3)","No","N/A","Posting / Backend","","Documentation",""
"C5-5.3-002","18","18","18","Part I — Governance Constitution","5","Posting","5.3","SP-C5-5.3-9d9f912f","Posting applies official operational and financial effects.","","Posting applies official operational and financial effects.","Descriptive","Descriptive Context","atomic","","Governance Approved","Descriptive context approved.","DX OSE Governance Review (Gate A.3)","No","N/A","Posting / Backend","","Documentation",""
"C5-5.3-003","18","18","18","Part I — Governance Constitution","5","Posting","5.3","SP-C5-5.3-9ee27433","Workflow Contracts define whether final approval leads directly to Posting or to an optional Approved stage.","","Workflow Contracts define whether final approval leads directly to Posting or to an optional Approved stage.","Descriptive","Descriptive Context","atomic","","Governance Approved","Descriptive context approved.","DX OSE Governance Review (Gate A.3)","No","N/A","Posting / Backend","","Documentation",""
"C5-5.4-001","18","18","18","Part I — Governance Constitution","5","Posting","5.4","SP-C5-5.4-2972ef1e","Reversal procedures, inventory recalculation, ledger repair, historical data correction — separate governance documents.","","Reversal procedures, inventory recalculation, ledger repair, historical data correction — separate governance documents.","Out of Scope","Out of Scope","atomic","","Governance Approved","Governance approved: Out of Scope.","DX OSE Governance Review (Gate A.3)","No","N/A","Posting / Backend","","N/A",""
"C6A-6.1-001","19","19","19","Part I — Governance Constitution","6","Period Management","6.1","SP-C6A-6.1-001-16f4236e","Period Management preserves inventory integrity, financial integrity, audit integrity, and reporting consistency.","","Period Management preserves inventory integrity, financial integrity, audit integrity, and reporting consistency.","Descriptive","Descriptive Context","atomic","","Constitutionally Approved","CONSTITUTIONALLY APPROVED — IMPLEMENTATION PENDING — NOT YET VERIFIED","Chapter 6 D1–D12 Amendment (Amr 2026-07-05)","No","N/A","Period Management / Backend","","Documentation",""
"C6A-6.1-002","19","19","19","Part I — Governance Constitution","6","Period Management","6.1","SP-C6A-6.1-002-6da4d7f8","Period Management governs when transactions may officially affect inventory and financial records.","","Period Management governs when transactions may officially affect inventory and financial records.","Descriptive","Descriptive Context","atomic","","Constitutionally Approved","CONSTITUTIONALLY APPROVED — IMPLEMENTATION PENDING — NOT YET VERIFIED","Chapter 6 D1–D12 Amendment (Amr 2026-07-05)","No","N/A","Period Management / Backend","","Documentation",""
"C6A-6.1-003","19","19","19","Part I — Governance Constitution","6","Period Management","6.1","SP-C6A-6.1-003-0211799c","The sole operational close mechanism in DX OSE is Monthly Period Close. Annual Close as an independent period, process, snapshot, or lock is prohibited.","","The sole operational close mechanism in DX OSE is Monthly Period Close. Annual Close as an independent period, process, snapshot, or lock is prohibited.","Explicit Shall","Product Enforceable Requirement","atomic","","Constitutionally Approved","CONSTITUTIONALLY APPROVED — IMPLEMENTATION PENDING — NOT YET VERIFIED Decision: D1.","Chapter 6 D1–D12 Amendment (Amr 2026-07-05)","Yes","Multiple","Period Management / Backend","","Code / Runtime / UI",""
"C6A-6.1-004","19","19","19","Part I — Governance Constitution","6","Period Management","6.1","SP-C6A-6.1-004-47b4fffa","This chapter applies to all modules that create, modify, or report inventory or ledger truth, including current and future posting entry points.","","This chapter applies to all modules that create, modify, or report inventory or ledger truth, including current and future posting entry points.","Explicit Shall","Product Enforceable Requirement","atomic","","Constitutionally Approved","CONSTITUTIONALLY APPROVED — IMPLEMENTATION PENDING — NOT YET VERIFIED","Chapter 6 D1–D12 Amendment (Amr 2026-07-05)","Yes","Multiple","Period Management / Backend","","Code / Runtime / UI",""
"C6A-6.1-005","19","19","19","Part I — Governance Constitution","6","Period Management","6.1","SP-C6A-6.1-005-3486d6db","Period Management integrates with Draft Governance (Chapter 7), Access Control Catalog (Chapter 4 / ACC), and Audit requirements platform-wide.","","Period Management integrates with Draft Governance (Chapter 7), Access Control Catalog (Chapter 4 / ACC), and Audit requirements platform-wide.","Descriptive","Descriptive Context","atomic","","Constitutionally Approved","CONSTITUTIONALLY APPROVED — IMPLEMENTATION PENDING — NOT YET VERIFIED","Chapter 6 D1–D12 Amendment (Amr 2026-07-05)","No","N/A","Period Management / Backend","","Documentation",""
"C6A-6.2-001","19","19","19","Part I — Governance Constitution","6","Period Management","6.2","SP-C6A-6.2-001-f9a55a01","Each hotel (tenant) shall maintain an explicit Period Registry record for every calendar month (month ∈ {1, 2, …, 12}) and fiscal year.","","Each hotel (tenant) shall maintain an explicit Period Registry record for every calendar month (month ∈ {1, 2, …, 12}) and fiscal year.","Explicit Shall","Product Enforceable Requirement","atomic","","Constitutionally Approved","CONSTITUTIONALLY APPROVED — IMPLEMENTATION PENDING — NOT YET VERIFIED Decision: D11.","Chapter 6 D1–D12 Amendment (Amr 2026-07-05)","Yes","Multiple","Period Management / Backend","","Code / Runtime / UI",""
"C6A-6.2-002","19","19","19","Part I — Governance Constitution","6","Period Management","6.2","SP-C6A-6.2-002-9fe591dd","A period shall not be considered open merely because no registry record exists. Implicit open periods are prohibited.","","A period shall not be considered open merely because no registry record exists. Implicit open periods are prohibited.","Explicit Shall","Product Enforceable Requirement","atomic","","Constitutionally Approved","CONSTITUTIONALLY APPROVED — IMPLEMENTATION PENDING — NOT YET VERIFIED Decision: D11.","Chapter 6 D1–D12 Amendment (Amr 2026-07-05)","Yes","Multiple","Period Management / Backend","","Code / Runtime / UI",""
"C6A-6.2-003","19","19","19","Part I — Governance Constitution","6","Period Management","6.2","SP-C6A-6.2-003-a01173be","The Period Registry is the Single Source of Truth for posting availability, Manual Close, Reopen, Re-close, Auto Close, period history, and audit references.","","The Period Registry is the Single Source of Truth for posting availability, Manual Close, Reopen, Re-close, Auto Close, period history, and audit references.","Explicit Shall","Product Enforceable Requirement","atomic","","Constitutionally Approved","CONSTITUTIONALLY APPROVED — IMPLEMENTATION PENDING — NOT YET VERIFIED Decision: D11.","Chapter 6 D1–D12 Amendment (Amr 2026-07-05)","Yes","Multiple","Period Management / Backend","","Code / Runtime / UI",""
"C6A-6.2-004","19","19","19","Part I — Governance Constitution","6","Period Management","6.2","SP-C6A-6.2-004-22e32e7c","Each Period Registry record shall identify tenant (hotel), year, month (1–12; null month values are prohibited), and status (see §6.3).","","Each Period Registry record shall identify tenant (hotel), year, month (1–12; null month values are prohibited), and status (see §6.3).","Explicit Shall","Product Enforceable Requirement","atomic","","Constitutionally Approved","CONSTITUTIONALLY APPROVED — IMPLEMENTATION PENDING — NOT YET VERIFIED Decision: D1,D11.","Chapter 6 D1–D12 Amendment (Amr 2026-07-05)","Yes","Multiple","Period Management / Backend","","Code / Runtime / UI",""
"C6A-6.2-005","19","19","19","Part I — Governance Constitution","6","Period Management","6.2","SP-C6A-6.2-005-7ef0c303","Period records shall be created and managed sequentially per hotel. Periods shall close sequentially; overlapping closed periods are prohibited.","","Period records shall be created and managed sequentially per hotel. Periods shall close sequentially; overlapping closed periods are prohibited.","Explicit Shall","Product Enforceable Requirement","atomic","","Constitutionally Approved","CONSTITUTIONALLY APPROVED — IMPLEMENTATION PENDING — NOT YET VERIFIED Decision: D11.","Chapter 6 D1–D12 Amendment (Amr 2026-07-05)","Yes","Multiple","Period Management / Backend","","Code / Runtime / UI",""
"C6A-6.2-006","19","19","19","Part I — Governance Constitution","6","Period Management","6.2","SP-C6A-6.2-006-20d311da","Inventory Period and Financial Period shall be managed through the shared monthly Period Registry unless a future governance decision explicitly separates them.","","Inventory Period and Financial Period shall be managed through the shared monthly Period Registry unless a future governance decision explicitly separates them.","Descriptive","Descriptive Context","atomic","","Constitutionally Approved","CONSTITUTIONALLY APPROVED — IMPLEMENTATION PENDING — NOT YET VERIFIED","Chapter 6 D1–D12 Amendment (Amr 2026-07-05)","No","N/A","Period Management / Backend","","Documentation",""
"C6A-6.3-001","19","19","19","Part I — Governance Constitution","6","Period Management","6.3","SP-C6A-6.3-001-340cddef","The official period states are OPEN, CLOSING, and CLOSED. The state Archived is not a period registry state; historical snapshots and reports use SUPERSEDED versioning (§6.11, §6.17).","","The official period states are OPEN, CLOSING, and CLOSED. The state Archived is not a period registry state; historical snapshots and reports use SUPERSEDED versioning (§6.11, §6.17).","Explicit Shall","Governance Definition","atomic","","Constitutionally Approved","CONSTITUTIONALLY APPROVED — IMPLEMENTATION PENDING — NOT YET VERIFIED Decision: D11.","Chapter 6 D1–D12 Amendment (Amr 2026-07-05)","Yes","Multiple","Period Management / Backend","","Code / Runtime / UI",""
"C6A-6.3-002","19","19","19","Part I — Governance Constitution","6","Period Management","6.3","SP-C6A-6.3-002-0443d4d5","While a period is OPEN, the platform shall operate normally for all users according to ACC-granted permissions without additional close-related permissions beyond standard operational authority.","","While a period is OPEN, the platform shall operate normally for all users according to ACC-granted permissions without additional close-related permissions beyond standard operational authority.","Explicit Shall","Product Enforceable Requirement","atomic","","Constitutionally Approved","CONSTITUTIONALLY APPROVED — IMPLEMENTATION PENDING — NOT YET VERIFIED","Chapter 6 D1–D12 Amendment (Amr 2026-07-05)","Yes","Multiple","Period Management / Backend","","Code / Runtime / UI",""
"C6A-6.3-003","19","19","19","Part I — Governance Constitution","6","Period Management","6.3","SP-C6A-6.3-003-5c4d9435","Transition OPEN → CLOSING applies to initial Monthly Close and Re-close after Reopen; entry shall immediately run full Close Validation (§6.8) and expose the Close Resolution Workspace (§6.9); entry does not require a clean validation result beforehand.","","Transition OPEN → CLOSING applies to initial Monthly Close and Re-close after Reopen; entry shall immediately run full Close Validation (§6.8) and expose the Close Resolution Workspace (§6.9); entry does not require a clean validation result beforehand.","Explicit Shall","Product Enforceable Requirement","atomic","","Constitutionally Approved","CONSTITUTIONALLY APPROVED — IMPLEMENTATION PENDING — NOT YET VERIFIED Decision: D7,D11.","Chapter 6 D1–D12 Amendment (Amr 2026-07-05)","Yes","Multiple","Period Management / Backend","","Code / Runtime / UI",""
"C6A-6.3-004","19","19","19","Part I — Governance Constitution","6","Period Management","6.3","SP-C6A-6.3-004-84e72ca9","Transition CLOSING → CLOSED shall occur only when Blockers = 0 (§6.8.3); upon transition the platform shall build the Closing Snapshot (§6.12) and assign snapshot version status per §6.11.","","Transition CLOSING → CLOSED shall occur only when Blockers = 0 (§6.8.3); upon transition the platform shall build the Closing Snapshot (§6.12) and assign snapshot version status per §6.11.","Explicit Shall","Product Enforceable Requirement","atomic","","Constitutionally Approved","CONSTITUTIONALLY APPROVED — IMPLEMENTATION PENDING — NOT YET VERIFIED Decision: D3,D7.","Chapter 6 D1–D12 Amendment (Amr 2026-07-05)","Yes","Multiple","Period Management / Backend","","Code / Runtime / UI",""
"C6A-6.3-005","19","19","19","Part I — Governance Constitution","6","Period Management","6.3","SP-C6A-6.3-005-67ec10b5","Users holding PERIOD_CLOSE_RESOLUTION or equivalent close-workspace authority may cancel CLOSING → OPEN without completing close.","","Users holding PERIOD_CLOSE_RESOLUTION or equivalent close-workspace authority may cancel CLOSING → OPEN without completing close.","Explicit Shall","Product Enforceable Requirement","atomic","","Constitutionally Approved","CONSTITUTIONALLY APPROVED — IMPLEMENTATION PENDING — NOT YET VERIFIED Decision: D9.","Chapter 6 D1–D12 Amendment (Amr 2026-07-05)","Yes","Multiple","Period Management / Backend","","Code / Runtime / UI",""
"C6A-6.3-006","19","19","19","Part I — Governance Constitution","6","Period Management","6.3","SP-C6A-6.3-006-e428be46","Reopen transition CLOSED → OPEN is governed by §6.10 and shall not delete or replace existing snapshot versions.","","Reopen transition CLOSED → OPEN is governed by §6.10 and shall not delete or replace existing snapshot versions.","Explicit Shall","Product Enforceable Requirement","atomic","","Constitutionally Approved","CONSTITUTIONALLY APPROVED — IMPLEMENTATION PENDING — NOT YET VERIFIED Decision: D2,D3.","Chapter 6 D1–D12 Amendment (Amr 2026-07-05)","Yes","Multiple","Period Management / Backend","","Code / Runtime / UI",""
"C6A-6.4-001","19","19","19","Part I — Governance Constitution","6","Period Management","6.4","SP-C6A-6.4-001-b4ff1458","Monthly Period Close shall use one Close Engine, one Validation contract (§6.8), and one ACC permission model (§6.15) for all months.","","Monthly Period Close shall use one Close Engine, one Validation contract (§6.8), and one ACC permission model (§6.15) for all months.","Explicit Shall","Product Enforceable Requirement","atomic","","Constitutionally Approved","CONSTITUTIONALLY APPROVED — IMPLEMENTATION PENDING — NOT YET VERIFIED Decision: D1,D10.","Chapter 6 D1–D12 Amendment (Amr 2026-07-05)","Yes","Multiple","Period Management / Backend","","Code / Runtime / UI",""
"C6A-6.4-002","19","19","19","Part I — Governance Constitution","6","Period Management","6.4","SP-C6A-6.4-002-fd591bb5","December (month = 12) shall follow identical close logic as all other months.","","December (month = 12) shall follow identical close logic as all other months.","Explicit Shall","Product Enforceable Requirement","atomic","","Constitutionally Approved","CONSTITUTIONALLY APPROVED — IMPLEMENTATION PENDING — NOT YET VERIFIED Decision: D1.","Chapter 6 D1–D12 Amendment (Amr 2026-07-05)","Yes","Multiple","Period Management / Backend","","Code / Runtime / UI",""
"C6A-6.4-003","19","19","19","Part I — Governance Constitution","6","Period Management","6.4","SP-C6A-6.4-003-33c47eb8","The user interface shall display December using the descriptive label ""December - Year End Closing"". This label is presentational only and shall not introduce a separate year-end process, snapshot, lock, or permission.","","The user interface shall display December using the descriptive label ""December - Year End Closing"". This label is presentational only and shall not introduce a separate year-end process, snapshot, lock, or permission.","Explicit Shall","Product Enforceable Requirement","atomic","","Constitutionally Approved","CONSTITUTIONALLY APPROVED — IMPLEMENTATION PENDING — NOT YET VERIFIED Decision: D1.","Chapter 6 D1–D12 Amendment (Amr 2026-07-05)","Yes","Multiple","Period Management / Backend","","Code / Runtime / UI",""
"C6A-6.4-004","19","19","19","Part I — Governance Constitution","6","Period Management","6.4","SP-C6A-6.4-004-895cc948","The CURRENT Snapshot Version produced by closing December shall constitute the Closing Snapshot for that calendar year and the Opening Basis for January (month = 1) of the following calendar year.","","The CURRENT Snapshot Version produced by closing December shall constitute the Closing Snapshot for that calendar year and the Opening Basis for January (month = 1) of the following calendar year.","Explicit Shall","Product Enforceable Requirement","atomic","","Constitutionally Approved","CONSTITUTIONALLY APPROVED — IMPLEMENTATION PENDING — NOT YET VERIFIED Decision: D1,D3.","Chapter 6 D1–D12 Amendment (Amr 2026-07-05)","Yes","Multiple","Period Management / Backend","","Code / Runtime / UI",""
"C6A-6.4-005","19","19","19","Part I — Governance Constitution","6","Period Management","6.4","SP-C6A-6.4-005-a5c4b6f2","No additional annual snapshot shall be created. The platform must not maintain month = null period records.","","No additional annual snapshot shall be created. The platform must not maintain month = null period records.","Explicit Shall","Product Enforceable Requirement","atomic","","Constitutionally Approved","CONSTITUTIONALLY APPROVED — IMPLEMENTATION PENDING — NOT YET VERIFIED Decision: D1.","Chapter 6 D1–D12 Amendment (Amr 2026-07-05)","Yes","Multiple","Period Management / Backend","","Code / Runtime / UI",""
"C6A-6.4-006","19","19","19","Part I — Governance Constitution","6","Period Management","6.4","SP-C6A-6.4-006-3f4368cc","Annual reporting shall derive from twelve closed monthly periods. A separate Annual Close step is prohibited.","","Annual reporting shall derive from twelve closed monthly periods. A separate Annual Close step is prohibited.","Explicit Shall","Product Enforceable Requirement","atomic","","Constitutionally Approved","CONSTITUTIONALLY APPROVED — IMPLEMENTATION PENDING — NOT YET VERIFIED Decision: D1.","Chapter 6 D1–D12 Amendment (Amr 2026-07-05)","Yes","Multiple","Period Management / Backend","","Code / Runtime / UI",""
"C6A-6.4-007","19","19","19","Part I — Governance Constitution","6","Period Management","6.4","SP-C6A-6.4-007-a251fb85","If December is reopened and subsequently re-closed, the latest CURRENT Snapshot Version for December shall become the new Opening Basis for the following January.","","If December is reopened and subsequently re-closed, the latest CURRENT Snapshot Version for December shall become the new Opening Basis for the following January.","Explicit Shall","Product Enforceable Requirement","atomic","","Constitutionally Approved","CONSTITUTIONALLY APPROVED — IMPLEMENTATION PENDING — NOT YET VERIFIED Decision: D1,D2,D3.","Chapter 6 D1–D12 Amendment (Amr 2026-07-05)","Yes","Multiple","Period Management / Backend","","Code / Runtime / UI",""
"C6A-6.5-001","19","19","19","Part I — Governance Constitution","6","Period Management","6.5","SP-C6A-6.5-001-9459bae0","Every operation that affects inventory or the Inventory Ledger shall have an explicit Posting Date.","","Every operation that affects inventory or the Inventory Ledger shall have an explicit Posting Date.","Explicit Shall","Product Enforceable Requirement","atomic","","Constitutionally Approved","CONSTITUTIONALLY APPROVED — IMPLEMENTATION PENDING — NOT YET VERIFIED Decision: D5.","Chapter 6 D1–D12 Amendment (Amr 2026-07-05)","Yes","Multiple","Period Management / Backend","","Code / Runtime / UI",""
"C6A-6.5-002","19","19","19","Part I — Governance Constitution","6","Period Management","6.5","SP-C6A-6.5-002-10ebd69b","Default Posting Date shall be the current calendar date at the time of posting.","","Default Posting Date shall be the current calendar date at the time of posting.","Explicit Shall","Product Enforceable Requirement","atomic","","Constitutionally Approved","CONSTITUTIONALLY APPROVED — IMPLEMENTATION PENDING — NOT YET VERIFIED Decision: D5.","Chapter 6 D1–D12 Amendment (Amr 2026-07-05)","Yes","Multiple","Period Management / Backend","","Code / Runtime / UI",""
"C6A-6.5-003","19","19","19","Part I — Governance Constitution","6","Period Management","6.5","SP-C6A-6.5-003-8820ada4","Users may select any Posting Date within an OPEN period, subject to §6.5.4–§6.5.6.","","Users may select any Posting Date within an OPEN period, subject to §6.5.4–§6.5.6.","Explicit Shall","Product Enforceable Requirement","atomic","","Constitutionally Approved","CONSTITUTIONALLY APPROVED — IMPLEMENTATION PENDING — NOT YET VERIFIED Decision: D5.","Chapter 6 D1–D12 Amendment (Amr 2026-07-05)","Yes","Multiple","Period Management / Backend","","Code / Runtime / UI",""
"C6A-6.5-004","19","19","19","Part I — Governance Constitution","6","Period Management","6.5","SP-C6A-6.5-004-3164dd7a","Future Posting Dates are prohibited.","","Future Posting Dates are prohibited.","Explicit Shall","Product Enforceable Requirement","atomic","","Constitutionally Approved","CONSTITUTIONALLY APPROVED — IMPLEMENTATION PENDING — NOT YET VERIFIED Decision: D5.","Chapter 6 D1–D12 Amendment (Amr 2026-07-05)","Yes","Multiple","Period Management / Backend","","Code / Runtime / UI",""
"C6A-6.5-005","19","19","19","Part I — Governance Constitution","6","Period Management","6.5","SP-C6A-6.5-005-4c994c78","Posting Dates falling within a CLOSED period are prohibited, in both user interface and backend enforcement.","","Posting Dates falling within a CLOSED period are prohibited, in both user interface and backend enforcement.","Explicit Shall","Product Enforceable Requirement","atomic","","Constitutionally Approved","CONSTITUTIONALLY APPROVED — IMPLEMENTATION PENDING — NOT YET VERIFIED Decision: D5.","Chapter 6 D1–D12 Amendment (Amr 2026-07-05)","Yes","Multiple","Period Management / Backend","","Code / Runtime / UI",""
"C6A-6.5-006","19","19","19","Part I — Governance Constitution","6","Period Management","6.5","SP-C6A-6.5-006-956c5490","After a period closes, the default Posting Date shall advance to a date within the current OPEN period.","","After a period closes, the default Posting Date shall advance to a date within the current OPEN period.","Explicit Shall","Product Enforceable Requirement","atomic","","Constitutionally Approved","CONSTITUTIONALLY APPROVED — IMPLEMENTATION PENDING — NOT YET VERIFIED Decision: D5.","Chapter 6 D1–D12 Amendment (Amr 2026-07-05)","Yes","Multiple","Period Management / Backend","","Code / Runtime / UI",""
"C6A-6.5-007","19","19","19","Part I — Governance Constitution","6","Period Management","6.5","SP-C6A-6.5-007-080517a9","Document Date represents the business event date. Document Date does not determine financial or inventory period attribution. Posting Date determines official effect.","","Document Date represents the business event date. Document Date does not determine financial or inventory period attribution. Posting Date determines official effect.","Explicit Shall","Product Enforceable Requirement","atomic","","Constitutionally Approved","CONSTITUTIONALLY APPROVED — IMPLEMENTATION PENDING — NOT YET VERIFIED Decision: D5.","Chapter 6 D1–D12 Amendment (Amr 2026-07-05)","Yes","Multiple","Period Management / Backend","","Code / Runtime / UI",""
"C6A-6.5-008","19","19","19","Part I — Governance Constitution","6","Period Management","6.5","SP-C6A-6.5-008-ebb1e62c","Document Date and Posting Date are independent and must never be treated as interchangeable.","","Document Date and Posting Date are independent and must never be treated as interchangeable.","Explicit Shall","Product Enforceable Requirement","atomic","","Constitutionally Approved","CONSTITUTIONALLY APPROVED — IMPLEMENTATION PENDING — NOT YET VERIFIED Decision: D5.","Chapter 6 D1–D12 Amendment (Amr 2026-07-05)","Yes","Multiple","Period Management / Backend","","Code / Runtime / UI",""
"C6A-6.5-009","19","19","19","Part I — Governance Constitution","6","Period Management","6.5","SP-C6A-6.5-009-00398c2e","At posting commit, each affected document shall permanently record Posting Date and Assigned Posting Period (YYYY-MM derived from Posting Date).","","At posting commit, each affected document shall permanently record Posting Date and Assigned Posting Period (YYYY-MM derived from Posting Date).","Explicit Shall","Product Enforceable Requirement","atomic","","Constitutionally Approved","CONSTITUTIONALLY APPROVED — IMPLEMENTATION PENDING — NOT YET VERIFIED Decision: D5,D6.","Chapter 6 D1–D12 Amendment (Amr 2026-07-05)","Yes","Multiple","Period Management / Backend","","Code / Runtime / UI",""
"C6A-6.5-010","19","19","19","Part I — Governance Constitution","6","Period Management","6.5","SP-C6A-6.5-010-4aea5ba0","Assigned Posting Period shall be immutable after posting.","","Assigned Posting Period shall be immutable after posting.","Explicit Shall","Product Enforceable Requirement","atomic","","Constitutionally Approved","CONSTITUTIONALLY APPROVED — IMPLEMENTATION PENDING — NOT YET VERIFIED Decision: D5.","Chapter 6 D1–D12 Amendment (Amr 2026-07-05)","Yes","Multiple","Period Management / Backend","","Code / Runtime / UI",""
"C6A-6.5-011","19","19","19","Part I — Governance Constitution","6","Period Management","6.5","SP-C6A-6.5-011-6746278a","Posting Date restrictions apply to Posting Date only, not Document Date.","","Posting Date restrictions apply to Posting Date only, not Document Date.","Explicit Shall","Product Enforceable Requirement","atomic","","Constitutionally Approved","CONSTITUTIONALLY APPROVED — IMPLEMENTATION PENDING — NOT YET VERIFIED Decision: D5.","Chapter 6 D1–D12 Amendment (Amr 2026-07-05)","Yes","Multiple","Period Management / Backend","","Code / Runtime / UI",""
"C6A-6.5-012","19","19","19","Part I — Governance Constitution","6","Period Management","6.5","SP-C6A-6.5-012-475e5db1","The platform shall prevent invalid Posting Dates proactively in the user interface wherever date selection is offered.","","The platform shall prevent invalid Posting Dates proactively in the user interface wherever date selection is offered.","Explicit Shall","Product Enforceable Requirement","atomic","","Constitutionally Approved","CONSTITUTIONALLY APPROVED — IMPLEMENTATION PENDING — NOT YET VERIFIED Decision: D5.","Chapter 6 D1–D12 Amendment (Amr 2026-07-05)","Yes","Multiple","Period Management / Backend","","Code / Runtime / UI",""
"C6A-6.6-001","19","19","19","Part I — Governance Constitution","6","Period Management","6.6","SP-C6A-6.6-001-0e1c3cc3","Every Inventory Ledger entry shall contain directly postingDate and assignedPostingPeriod.","","Every Inventory Ledger entry shall contain directly postingDate and assignedPostingPeriod.","Explicit Shall","Product Enforceable Requirement","atomic","","Constitutionally Approved","CONSTITUTIONALLY APPROVED — IMPLEMENTATION PENDING — NOT YET VERIFIED Decision: D6.","Chapter 6 D1–D12 Amendment (Amr 2026-07-05)","Yes","Multiple","Period Management / Backend","","Code / Runtime / UI",""
"C6A-6.6-002","19","19","19","Part I — Governance Constitution","6","Period Management","6.6","SP-C6A-6.6-002-16cbea6c","createdAt shall represent system record creation time only.","","createdAt shall represent system record creation time only.","Explicit Shall","Product Enforceable Requirement","atomic","","Constitutionally Approved","CONSTITUTIONALLY APPROVED — IMPLEMENTATION PENDING — NOT YET VERIFIED Decision: D6.","Chapter 6 D1–D12 Amendment (Amr 2026-07-05)","Yes","Multiple","Period Management / Backend","","Code / Runtime / UI",""
"C6A-6.6-003","19","19","19","Part I — Governance Constitution","6","Period Management","6.6","SP-C6A-6.6-003-8f472806","Use of createdAt to determine financial month, inventory period, report period boundaries, snapshot reconstruction, or reconciliation period attribution is prohibited.","","Use of createdAt to determine financial month, inventory period, report period boundaries, snapshot reconstruction, or reconciliation period attribution is prohibited.","Explicit Shall","Product Enforceable Requirement","atomic","","Constitutionally Approved","CONSTITUTIONALLY APPROVED — IMPLEMENTATION PENDING — NOT YET VERIFIED Decision: D6.","Chapter 6 D1–D12 Amendment (Amr 2026-07-05)","Yes","Multiple","Period Management / Backend","","Code / Runtime / UI",""
"C6A-6.6-004","19","19","19","Part I — Governance Constitution","6","Period Management","6.6","SP-C6A-6.6-004-a3fc32a3","Reports, Closing Snapshots, reconciliation, and period-scoped analytics shall use Posting Date and Assigned Posting Period.","","Reports, Closing Snapshots, reconciliation, and period-scoped analytics shall use Posting Date and Assigned Posting Period.","Explicit Shall","Product Enforceable Requirement","atomic","","Constitutionally Approved","CONSTITUTIONALLY APPROVED — IMPLEMENTATION PENDING — NOT YET VERIFIED Decision: D6,D4.","Chapter 6 D1–D12 Amendment (Amr 2026-07-05)","Yes","Multiple","Period Management / Backend","","Code / Runtime / UI",""
"C6A-6.6-005","19","19","19","Part I — Governance Constitution","6","Period Management","6.6","SP-C6A-6.6-005-79f36672","Ledger entries shall receive Posting Date and Assigned Posting Period at creation, consistent with the posting source document or posting operation.","","Ledger entries shall receive Posting Date and Assigned Posting Period at creation, consistent with the posting source document or posting operation.","Explicit Shall","Product Enforceable Requirement","atomic","","Constitutionally Approved","CONSTITUTIONALLY APPROVED — IMPLEMENTATION PENDING — NOT YET VERIFIED Decision: D6.","Chapter 6 D1–D12 Amendment (Amr 2026-07-05)","Yes","Multiple","Period Management / Backend","","Code / Runtime / UI",""
"C6A-6.7-001","19","19","19","Part I — Governance Constitution","6","Period Management","6.7","SP-C6A-6.7-001-adc3207c","Period validation shall be centralized in one Central Period Guard service layer.","","Period validation shall be centralized in one Central Period Guard service layer.","Explicit Shall","Product Enforceable Requirement","atomic","","Constitutionally Approved","CONSTITUTIONALLY APPROVED — IMPLEMENTATION PENDING — NOT YET VERIFIED Decision: D5.","Chapter 6 D1–D12 Amendment (Amr 2026-07-05)","Yes","Multiple","Period Management / Backend","","Code / Runtime / UI",""
"C6A-6.7-002","19","19","19","Part I — Governance Constitution","6","Period Management","6.7","SP-C6A-6.7-002-7f5b722d","All modules that post to inventory or ledger shall invoke the Central Period Guard. Independent period logic within individual modules is prohibited.","","All modules that post to inventory or ledger shall invoke the Central Period Guard. Independent period logic within individual modules is prohibited.","Explicit Shall","Product Enforceable Requirement","atomic","","Constitutionally Approved","CONSTITUTIONALLY APPROVED — IMPLEMENTATION PENDING — NOT YET VERIFIED Decision: D5.","Chapter 6 D1–D12 Amendment (Amr 2026-07-05)","Yes","Multiple","Period Management / Backend","","Code / Runtime / UI",""
"C6A-6.7-003","19","19","19","Part I — Governance Constitution","6","Period Management","6.7","SP-C6A-6.7-003-4bbdea0d","The Central Period Guard shall enforce Period Registry state, Posting Date rules, prohibition of posting into CLOSED periods, prohibition of future Posting Dates, and Assigned Posting Period derivation and immutability after posting.","","The Central Period Guard shall enforce Period Registry state, Posting Date rules, prohibition of posting into CLOSED periods, prohibition of future Posting Dates, and Assigned Posting Period derivation and immutability after posting.","Explicit Shall","Product Enforceable Requirement","atomic","","Constitutionally Approved","CONSTITUTIONALLY APPROVED — IMPLEMENTATION PENDING — NOT YET VERIFIED Decision: D5,D11.","Chapter 6 D1–D12 Amendment (Amr 2026-07-05)","Yes","Multiple","Period Management / Backend","","Code / Runtime / UI",""
"C6A-6.7-004","19","19","19","Part I — Governance Constitution","6","Period Management","6.7","SP-C6A-6.7-004-8543a555","Posting shall be permitted only when the Assigned Posting Period corresponds to a registry period in OPEN state (including periods reopened per §6.10).","","Posting shall be permitted only when the Assigned Posting Period corresponds to a registry period in OPEN state (including periods reopened per §6.10).","Explicit Shall","Product Enforceable Requirement","atomic","","Constitutionally Approved","CONSTITUTIONALLY APPROVED — IMPLEMENTATION PENDING — NOT YET VERIFIED Decision: D5,D11.","Chapter 6 D1–D12 Amendment (Amr 2026-07-05)","Yes","Multiple","Period Management / Backend","","Code / Runtime / UI",""
"C6A-6.7-005","19","19","19","Part I — Governance Constitution","6","Period Management","6.7","SP-C6A-6.7-005-047f7224","All current and future posting entry points shall register with the governed posting engine and shall not bypass the Central Period Guard.","","All current and future posting entry points shall register with the governed posting engine and shall not bypass the Central Period Guard.","Explicit Shall","Product Enforceable Requirement","atomic","","Constitutionally Approved","CONSTITUTIONALLY APPROVED — IMPLEMENTATION PENDING — NOT YET VERIFIED Decision: D5.","Chapter 6 D1–D12 Amendment (Amr 2026-07-05)","Yes","Multiple","Period Management / Backend","","Code / Runtime / UI",""
"C6A-6.8-001","19","19","19","Part I — Governance Constitution","6","Period Management","6.8","SP-C6A-6.8-001-9cadbd1a","Period Close is a governed business process, not a mere validation failure response.","","Period Close is a governed business process, not a mere validation failure response.","Descriptive","Descriptive Context","atomic","","Constitutionally Approved","CONSTITUTIONALLY APPROVED — IMPLEMENTATION PENDING — NOT YET VERIFIED Decision: D7.","Chapter 6 D1–D12 Amendment (Amr 2026-07-05)","No","N/A","Period Management / Backend","","Documentation",""
"C6A-6.8-002","19","19","19","Part I — Governance Constitution","6","Period Management","6.8","SP-C6A-6.8-002-35a03f76","Upon transition to CLOSING, the platform shall execute full Close Validation and present all findings to users holding appropriate ACC permissions.","","Upon transition to CLOSING, the platform shall execute full Close Validation and present all findings to users holding appropriate ACC permissions.","Explicit Shall","Product Enforceable Requirement","atomic","","Constitutionally Approved","CONSTITUTIONALLY APPROVED — IMPLEMENTATION PENDING — NOT YET VERIFIED Decision: D7,D9.","Chapter 6 D1–D12 Amendment (Amr 2026-07-05)","Yes","Multiple","Period Management / Backend","","Code / Runtime / UI",""
"C6A-6.8-003","19","19","19","Part I — Governance Constitution","6","Period Management","6.8","SP-C6A-6.8-003-3d72652d","Close and Re-close shall proceed to CLOSED only when Blockers = 0.","","Close and Re-close shall proceed to CLOSED only when Blockers = 0.","Explicit Shall","Product Enforceable Requirement","atomic","","Constitutionally Approved","CONSTITUTIONALLY APPROVED — IMPLEMENTATION PENDING — NOT YET VERIFIED Decision: D7.","Chapter 6 D1–D12 Amendment (Amr 2026-07-05)","Yes","Multiple","Period Management / Backend","","Code / Runtime / UI",""
"C6A-6.8-004","19","19","19","Part I — Governance Constitution","6","Period Management","6.8","SP-C6A-6.8-004-25a79f4a","Conditions that do not affect close correctness may be classified as WARNING or INFO.","","Conditions that do not affect close correctness may be classified as WARNING or INFO.","Explicit Shall","Governance Definition","atomic","","Constitutionally Approved","CONSTITUTIONALLY APPROVED — IMPLEMENTATION PENDING — NOT YET VERIFIED Decision: D7.","Chapter 6 D1–D12 Amendment (Amr 2026-07-05)","Yes","Multiple","Period Management / Backend","","Code / Runtime / UI",""
"C6A-6.8-005","19","19","19","Part I — Governance Constitution","6","Period Management","6.8","SP-C6A-6.8-005-d5a03d1c","Pending or incomplete documents, unposted pre-posted workflow states, incomplete transfers/GRNs/movements/counts, pending approvals, integrity failures, zero-WAC with on-hand quantity, and Get Pass conditions per §6.13 shall be BLOCKERS unless resolved through the Close Resolution Workspace.","","Pending or incomplete documents, unposted pre-posted workflow states, incomplete transfers/GRNs/movements/counts, pending approvals, integrity failures, zero-WAC with on-hand quantity, and Get Pass conditions per §6.13 shall be BLOCKERS unless resolved through the Close Resolution Workspace.","Explicit Shall","Product Enforceable Requirement","atomic","","Constitutionally Approved","CONSTITUTIONALLY APPROVED — IMPLEMENTATION PENDING — NOT YET VERIFIED Decision: D7,D8.","Chapter 6 D1–D12 Amendment (Amr 2026-07-05)","Yes","Multiple","Period Management / Backend","","Code / Runtime / UI",""
"C6A-6.8-006","19","19","19","Part I — Governance Constitution","6","Period Management","6.8","SP-C6A-6.8-006-2b45a4fe","Use of environment flags, tenant settings, or administrative overrides to bypass BLOCKERS for Close or Re-close is prohibited.","","Use of environment flags, tenant settings, or administrative overrides to bypass BLOCKERS for Close or Re-close is prohibited.","Explicit Shall","Product Enforceable Requirement","atomic","","Constitutionally Approved","CONSTITUTIONALLY APPROVED — IMPLEMENTATION PENDING — NOT YET VERIFIED Decision: D7.","Chapter 6 D1–D12 Amendment (Amr 2026-07-05)","Yes","Multiple","Period Management / Backend","","Code / Runtime / UI",""
"C6A-6.8-007","19","19","19","Part I — Governance Constitution","6","Period Management","6.8","SP-C6A-6.8-007-67ea26af","Manual Close and Auto Close shall use the same Validation engine and Blocker catalog.","","Manual Close and Auto Close shall use the same Validation engine and Blocker catalog.","Explicit Shall","Product Enforceable Requirement","atomic","","Constitutionally Approved","CONSTITUTIONALLY APPROVED — IMPLEMENTATION PENDING — NOT YET VERIFIED Decision: D7,D10.","Chapter 6 D1–D12 Amendment (Amr 2026-07-05)","Yes","Multiple","Period Management / Backend","","Code / Runtime / UI",""
"C6A-6.9-001","19","19","19","Part I — Governance Constitution","6","Period Management","6.9","SP-C6A-6.9-001-aceb4fc3","While a period is in CLOSING, the platform shall provide a Close Resolution Workspace whenever blocking or resolvable conditions exist.","","While a period is in CLOSING, the platform shall provide a Close Resolution Workspace whenever blocking or resolvable conditions exist.","Explicit Shall","Product Enforceable Requirement","atomic","","Constitutionally Approved","CONSTITUTIONALLY APPROVED — IMPLEMENTATION PENDING — NOT YET VERIFIED Decision: D7.","Chapter 6 D1–D12 Amendment (Amr 2026-07-05)","Yes","Multiple","Period Management / Backend","","Code / Runtime / UI",""
"C6A-6.9-002","19","19","19","Part I — Governance Constitution","6","Period Management","6.9","SP-C6A-6.9-002-3bf918ce","The platform shall provide governed period-close resolution rather than merely rejecting close requests.","","The platform shall provide governed period-close resolution rather than merely rejecting close requests.","Explicit Shall","Product Enforceable Requirement","atomic","","Constitutionally Approved","CONSTITUTIONALLY APPROVED — IMPLEMENTATION PENDING — NOT YET VERIFIED Decision: D7.","Chapter 6 D1–D12 Amendment (Amr 2026-07-05)","Yes","Multiple","Period Management / Backend","","Code / Runtime / UI",""
"C6A-6.9-003","19","19","19","Part I — Governance Constitution","6","Period Management","6.9","SP-C6A-6.9-003-4a08df7a","Users holding required ACC permissions may Post or Delete pending documents from the workspace when those documents had no prior stock or ledger effect.","","Users holding required ACC permissions may Post or Delete pending documents from the workspace when those documents had no prior stock or ledger effect.","Explicit Shall","Product Enforceable Requirement","atomic","","Constitutionally Approved","CONSTITUTIONALLY APPROVED — IMPLEMENTATION PENDING — NOT YET VERIFIED Decision: D7,D9.","Chapter 6 D1–D12 Amendment (Amr 2026-07-05)","Yes","Multiple","Period Management / Backend","","Code / Runtime / UI",""
"C6A-6.9-004","19","19","19","Part I — Governance Constitution","6","Period Management","6.9","SP-C6A-6.9-004-c95135d6","Post and Delete actions in the Close Resolution Workspace shall require explicit ACC permission codes. Authority shall not be hardcoded to any role name.","","Post and Delete actions in the Close Resolution Workspace shall require explicit ACC permission codes. Authority shall not be hardcoded to any role name.","Explicit Shall","Product Enforceable Requirement","atomic","","Constitutionally Approved","CONSTITUTIONALLY APPROVED — IMPLEMENTATION PENDING — NOT YET VERIFIED Decision: D9.","Chapter 6 D1–D12 Amendment (Amr 2026-07-05)","Yes","Multiple","Period Management / Backend","","Code / Runtime / UI",""
"C6A-6.9-005","19","19","19","Part I — Governance Constitution","6","Period Management","6.9","SP-C6A-6.9-005-eeee3687","The Close Resolution Workspace shall integrate with Draft Governance (Chapter 7) for draft and pre-posted document handling.","","The Close Resolution Workspace shall integrate with Draft Governance (Chapter 7) for draft and pre-posted document handling.","Explicit Shall","Product Enforceable Requirement","atomic","","Constitutionally Approved","CONSTITUTIONALLY APPROVED — IMPLEMENTATION PENDING — NOT YET VERIFIED Decision: D7.","Chapter 6 D1–D12 Amendment (Amr 2026-07-05)","Yes","Multiple","Period Management / Backend","","Code / Runtime / UI",""
"C6A-6.9-006","19","19","19","Part I — Governance Constitution","6","Period Management","6.9","SP-C6A-6.9-006-37098470","The workspace shall expose Close Validation (blockers, warnings, pending documents, integrity findings) and Closed Periods / Period Details (history, snapshot versions, audit timeline).","","The workspace shall expose Close Validation (blockers, warnings, pending documents, integrity findings) and Closed Periods / Period Details (history, snapshot versions, audit timeline).","Explicit Shall","Product Enforceable Requirement","atomic","","Constitutionally Approved","CONSTITUTIONALLY APPROVED — IMPLEMENTATION PENDING — NOT YET VERIFIED Decision: D3,D7.","Chapter 6 D1–D12 Amendment (Amr 2026-07-05)","Yes","Multiple","Period Management / Backend","","Code / Runtime / UI",""
"C6A-6.10-001","19","19","19","Part I — Governance Constitution","6","Period Management","6.10","SP-C6A-6.10-001-b6c66720","Reopen shall be permitted only for the latest closed period per hotel.","","Reopen shall be permitted only for the latest closed period per hotel.","Explicit Shall","Product Enforceable Requirement","atomic","","Constitutionally Approved","CONSTITUTIONALLY APPROVED — IMPLEMENTATION PENDING — NOT YET VERIFIED Decision: D2.","Chapter 6 D1–D12 Amendment (Amr 2026-07-05)","Yes","Multiple","Period Management / Backend","","Code / Runtime / UI",""
"C6A-6.10-002","19","19","19","Part I — Governance Constitution","6","Period Management","6.10","SP-C6A-6.10-002-eff58970","Reopen must follow reverse sequential order. Only the latest closed period may be reopened.","","Reopen must follow reverse sequential order. Only the latest closed period may be reopened.","Explicit Shall","Product Enforceable Requirement","atomic","","Constitutionally Approved","CONSTITUTIONALLY APPROVED — IMPLEMENTATION PENDING — NOT YET VERIFIED Decision: D2.","Chapter 6 D1–D12 Amendment (Amr 2026-07-05)","Yes","Multiple","Period Management / Backend","","Code / Runtime / UI",""
"C6A-6.10-003","19","19","19","Part I — Governance Constitution","6","Period Management","6.10","SP-C6A-6.10-003-8c60e100","Skipping a later closed period to reopen an earlier period is prohibited.","","Skipping a later closed period to reopen an earlier period is prohibited.","Explicit Shall","Product Enforceable Requirement","atomic","","Constitutionally Approved","CONSTITUTIONALLY APPROVED — IMPLEMENTATION PENDING — NOT YET VERIFIED Decision: D2.","Chapter 6 D1–D12 Amendment (Amr 2026-07-05)","Yes","Multiple","Period Management / Backend","","Code / Runtime / UI",""
"C6A-6.10-004","19","19","19","Part I — Governance Constitution","6","Period Management","6.10","SP-C6A-6.10-004-d7f47739","Reopen shall require a mandatory Reason recorded in audit.","","Reopen shall require a mandatory Reason recorded in audit.","Explicit Shall","Product Enforceable Requirement","atomic","","Constitutionally Approved","CONSTITUTIONALLY APPROVED — IMPLEMENTATION PENDING — NOT YET VERIFIED Decision: D2.","Chapter 6 D1–D12 Amendment (Amr 2026-07-05)","Yes","Multiple","Period Management / Backend","","Code / Runtime / UI",""
"C6A-6.10-005","19","19","19","Part I — Governance Constitution","6","Period Management","6.10","SP-C6A-6.10-005-d8cfbd29","Reopen shall transition the period from CLOSED to OPEN. Existing snapshot versions shall remain preserved (§6.11).","","Reopen shall transition the period from CLOSED to OPEN. Existing snapshot versions shall remain preserved (§6.11).","Explicit Shall","Product Enforceable Requirement","atomic","","Constitutionally Approved","CONSTITUTIONALLY APPROVED — IMPLEMENTATION PENDING — NOT YET VERIFIED Decision: D2,D3.","Chapter 6 D1–D12 Amendment (Amr 2026-07-05)","Yes","Multiple","Period Management / Backend","","Code / Runtime / UI",""
"C6A-6.10-006","19","19","19","Part I — Governance Constitution","6","Period Management","6.10","SP-C6A-6.10-006-5e83c540","While reopened and OPEN, posting into that period shall be permitted subject to Posting Date rules (§6.5) and Central Period Guard (§6.7).","","While reopened and OPEN, posting into that period shall be permitted subject to Posting Date rules (§6.5) and Central Period Guard (§6.7).","Explicit Shall","Product Enforceable Requirement","atomic","","Constitutionally Approved","CONSTITUTIONALLY APPROVED — IMPLEMENTATION PENDING — NOT YET VERIFIED Decision: D2,D5.","Chapter 6 D1–D12 Amendment (Amr 2026-07-05)","Yes","Multiple","Period Management / Backend","","Code / Runtime / UI",""
"C6A-6.10-007","19","19","19","Part I — Governance Constitution","6","Period Management","6.10","SP-C6A-6.10-007-4bf9a97a","After corrections, Re-close shall follow OPEN → CLOSING → CLOSED; entry to CLOSING starts Re-close Validation; transition to CLOSED requires Blockers = 0.","","After corrections, Re-close shall follow OPEN → CLOSING → CLOSED; entry to CLOSING starts Re-close Validation; transition to CLOSED requires Blockers = 0.","Explicit Shall","Product Enforceable Requirement","atomic","","Constitutionally Approved","CONSTITUTIONALLY APPROVED — IMPLEMENTATION PENDING — NOT YET VERIFIED Decision: D2,D7.","Chapter 6 D1–D12 Amendment (Amr 2026-07-05)","Yes","Multiple","Period Management / Backend","","Code / Runtime / UI",""
"C6A-6.10-008","19","19","19","Part I — Governance Constitution","6","Period Management","6.10","SP-C6A-6.10-008-ce8df59f","Re-close shall create a new Snapshot Version (§6.11) using Closing Snapshot rules (§6.12).","","Re-close shall create a new Snapshot Version (§6.11) using Closing Snapshot rules (§6.12).","Explicit Shall","Product Enforceable Requirement","atomic","","Constitutionally Approved","CONSTITUTIONALLY APPROVED — IMPLEMENTATION PENDING — NOT YET VERIFIED Decision: D2,D3,D4.","Chapter 6 D1–D12 Amendment (Amr 2026-07-05)","Yes","Multiple","Period Management / Backend","","Code / Runtime / UI",""
"C6A-6.10-009","19","19","19","Part I — Governance Constitution","6","Period Management","6.10","SP-C6A-6.10-009-bf0bcc40","Reopen authority shall be governed by ACC permission PERIOD_REOPEN_EXECUTE. Re-close authority shall use PERIOD_RECLOSE_EXECUTE.","","Reopen authority shall be governed by ACC permission PERIOD_REOPEN_EXECUTE. Re-close authority shall use PERIOD_RECLOSE_EXECUTE.","Explicit Shall","Product Enforceable Requirement","atomic","","Constitutionally Approved","CONSTITUTIONALLY APPROVED — IMPLEMENTATION PENDING — NOT YET VERIFIED Decision: D2,D9.","Chapter 6 D1–D12 Amendment (Amr 2026-07-05)","Yes","Multiple","Period Management / Backend","","Code / Runtime / UI",""
"C6A-6.11-001","19","19","19","Part I — Governance Constitution","6","Period Management","6.11","SP-C6A-6.11-001-3fdb6701","Deletion of prior Closing Snapshots is prohibited.","","Deletion of prior Closing Snapshots is prohibited.","Explicit Shall","Product Enforceable Requirement","atomic","","Constitutionally Approved","CONSTITUTIONALLY APPROVED — IMPLEMENTATION PENDING — NOT YET VERIFIED Decision: D3.","Chapter 6 D1–D12 Amendment (Amr 2026-07-05)","Yes","Multiple","Period Management / Backend","","Code / Runtime / UI",""
"C6A-6.11-002","19","19","19","Part I — Governance Constitution","6","Period Management","6.11","SP-C6A-6.11-002-5d33af45","Every Close and every Re-close shall create a new independent Snapshot Version.","","Every Close and every Re-close shall create a new independent Snapshot Version.","Explicit Shall","Product Enforceable Requirement","atomic","","Constitutionally Approved","CONSTITUTIONALLY APPROVED — IMPLEMENTATION PENDING — NOT YET VERIFIED Decision: D3.","Chapter 6 D1–D12 Amendment (Amr 2026-07-05)","Yes","Multiple","Period Management / Backend","","Code / Runtime / UI",""
"C6A-6.11-003","19","19","19","Part I — Governance Constitution","6","Period Management","6.11","SP-C6A-6.11-003-a7234563","Snapshot Version status shall be CURRENT (latest approved) or SUPERSEDED (prior version replaced by later Close or Re-close).","","Snapshot Version status shall be CURRENT (latest approved) or SUPERSEDED (prior version replaced by later Close or Re-close).","Explicit Shall","Governance Definition","atomic","","Constitutionally Approved","CONSTITUTIONALLY APPROVED — IMPLEMENTATION PENDING — NOT YET VERIFIED Decision: D3.","Chapter 6 D1–D12 Amendment (Amr 2026-07-05)","Yes","Multiple","Period Management / Backend","","Code / Runtime / UI",""
"C6A-6.11-004","19","19","19","Part I — Governance Constitution","6","Period Management","6.11","SP-C6A-6.11-004-9810888f","Exactly one Snapshot Version per period shall be CURRENT at any time.","","Exactly one Snapshot Version per period shall be CURRENT at any time.","Explicit Shall","Product Enforceable Requirement","atomic","","Constitutionally Approved","CONSTITUTIONALLY APPROVED — IMPLEMENTATION PENDING — NOT YET VERIFIED Decision: D3.","Chapter 6 D1–D12 Amendment (Amr 2026-07-05)","Yes","Multiple","Period Management / Backend","","Code / Runtime / UI",""
"C6A-6.11-005","19","19","19","Part I — Governance Constitution","6","Period Management","6.11","SP-C6A-6.11-005-45f35fdc","All Snapshot Versions and their lines shall be read-only after creation.","","All Snapshot Versions and their lines shall be read-only after creation.","Explicit Shall","Product Enforceable Requirement","atomic","","Constitutionally Approved","CONSTITUTIONALLY APPROVED — IMPLEMENTATION PENDING — NOT YET VERIFIED Decision: D3.","Chapter 6 D1–D12 Amendment (Amr 2026-07-05)","Yes","Multiple","Period Management / Backend","","Code / Runtime / UI",""
"C6A-6.11-006","19","19","19","Part I — Governance Constitution","6","Period Management","6.11","SP-C6A-6.11-006-ac142cfb","Reopen shall not delete or overwrite existing Snapshot Versions.","","Reopen shall not delete or overwrite existing Snapshot Versions.","Explicit Shall","Product Enforceable Requirement","atomic","","Constitutionally Approved","CONSTITUTIONALLY APPROVED — IMPLEMENTATION PENDING — NOT YET VERIFIED Decision: D3.","Chapter 6 D1–D12 Amendment (Amr 2026-07-05)","Yes","Multiple","Period Management / Backend","","Code / Runtime / UI",""
"C6A-6.11-007","19","19","19","Part I — Governance Constitution","6","Period Management","6.11","SP-C6A-6.11-007-1a2edb3d","Re-close shall mark the prior Snapshot Version as SUPERSEDED and the new version as CURRENT.","","Re-close shall mark the prior Snapshot Version as SUPERSEDED and the new version as CURRENT.","Explicit Shall","Product Enforceable Requirement","atomic","","Constitutionally Approved","CONSTITUTIONALLY APPROVED — IMPLEMENTATION PENDING — NOT YET VERIFIED Decision: D3.","Chapter 6 D1–D12 Amendment (Amr 2026-07-05)","Yes","Multiple","Period Management / Backend","","Code / Runtime / UI",""
"C6A-6.11-008","19","19","19","Part I — Governance Constitution","6","Period Management","6.11","SP-C6A-6.11-008-53205622","Each Snapshot Version shall retain version number, closed by, closed at, associated Close or Re-close event, and reopen events linked in period history where applicable.","","Each Snapshot Version shall retain version number, closed by, closed at, associated Close or Re-close event, and reopen events linked in period history where applicable.","Explicit Shall","Product Enforceable Requirement","atomic","","Constitutionally Approved","CONSTITUTIONALLY APPROVED — IMPLEMENTATION PENDING — NOT YET VERIFIED Decision: D3.","Chapter 6 D1–D12 Amendment (Amr 2026-07-05)","Yes","Multiple","Period Management / Backend","","Code / Runtime / UI",""
"C6A-6.11-009","19","19","19","Part I — Governance Constitution","6","Period Management","6.11","SP-C6A-6.11-009-a22319b8","The user interface shall expose snapshot history at Closed Periods → Period Details → Snapshot History.","","The user interface shall expose snapshot history at Closed Periods → Period Details → Snapshot History.","Explicit Shall","Product Enforceable Requirement","atomic","","Constitutionally Approved","CONSTITUTIONALLY APPROVED — IMPLEMENTATION PENDING — NOT YET VERIFIED Decision: D3.","Chapter 6 D1–D12 Amendment (Amr 2026-07-05)","Yes","Multiple","Period Management / Backend","","Code / Runtime / UI",""
"C6A-6.12-001","19","19","19","Part I — Governance Constitution","6","Period Management","6.12","SP-C6A-6.12-001-fe1a122c","Upon Close or Re-close, the Closing Snapshot shall be calculated from Inventory Ledger postings through the last day of the closing period.","","Upon Close or Re-close, the Closing Snapshot shall be calculated from Inventory Ledger postings through the last day of the closing period.","Explicit Shall","Product Enforceable Requirement","atomic","","Constitutionally Approved","CONSTITUTIONALLY APPROVED — IMPLEMENTATION PENDING — NOT YET VERIFIED Decision: D4.","Chapter 6 D1–D12 Amendment (Amr 2026-07-05)","Yes","Multiple","Period Management / Backend","","Code / Runtime / UI",""
"C6A-6.12-002","19","19","19","Part I — Governance Constitution","6","Period Management","6.12","SP-C6A-6.12-002-bb31e744","Snapshot construction shall use postingDate and assignedPostingPeriod (§6.6).","","Snapshot construction shall use postingDate and assignedPostingPeriod (§6.6).","Explicit Shall","Product Enforceable Requirement","atomic","","Constitutionally Approved","CONSTITUTIONALLY APPROVED — IMPLEMENTATION PENDING — NOT YET VERIFIED Decision: D4,D6.","Chapter 6 D1–D12 Amendment (Amr 2026-07-05)","Yes","Multiple","Period Management / Backend","","Code / Runtime / UI",""
"C6A-6.12-003","19","19","19","Part I — Governance Constitution","6","Period Management","6.12","SP-C6A-6.12-003-6ba0f796","Use of current live Stock Balances for Closing Snapshot calculation is prohibited when those balances include postings assigned to later periods.","","Use of current live Stock Balances for Closing Snapshot calculation is prohibited when those balances include postings assigned to later periods.","Explicit Shall","Product Enforceable Requirement","atomic","","Constitutionally Approved","CONSTITUTIONALLY APPROVED — IMPLEMENTATION PENDING — NOT YET VERIFIED Decision: D4.","Chapter 6 D1–D12 Amendment (Amr 2026-07-05)","Yes","Multiple","Period Management / Backend","","Code / Runtime / UI",""
"C6A-6.12-004","19","19","19","Part I — Governance Constitution","6","Period Management","6.12","SP-C6A-6.12-004-4516ee30","Each Snapshot Version line shall record per item and location at minimum closing quantity, closing value, and WAC unit cost at period close basis.","","Each Snapshot Version line shall record per item and location at minimum closing quantity, closing value, and WAC unit cost at period close basis.","Explicit Shall","Product Enforceable Requirement","atomic","","Constitutionally Approved","CONSTITUTIONALLY APPROVED — IMPLEMENTATION PENDING — NOT YET VERIFIED Decision: D4.","Chapter 6 D1–D12 Amendment (Amr 2026-07-05)","Yes","Multiple","Period Management / Backend","","Code / Runtime / UI",""
"C6A-6.13-001","19","19","19","Part I — Governance Constitution","6","Period Management","6.13","SP-C6A-6.13-001-4c604783","An open Get Pass shall not automatically constitute a Close Validation BLOCKER.","","An open Get Pass shall not automatically constitute a Close Validation BLOCKER.","Explicit Shall","Product Enforceable Requirement","atomic","","Constitutionally Approved","CONSTITUTIONALLY APPROVED — IMPLEMENTATION PENDING — NOT YET VERIFIED Decision: D8.","Chapter 6 D1–D12 Amendment (Amr 2026-07-05)","Yes","Multiple","Period Management / Backend","","Code / Runtime / UI",""
"C6A-6.13-002","19","19","19","Part I — Governance Constitution","6","Period Management","6.13","SP-C6A-6.13-002-f47e552c","Get Pass with checkout in one month and expected return in a later month shall not appear as a BLOCKER for the checkout month close.","","Get Pass with checkout in one month and expected return in a later month shall not appear as a BLOCKER for the checkout month close.","Explicit Shall","Product Enforceable Requirement","atomic","","Constitutionally Approved","CONSTITUTIONALLY APPROVED — IMPLEMENTATION PENDING — NOT YET VERIFIED Decision: D8.","Chapter 6 D1–D12 Amendment (Amr 2026-07-05)","Yes","Multiple","Period Management / Backend","","Code / Runtime / UI",""
"C6A-6.13-003","19","19","19","Part I — Governance Constitution","6","Period Management","6.13","SP-C6A-6.13-003-bbdce600","A Get Pass shall appear in Close Validation when expected return falls within the closing period and is overdue, when no clear expected return date exists, or when status is incomplete and requires a decision before close.","","A Get Pass shall appear in Close Validation when expected return falls within the closing period and is overdue, when no clear expected return date exists, or when status is incomplete and requires a decision before close.","Explicit Shall","Product Enforceable Requirement","atomic","","Constitutionally Approved","CONSTITUTIONALLY APPROVED — IMPLEMENTATION PENDING — NOT YET VERIFIED Decision: D8.","Chapter 6 D1–D12 Amendment (Amr 2026-07-05)","Yes","Multiple","Period Management / Backend","","Code / Runtime / UI",""
"C6A-6.13-004","19","19","19","Part I — Governance Constitution","6","Period Management","6.13","SP-C6A-6.13-004-9d0a85b1","Users holding required ACC permissions may resolve appearing Get Pass items by Resolve (complete within period) or Carry Forward (record operation remains open into next period).","","Users holding required ACC permissions may resolve appearing Get Pass items by Resolve (complete within period) or Carry Forward (record operation remains open into next period).","Explicit Shall","Product Enforceable Requirement","atomic","","Constitutionally Approved","CONSTITUTIONALLY APPROVED — IMPLEMENTATION PENDING — NOT YET VERIFIED Decision: D8,D9.","Chapter 6 D1–D12 Amendment (Amr 2026-07-05)","Yes","Multiple","Period Management / Backend","","Code / Runtime / UI",""
"C6A-6.13-005","19","19","19","Part I — Governance Constitution","6","Period Management","6.13","SP-C6A-6.13-005-ca17de8d","Carry Forward shall not create phantom posting, alter the original checkout date, or create Inventory Ledger entries or Stock Balance mutations; it shall record from-period, to-period, reason, user, and timestamp in audit.","","Carry Forward shall not create phantom posting, alter the original checkout date, or create Inventory Ledger entries or Stock Balance mutations; it shall record from-period, to-period, reason, user, and timestamp in audit.","Explicit Shall","Product Enforceable Requirement","atomic","","Constitutionally Approved","CONSTITUTIONALLY APPROVED — IMPLEMENTATION PENDING — NOT YET VERIFIED Decision: D8.","Chapter 6 D1–D12 Amendment (Amr 2026-07-05)","Yes","Multiple","Period Management / Backend","","Code / Runtime / UI",""
"C6A-6.13-006","19","19","19","Part I — Governance Constitution","6","Period Management","6.13","SP-C6A-6.13-006-5dd491cc","Get Pass resolution in close context shall require ACC permissions per §6.15.","","Get Pass resolution in close context shall require ACC permissions per §6.15.","Explicit Shall","Product Enforceable Requirement","atomic","","Constitutionally Approved","CONSTITUTIONALLY APPROVED — IMPLEMENTATION PENDING — NOT YET VERIFIED Decision: D8,D9.","Chapter 6 D1–D12 Amendment (Amr 2026-07-05)","Yes","Multiple","Period Management / Backend","","Code / Runtime / UI",""
"C6A-6.14-001","19","19","19","Part I — Governance Constitution","6","Period Management","6.14","SP-C6A-6.14-001-524d6cab","Auto Close may be enabled per hotel with ON/OFF, day of next month (1–28), execution time, and tenant timezone settings.","","Auto Close may be enabled per hotel with ON/OFF, day of next month (1–28), execution time, and tenant timezone settings.","Descriptive","Optional Capability","atomic","","Constitutionally Approved","CONSTITUTIONALLY APPROVED — IMPLEMENTATION PENDING — NOT YET VERIFIED Decision: D10.","Chapter 6 D1–D12 Amendment (Amr 2026-07-05)","No","N/A","Period Management / Backend","","Documentation",""
"C6A-6.14-002","19","19","19","Part I — Governance Constitution","6","Period Management","6.14","SP-C6A-6.14-002-c92580b6","At scheduled time, Auto Close shall invoke the same Validation engine (§6.8) and Close Engine as Manual Close.","","At scheduled time, Auto Close shall invoke the same Validation engine (§6.8) and Close Engine as Manual Close.","Explicit Shall","Product Enforceable Requirement","atomic","","Constitutionally Approved","CONSTITUTIONALLY APPROVED — IMPLEMENTATION PENDING — NOT YET VERIFIED Decision: D10.","Chapter 6 D1–D12 Amendment (Amr 2026-07-05)","Yes","Multiple","Period Management / Backend","","Code / Runtime / UI",""
"C6A-6.14-003","19","19","19","Part I — Governance Constitution","6","Period Management","6.14","SP-C6A-6.14-003-9edee8d2","If Blockers = 0, the platform shall close the period automatically.","","If Blockers = 0, the platform shall close the period automatically.","Explicit Shall","Product Enforceable Requirement","atomic","","Constitutionally Approved","CONSTITUTIONALLY APPROVED — IMPLEMENTATION PENDING — NOT YET VERIFIED Decision: D10.","Chapter 6 D1–D12 Amendment (Amr 2026-07-05)","Yes","Multiple","Period Management / Backend","","Code / Runtime / UI",""
"C6A-6.14-004","19","19","19","Part I — Governance Constitution","6","Period Management","6.14","SP-C6A-6.14-004-908066f5","If Blockers exist, Auto Close shall not close the period; Auto Post and Auto Delete are prohibited; the platform shall notify users via In-App and Email with period, attempt time, blocker count, and workspace link.","","If Blockers exist, Auto Close shall not close the period; Auto Post and Auto Delete are prohibited; the platform shall notify users via In-App and Email with period, attempt time, blocker count, and workspace link.","Explicit Shall","Product Enforceable Requirement","atomic","","Constitutionally Approved","CONSTITUTIONALLY APPROVED — IMPLEMENTATION PENDING — NOT YET VERIFIED Decision: D10.","Chapter 6 D1–D12 Amendment (Amr 2026-07-05)","Yes","Multiple","Period Management / Backend","","Code / Runtime / UI",""
"C6A-6.14-005","19","19","19","Part I — Governance Constitution","6","Period Management","6.14","SP-C6A-6.14-005-287777c1","Manual Close shall remain available regardless of Auto Close configuration.","","Manual Close shall remain available regardless of Auto Close configuration.","Explicit Shall","Product Enforceable Requirement","atomic","","Constitutionally Approved","CONSTITUTIONALLY APPROVED — IMPLEMENTATION PENDING — NOT YET VERIFIED Decision: D10.","Chapter 6 D1–D12 Amendment (Amr 2026-07-05)","Yes","Multiple","Period Management / Backend","","Code / Runtime / UI",""
"C6A-6.14-006","19","19","19","Part I — Governance Constitution","6","Period Management","6.14","SP-C6A-6.14-006-a5b7e1d1","Every Auto Close attempt shall be recorded in audit, whether successful or blocked.","","Every Auto Close attempt shall be recorded in audit, whether successful or blocked.","Explicit Shall","Product Enforceable Requirement","atomic","","Constitutionally Approved","CONSTITUTIONALLY APPROVED — IMPLEMENTATION PENDING — NOT YET VERIFIED Decision: D10.","Chapter 6 D1–D12 Amendment (Amr 2026-07-05)","Yes","Multiple","Period Management / Backend","","Code / Runtime / UI",""
"C6A-6.14-007","19","19","19","Part I — Governance Constitution","6","Period Management","6.14","SP-C6A-6.14-007-a2901808","Auto Close configuration changes shall be audited.","","Auto Close configuration changes shall be audited.","Explicit Shall","Product Enforceable Requirement","atomic","","Constitutionally Approved","CONSTITUTIONALLY APPROVED — IMPLEMENTATION PENDING — NOT YET VERIFIED Decision: D10.","Chapter 6 D1–D12 Amendment (Amr 2026-07-05)","Yes","Multiple","Period Management / Backend","","Code / Runtime / UI",""
"C6A-6.15-001","19","19","19","Part I — Governance Constitution","6","Period Management","6.15","SP-C6A-6.15-001-b10becc6","ACC is the Single Source of Truth for all Period Close and Reopen authorities.","","ACC is the Single Source of Truth for all Period Close and Reopen authorities.","Descriptive","Governance Document Requirement","atomic","","Constitutionally Approved","CONSTITUTIONALLY APPROVED — IMPLEMENTATION PENDING — NOT YET VERIFIED Decision: D9.","Chapter 6 D1–D12 Amendment (Amr 2026-07-05)","No","N/A","Period Management / Backend","","Documentation",""
"C6A-6.15-002","19","19","19","Part I — Governance Constitution","6","Period Management","6.15","SP-C6A-6.15-002-54e08191","Period Close permissions shall be expressed as independent ACC permission codes including PERIOD_CLOSE_EXECUTE, PERIOD_REOPEN_EXECUTE, PERIOD_RECLOSE_EXECUTE, PERIOD_CLOSE_RESOLUTION, PERIOD_CLOSE_DOCUMENT_POST, PERIOD_CLOSE_DOCUMENT_DELETE, PERIOD_CLOSE_GET_PASS_RESOLVE, PERIOD_CLOSE_GET_PASS_CARRY_FORWARD, and PERIOD_AUTO_CLOSE_MANAGE.","","Period Close permissions shall be expressed as independent ACC permission codes including PERIOD_CLOSE_EXECUTE, PERIOD_REOPEN_EXECUTE, PERIOD_RECLOSE_EXECUTE, PERIOD_CLOSE_RESOLUTION, PERIOD_CLOSE_DOCUMENT_POST, PERIOD_CLOSE_DOCUMENT_DELETE, PERIOD_CLOSE_GET_PASS_RESOLVE, PERIOD_CLOSE_GET_PASS_CARRY_FORWARD, and PERIOD_AUTO_CLOSE_MANAGE.","Explicit Shall","Product Enforceable Requirement","atomic","","Constitutionally Approved","CONSTITUTIONALLY APPROVED — IMPLEMENTATION PENDING — NOT YET VERIFIED Decision: D9.","Chapter 6 D1–D12 Amendment (Amr 2026-07-05)","Yes","Multiple","Period Management / Backend","","Code / Runtime / UI",""
"C6A-6.15-003","19","19","19","Part I — Governance Constitution","6","Period Management","6.15","SP-C6A-6.15-003-68206026","Backend enforcement shall verify ACC permission codes. Hardcoding period authority to a specific role name is prohibited.","","Backend enforcement shall verify ACC permission codes. Hardcoding period authority to a specific role name is prohibited.","Explicit Shall","Product Enforceable Requirement","atomic","","Constitutionally Approved","CONSTITUTIONALLY APPROVED — IMPLEMENTATION PENDING — NOT YET VERIFIED Decision: D9.","Chapter 6 D1–D12 Amendment (Amr 2026-07-05)","Yes","Multiple","Period Management / Backend","","Code / Runtime / UI",""
"C6A-6.15-004","19","19","19","Part I — Governance Constitution","6","Period Management","6.15","SP-C6A-6.15-004-52a2c7ca","Default seed configuration may grant the above permissions to Finance Manager. Default grant shall not confer authority by role name at runtime.","","Default seed configuration may grant the above permissions to Finance Manager. Default grant shall not confer authority by role name at runtime.","Explicit Shall","Product Enforceable Requirement","atomic","","Constitutionally Approved","CONSTITUTIONALLY APPROVED — IMPLEMENTATION PENDING — NOT YET VERIFIED Decision: D9.","Chapter 6 D1–D12 Amendment (Amr 2026-07-05)","Yes","Multiple","Period Management / Backend","","Code / Runtime / UI",""
"C6A-6.15-005","19","19","19","Part I — Governance Constitution","6","Period Management","6.15","SP-C6A-6.15-005-122b5563","ORG_MANAGER and other roles shall not receive period close permissions by default. Future grants or revocations shall occur through ACC only without code changes.","","ORG_MANAGER and other roles shall not receive period close permissions by default. Future grants or revocations shall occur through ACC only without code changes.","Explicit Shall","Product Enforceable Requirement","atomic","","Constitutionally Approved","CONSTITUTIONALLY APPROVED — IMPLEMENTATION PENDING — NOT YET VERIFIED Decision: D9.","Chapter 6 D1–D12 Amendment (Amr 2026-07-05)","Yes","Multiple","Period Management / Backend","","Code / Runtime / UI",""
"C6A-6.15-006","19","19","19","Part I — Governance Constitution","6","Period Management","6.15","SP-C6A-6.15-006-a847126e","Legacy consolidated permissions (e.g. PERIOD_CLOSE_MANAGE) shall be decomposed into the granular codes above.","","Legacy consolidated permissions (e.g. PERIOD_CLOSE_MANAGE) shall be decomposed into the granular codes above.","Explicit Shall","Product Enforceable Requirement","atomic","","Constitutionally Approved","CONSTITUTIONALLY APPROVED — IMPLEMENTATION PENDING — NOT YET VERIFIED Decision: D9.","Chapter 6 D1–D12 Amendment (Amr 2026-07-05)","Yes","Multiple","Period Management / Backend","","Code / Runtime / UI",""
"C6A-6.16-001","19","19","19","Part I — Governance Constitution","6","Period Management","6.16","SP-C6A-6.16-001-464c34be","The platform shall audit Start Close, Close, Reopen, Re-close, Post/Delete in Close Resolution Workspace, Get Pass Resolve, Get Pass Carry Forward, Auto Close settings changes, Auto Close attempts and results, and snapshot version superseding.","","The platform shall audit Start Close, Close, Reopen, Re-close, Post/Delete in Close Resolution Workspace, Get Pass Resolve, Get Pass Carry Forward, Auto Close settings changes, Auto Close attempts and results, and snapshot version superseding.","Explicit Shall","Product Enforceable Requirement","atomic","","Constitutionally Approved","CONSTITUTIONALLY APPROVED — IMPLEMENTATION PENDING — NOT YET VERIFIED","Chapter 6 D1–D12 Amendment (Amr 2026-07-05)","Yes","Multiple","Period Management / Backend","","Code / Runtime / UI",""
"C6A-6.16-002","19","19","19","Part I — Governance Constitution","6","Period Management","6.16","SP-C6A-6.16-002-50edf675","Each period audit record shall include acting user, timestamp, affected period (year, month), reason where applicable, outcome, and reference to affected entity.","","Each period audit record shall include acting user, timestamp, affected period (year, month), reason where applicable, outcome, and reference to affected entity.","Explicit Shall","Product Enforceable Requirement","atomic","","Constitutionally Approved","CONSTITUTIONALLY APPROVED — IMPLEMENTATION PENDING — NOT YET VERIFIED","Chapter 6 D1–D12 Amendment (Amr 2026-07-05)","Yes","Multiple","Period Management / Backend","","Code / Runtime / UI",""
"C6A-6.16-003","19","19","19","Part I — Governance Constitution","6","Period Management","6.16","SP-C6A-6.16-003-e43109ad","Period history shall be reconstructible from audit events and Period Close events.","","Period history shall be reconstructible from audit events and Period Close events.","Explicit Shall","Product Enforceable Requirement","atomic","","Constitutionally Approved","CONSTITUTIONALLY APPROVED — IMPLEMENTATION PENDING — NOT YET VERIFIED","Chapter 6 D1–D12 Amendment (Amr 2026-07-05)","Yes","Multiple","Period Management / Backend","","Code / Runtime / UI",""
"C6A-6.17-001","19","19","19","Part I — Governance Constitution","6","Period Management","6.17","SP-C6A-6.17-001-0ea8e5a2","Official issued reports shall not be deleted or silently replaced.","","Official issued reports shall not be deleted or silently replaced.","Explicit Shall","Product Enforceable Requirement","atomic","","Constitutionally Approved","CONSTITUTIONALLY APPROVED — IMPLEMENTATION PENDING — NOT YET VERIFIED Decision: D12.","Chapter 6 D1–D12 Amendment (Amr 2026-07-05)","Yes","Multiple","Period Management / Backend","","Code / Runtime / UI",""
"C6A-6.17-002","19","19","19","Part I — Governance Constitution","6","Period Management","6.17","SP-C6A-6.17-002-f904a323","Each official report shall retain a reference to the Snapshot Version used at issuance (snapshotVersionId).","","Each official report shall retain a reference to the Snapshot Version used at issuance (snapshotVersionId).","Explicit Shall","Product Enforceable Requirement","atomic","","Constitutionally Approved","CONSTITUTIONALLY APPROVED — IMPLEMENTATION PENDING — NOT YET VERIFIED Decision: D12.","Chapter 6 D1–D12 Amendment (Amr 2026-07-05)","Yes","Multiple","Period Management / Backend","","Code / Runtime / UI",""
"C6A-6.17-003","19","19","19","Part I — Governance Constitution","6","Period Management","6.17","SP-C6A-6.17-003-61d89fea","After Reopen followed by Re-close, reports based on superseded snapshot versions shall be marked SUPERSEDED and reports based on the new CURRENT Snapshot Version shall be marked CURRENT.","","After Reopen followed by Re-close, reports based on superseded snapshot versions shall be marked SUPERSEDED and reports based on the new CURRENT Snapshot Version shall be marked CURRENT.","Explicit Shall","Product Enforceable Requirement","atomic","","Constitutionally Approved","CONSTITUTIONALLY APPROVED — IMPLEMENTATION PENDING — NOT YET VERIFIED Decision: D12.","Chapter 6 D1–D12 Amendment (Amr 2026-07-05)","Yes","Multiple","Period Management / Backend","","Code / Runtime / UI",""
"C6A-6.17-004","19","19","19","Part I — Governance Constitution","6","Period Management","6.17","SP-C6A-6.17-004-c6b533c3","SUPERSEDED reports shall remain read-only and available for review.","","SUPERSEDED reports shall remain read-only and available for review.","Explicit Shall","Product Enforceable Requirement","atomic","","Constitutionally Approved","CONSTITUTIONALLY APPROVED — IMPLEMENTATION PENDING — NOT YET VERIFIED Decision: D12.","Chapter 6 D1–D12 Amendment (Amr 2026-07-05)","Yes","Multiple","Period Management / Backend","","Code / Runtime / UI",""
"C6A-6.17-005","19","19","19","Part I — Governance Constitution","6","Period Management","6.17","SP-C6A-6.17-005-1316a1cc","SUPERSEDED reports shall be clearly labeled as not the current version.","","SUPERSEDED reports shall be clearly labeled as not the current version.","Explicit Shall","Product Enforceable Requirement","atomic","","Constitutionally Approved","CONSTITUTIONALLY APPROVED — IMPLEMENTATION PENDING — NOT YET VERIFIED Decision: D12.","Chapter 6 D1–D12 Amendment (Amr 2026-07-05)","Yes","Multiple","Period Management / Backend","","Code / Runtime / UI",""
"C6A-6.18-001","19","19","19","Part I — Governance Constitution","6","Period Management","6.18","SP-C6A-6.18-001-52f8d811","Legacy period records with month = null (historical Annual Close) shall not persist in the operational Period Registry after migration.","","Legacy period records with month = null (historical Annual Close) shall not persist in the operational Period Registry after migration.","Explicit Shall","Product Enforceable Requirement","atomic","","Constitutionally Approved","CONSTITUTIONALLY APPROVED — IMPLEMENTATION PENDING — NOT YET VERIFIED Decision: D1.","Chapter 6 D1–D12 Amendment (Amr 2026-07-05)","Yes","Multiple","Period Management / Backend","","Code / Runtime / UI",""
"C6A-6.18-002","19","19","19","Part I — Governance Constitution","6","Period Management","6.18","SP-C6A-6.18-002-1f1789b1","If a legacy month = null record exists for the same tenant and year and a December record already exists, automatic merge or replacement is prohibited; the condition shall be flagged for mandatory review and deterministic remediation.","","If a legacy month = null record exists for the same tenant and year and a December record already exists, automatic merge or replacement is prohibited; the condition shall be flagged for mandatory review and deterministic remediation.","Explicit Shall","Product Enforceable Requirement","atomic","","Constitutionally Approved","CONSTITUTIONALLY APPROVED — IMPLEMENTATION PENDING — NOT YET VERIFIED Decision: D1.","Chapter 6 D1–D12 Amendment (Amr 2026-07-05)","Yes","Multiple","Period Management / Backend","","Code / Runtime / UI",""
"C6A-6.18-003","19","19","19","Part I — Governance Constitution","6","Period Management","6.18","SP-C6A-6.18-003-d7463766","Migration procedures shall preserve auditability and shall not delete historical snapshot or report artifacts without explicit governed archival rules.","","Migration procedures shall preserve auditability and shall not delete historical snapshot or report artifacts without explicit governed archival rules.","Explicit Shall","Product Enforceable Requirement","atomic","","Constitutionally Approved","CONSTITUTIONALLY APPROVED — IMPLEMENTATION PENDING — NOT YET VERIFIED Decision: D3,D12.","Chapter 6 D1–D12 Amendment (Amr 2026-07-05)","Yes","Multiple","Period Management / Backend","","Code / Runtime / UI",""
"C6A-6.19-001","19","19","19","Part I — Governance Constitution","6","Period Management","6.19","SP-C6A-6.19-001-db754091","Technology stack details, general ledger/AP modules outside inventory ledger scope, external ERP fiscal calendar configuration not required for inventory period registry, and accounting policies beyond inventory posting and snapshot rules defined herein remain out of scope.","","Technology stack details, general ledger/AP modules outside inventory ledger scope, external ERP fiscal calendar configuration not required for inventory period registry, and accounting policies beyond inventory posting and snapshot rules defined herein remain out of scope.","Descriptive","Out of Scope","atomic","","Constitutionally Approved","CONSTITUTIONALLY APPROVED — IMPLEMENTATION PENDING — NOT YET VERIFIED","Chapter 6 D1–D12 Amendment (Amr 2026-07-05)","No","N/A","Period Management / Backend","","Documentation",""
"C6A-6.19-002","19","19","19","Part I — Governance Constitution","6","Period Management","6.19","SP-C6A-6.19-002-3f837175","Year-end inventory closing is in scope exclusively as December Monthly Close (§6.4). Separate annual close processes remain prohibited.","","Year-end inventory closing is in scope exclusively as December Monthly Close (§6.4). Separate annual close processes remain prohibited.","Explicit Shall","Product Enforceable Requirement","atomic","","Constitutionally Approved","CONSTITUTIONALLY APPROVED — IMPLEMENTATION PENDING — NOT YET VERIFIED Decision: D1.","Chapter 6 D1–D12 Amendment (Amr 2026-07-05)","Yes","Multiple","Period Management / Backend","","Code / Runtime / UI",""
"C7-7.1-001","21","21","21","Part I — Governance Constitution","7","Draft & Document State Protection","7.1","SP-C7-7.1-f1717755","These must remain separate policies.","","These must remain separate policies.","Explicit Must","Product Enforceable Requirement","atomic","","Governance Approved","Product enforceable requirement approved.","DX OSE Governance Review (Gate A.3)","Yes","Multiple","Draft Governance / Shared UX","","Code / Runtime / UI",""
"C7-7.2-001","21","21","21","Part I — Governance Constitution","7","Draft & Document State Protection","7.2","SP-C7-7.2-0a25ebd6","Every operational document shall begin as a server-recognized draft unless Workflow Contracts define otherwise.","","Every operational document shall begin as a server-recognized draft unless Workflow Contracts define otherwise.","Explicit Shall","Product Enforceable Requirement","atomic","","Governance Approved","Product enforceable requirement approved.","DX OSE Governance Review (Gate A.3)","Yes","Multiple","Draft Governance / Shared UX","","Code / Runtime / UI",""
"C7-7.3-001","21","21","21","Part I — Governance Constitution","7","Draft & Document State Protection","7.3","SP-C7-7.3-ae236159","Temporary buffer (not official draft) → Server draft → Workflow document after Submit.","","Temporary buffer (not official draft) → Server draft → Workflow document after Submit.","Descriptive","Descriptive Context","atomic","","Governance Approved","Descriptive context approved.","DX OSE Governance Review (Gate A.3)","No","N/A","Draft Governance / Shared UX","","Documentation",""
"C7-7.4-001","21","21","21","Part I — Governance Constitution","7","Draft & Document State Protection","7.4","SP-C7-7.4-semi-3444ec48","The platform shall define: draft owner","","The platform shall define: draft owner","Explicit Shall","Product Enforceable Requirement","span_member","Semicolon-separated rule — atomic split.","Governance Approved","Product enforceable requirement approved.","DX OSE Governance Review (Gate A.3)","Yes","Multiple","Draft Governance / Shared UX","","Code / Runtime / UI",""
"C7-7.4-002","21","21","21","Part I — Governance Constitution","7","Draft & Document State Protection","7.4","SP-C7-7.4-semi-3444ec48","access rights","","access rights","Descriptive","Product Enforceable Requirement","span_member","Semicolon-separated rule — atomic split.","Governance Corrected","§7.4 platform shall define — access rights.","DX OSE Governance Review (Gate A FINAL)","Yes","Multiple","Draft Governance / Shared UX","","Documentation",""
"C7-7.4-003","21","21","21","Part I — Governance Constitution","7","Draft & Document State Protection","7.4","SP-C7-7.4-semi-3444ec48","ownership transfer (if permitted)","","ownership transfer (if permitted)","Descriptive","Product Enforceable Requirement","span_member","Semicolon-separated rule — atomic split.","Governance Corrected","§7.4 platform shall define — ownership transfer.","DX OSE Governance Review (Gate A FINAL)","Yes","Multiple","Draft Governance / Shared UX","","Documentation",""
"C7-7.4-004","21","21","21","Part I — Governance Constitution","7","Draft & Document State Protection","7.4","SP-C7-7.4-semi-3444ec48","handling of drafts for inactive or departed users.","","handling of drafts for inactive or departed users.","Descriptive","Product Enforceable Requirement","span_member","Semicolon-separated rule — atomic split.","Governance Corrected","§7.4 platform shall define — inactive user drafts.","DX OSE Governance Review (Gate A FINAL)","Yes","Multiple","Draft Governance / Shared UX","","Documentation",""
"C7-7.5-001","21","21","21","Part I — Governance Constitution","7","Draft & Document State Protection","7.5","SP-C7-7.5-6d78ec40","Rules for opening the same draft from multiple sessions or devices shall align with Chapter 8 (Concurrency).","","Rules for opening the same draft from multiple sessions or devices shall align with Chapter 8 (Concurrency).","Explicit Shall","Product Enforceable Requirement","atomic","","Governance Approved","Product enforceable requirement approved.","DX OSE Governance Review (Gate A.3)","Yes","Multiple","Draft Governance / Shared UX","","Code / Runtime / UI",""
"C7-7.6-001","21","21","21","Part I — Governance Constitution","7","Draft & Document State Protection","7.6","SP-C7-7.6-semi-ed7899bf","Internal draft lifecycle states (e.g. active, submitted, discarded, expired) may exist","","Internal draft lifecycle states (e.g. active, submitted, discarded, expired) may exist","Explicit May","Optional Capability","span_member","Semicolon-separated rule — atomic split.","Governance Approved","Optional capability approved.","DX OSE Governance Review (Gate A.3)","Yes","Runtime Behavior","Draft Governance / Shared UX","","Runtime",""
"C7-7.6-002","21","21","21","Part I — Governance Constitution","7","Draft & Document State Protection","7.6","SP-C7-7.6-semi-ed7899bf","not all need be user-visible.","","not all need be user-visible.","Descriptive","Descriptive Context","span_member","Semicolon-separated rule — atomic split.","Governance Approved","Descriptive context approved.","DX OSE Governance Review (Gate A.3)","No","N/A","Draft Governance / Shared UX","","Documentation",""
"C7-7.7-001","21","21","21","Part I — Governance Constitution","7","Draft & Document State Protection","7.7","SP-C7-7.7-402b8233","Auto-save shall occur on meaningful business events (add/delete row, qty/price change, supplier/warehouse change, attachment, notes, before navigation).","","Auto-save shall occur on meaningful business events (add/delete row, qty/price change, supplier/warehouse change, attachment, notes, before navigation).","Explicit Shall","Product Enforceable Requirement","atomic","","Governance Approved","Product enforceable requirement approved.","DX OSE Governance Review (Gate A.3)","Yes","Multiple","Draft Governance / Shared UX","","Code / Runtime / UI",""
"C7-7.7-002","21","21","21","Part I — Governance Constitution","7","Draft & Document State Protection","7.7","SP-C7-7.7-2835961f","Not on fixed timers defined in this Constitution.","","Not on fixed timers defined in this Constitution.","Descriptive","Descriptive Context","atomic","","Governance Approved","Descriptive context approved.","DX OSE Governance Review (Gate A.3)","No","N/A","Draft Governance / Shared UX","","Documentation",""
"C7-7.8-001","21","21","21","Part I — Governance Constitution","7","Draft & Document State Protection","7.8","SP-C7-7.8-d41afce3","Recovered drafts shall not bypass current validation.","","Recovered drafts shall not bypass current validation.","Explicit Shall","Product Enforceable Requirement","atomic","","Governance Approved","Product enforceable requirement approved.","DX OSE Governance Review (Gate A.3)","Yes","Multiple","Draft Governance / Shared UX","","Code / Runtime / UI",""
"C7-7.8-002","21","21","21","Part I — Governance Constitution","7","Draft & Document State Protection","7.8","SP-C7-7.8-f31526c7","Restored documents must be revalidated before continue or submit.","","Restored documents must be revalidated before continue or submit.","Explicit Shall","Product Enforceable Requirement","atomic","","Governance Approved","Product enforceable requirement approved.","DX OSE Governance Review (Gate A.3)","Yes","Multiple","Draft Governance / Shared UX","","Code / Runtime / UI",""
"C7-7.8-003","21","21","21","Part I — Governance Constitution","7","Draft & Document State Protection","7.8","SP-C7-7.8-fddfa920","Recovery prompt: Continue or Discard.","","Recovery prompt: Continue or Discard.","Explicit Shall","Product Enforceable Requirement","atomic","","Governance Approved","Product enforceable requirement approved.","DX OSE Governance Review (Gate A.3)","Yes","Multiple","Draft Governance / Shared UX","","Code / Runtime / UI",""
"C7-7.8-004","21","21","21","Part I — Governance Constitution","7","Draft & Document State Protection","7.8","SP-C7-7.8-62a02452","Last saved indicator should be visible.","","Last saved indicator should be visible.","Explicit Shall","Product Enforceable Requirement","atomic","","Governance Approved","Product enforceable requirement approved.","DX OSE Governance Review (Gate A.3)","Yes","Multiple","Draft Governance / Shared UX","","Code / Runtime / UI",""
"C7-7.9-001","21","21","21","Part I — Governance Constitution","7","Draft & Document State Protection","7.9","SP-C7-7.9-6069be34","Draft registry required per document family.","","Draft registry required per document family.","Explicit Shall","Product Enforceable Requirement","atomic","","Governance Approved","Product enforceable requirement approved.","DX OSE Governance Review (Gate A.3)","Yes","Multiple","Draft Governance / Shared UX","","Code / Runtime / UI",""
"C7-7.9-002","21","21","21","Part I — Governance Constitution","7","Draft & Document State Protection","7.9","SP-C7-7.9-03c1aa45","Default retention 30 days.","","Default retention 30 days.","Explicit Shall","Product Enforceable Requirement","atomic","","Governance Approved","Product enforceable requirement approved.","DX OSE Governance Review (Gate A.3)","Yes","Multiple","Draft Governance / Shared UX","","Code / Runtime / UI",""
"C7-7.9-003","21","21","21","Part I — Governance Constitution","7","Draft & Document State Protection","7.9","SP-C7-7.9-742ad6a7","Expiration policy (delete, archive, expired state) shall be defined by platform policy.","","Expiration policy (delete, archive, expired state) shall be defined by platform policy.","Explicit Shall","Product Enforceable Requirement","atomic","","Governance Approved","Product enforceable requirement approved.","DX OSE Governance Review (Gate A.3)","Yes","Multiple","Draft Governance / Shared UX","","Code / Runtime / UI",""
"C7-7.10-001","21","21","21","Part I — Governance Constitution","7","Draft & Document State Protection","7.10","SP-C7-7.10-a43e3337","Applies to: route navigation, browser refresh, browser/tab close, back navigation, session expiration with unsaved changes.","","Applies to: route navigation, browser refresh, browser/tab close, back navigation, session expiration with unsaved changes.","Descriptive","Descriptive Context","atomic","","Governance Approved","Descriptive context approved.","DX OSE Governance Review (Gate A.3)","No","N/A","Draft Governance / Shared UX","","Documentation",""
"C7-7.10-002","21","21","21","Part I — Governance Constitution","7","Draft & Document State Protection","7.10","SP-C7-7.10-c2e470f4","Successful Save Draft or Submit returns to clean state.","","Successful Save Draft or Submit returns to clean state.","Descriptive","Descriptive Context","atomic","","Governance Approved","Descriptive context approved.","DX OSE Governance Review (Gate A.3)","No","N/A","Draft Governance / Shared UX","","Documentation",""
"C7-7.11-001","22","21","22","Part I — Governance Constitution","7","Draft & Document State Protection","7.11","SP-C7-7.11-b414e65e","Upon successful creation of the first Server Draft, the System Document Number becomes permanently reserved per Chapter 9.","","Upon successful creation of the first Server Draft, the System Document Number becomes permanently reserved per Chapter 9.","Explicit Shall","Product Enforceable Requirement","atomic","","Governance Approved","Product enforceable requirement approved.","DX OSE Governance Review (Gate A.3)","Yes","Multiple","Draft Governance / Shared UX","","Code / Runtime / UI",""
"C7-7.12-001","22","22","22","Part I — Governance Constitution","7","Draft & Document State Protection","7.12","SP-C7-7.12-882dd180","Not supported — cloud ERP.","","Not supported — cloud ERP.","Descriptive","Descriptive Context","atomic","","Governance Approved","Descriptive context approved.","DX OSE Governance Review (Gate A.3)","No","N/A","Draft Governance / Shared UX","","Documentation",""
"C7-7.13-001","22","22","22","Part I — Governance Constitution","7","Draft & Document State Protection","7.13","SP-C7-7.13-6ebfa92e","Storage technology, sync intervals, local cache design.","","Storage technology, sync intervals, local cache design.","Out of Scope","Out of Scope","atomic","","Governance Approved","Governance approved: Out of Scope.","DX OSE Governance Review (Gate A.3)","No","N/A","Draft Governance / Shared UX","","N/A",""
"C8-8.1-001","23","23","23","Part I — Governance Constitution","8","Concurrency","8.1","SP-C8-8.1-1d2d18e9","Prevent silent overwrites when multiple users affect the same document.","","Prevent silent overwrites when multiple users affect the same document.","Descriptive","Descriptive Context","atomic","","Governance Approved","Descriptive context approved.","DX OSE Governance Review (Gate A.3)","No","N/A","Concurrency / Backend","","Documentation",""
"C8-8.2-001","23","23","23","Part I — Governance Constitution","8","Concurrency","8.2","SP-C8-8.2-038b7a65","Every editable document shall maintain a Concurrency Version for conflict detection.","","Every editable document shall maintain a Concurrency Version for conflict detection.","Explicit Shall","Product Enforceable Requirement","atomic","","Governance Approved","Product enforceable requirement approved.","DX OSE Governance Review (Gate A.3)","Yes","Multiple","Concurrency / Backend","","Code / Runtime / UI",""
"C8-8.2-002","23","23","23","Part I — Governance Constitution","8","Concurrency","8.2","SP-C8-8.2-15b4f301","The Constitution does not mandate a specific technical mechanism.","","The Constitution does not mandate a specific technical mechanism.","Descriptive","Descriptive Context","atomic","","Governance Approved","Descriptive context approved.","DX OSE Governance Review (Gate A.3)","No","N/A","Concurrency / Backend","","Documentation",""
"C8-8.3-001","23","23","23","Part I — Governance Constitution","8","Concurrency","8.3","SP-C8-8.3-4fbbf3a9","Concurrency applies to the entire governed document, not isolated fields only.","","Concurrency applies to the entire governed document, not isolated fields only.","Explicit Shall","Product Enforceable Requirement","atomic","","Governance Approved","Product enforceable requirement approved.","DX OSE Governance Review (Gate A.3)","Yes","Multiple","Concurrency / Backend","","Code / Runtime / UI",""
"C8-8.5-001","23","23","23","Part I — Governance Constitution","8","Concurrency","8.5","SP-C8-8.5-ba601604","Document is read-only except via Return workflow.","","Document is read-only except via Return workflow.","Explicit Shall","Product Enforceable Requirement","atomic","","Governance Approved","Product enforceable requirement approved.","DX OSE Governance Review (Gate A.3)","Yes","Multiple","Concurrency / Backend","","Code / Runtime / UI",""
"C8-8.6-001","23","23","23","Part I — Governance Constitution","8","Concurrency","8.6","SP-C8-8.6-e98b4384","Save Draft, Submit, Approve, Reject, Send Back, Cancel, Post — must not execute twice on the same version without detection.","","Save Draft, Submit, Approve, Reject, Send Back, Cancel, Post — must not execute twice on the same version without detection.","Explicit Must Not","Product Enforceable Requirement","atomic","","Governance Approved","Product enforceable requirement approved.","DX OSE Governance Review (Gate A.3)","Yes","Multiple","Concurrency / Backend","","Code / Runtime / UI",""
"C8-8.7-001","23","23","23","Part I — Governance Constitution","8","Concurrency","8.7","SP-C8-8.7-ed691d46","Posting must not execute except on the latest valid document version after concurrency verification.","","Posting must not execute except on the latest valid document version after concurrency verification.","Explicit Must Not","Product Enforceable Requirement","atomic","","Governance Approved","Product enforceable requirement approved.","DX OSE Governance Review (Gate A.3)","Yes","Multiple","Concurrency / Backend","","Code / Runtime / UI",""
"C8-8.8-001","23","23","23","Part I — Governance Constitution","8","Concurrency","8.8","SP-C8-8.8-semi-b25f925f","Reject conflicting update","","Reject conflicting update","Explicit Shall","Product Enforceable Requirement","span_member","Semicolon-separated rule — atomic split.","Governance Approved","Product enforceable requirement approved.","DX OSE Governance Review (Gate A.3)","Yes","Multiple","Concurrency / Backend","","Code / Runtime / UI",""
"C8-8.8-002","23","23","23","Part I — Governance Constitution","8","Concurrency","8.8","SP-C8-8.8-semi-b25f925f","do not overwrite another user's changes","","do not overwrite another user's changes","Explicit Shall","Product Enforceable Requirement","span_member","Semicolon-separated rule — atomic split.","Governance Approved","Product enforceable requirement approved.","DX OSE Governance Review (Gate A.3)","Yes","Multiple","Concurrency / Backend","","Code / Runtime / UI",""
"C8-8.8-003","23","23","23","Part I — Governance Constitution","8","Concurrency","8.8","SP-C8-8.8-semi-b25f925f","require reload before retry.","","require reload before retry.","Explicit Shall","Product Enforceable Requirement","span_member","Semicolon-separated rule — atomic split.","Governance Approved","Product enforceable requirement approved.","DX OSE Governance Review (Gate A.3)","Yes","Multiple","Concurrency / Backend","","Code / Runtime / UI",""
"C8-8.8-004","23","23","23","Part I — Governance Constitution","8","Concurrency","8.8","SP-C8-8.8-3be893ca","The platform shall reject conflicting updates using the platform's concurrency mechanism (implementation: Architecture Guide).","","The platform shall reject conflicting updates using the platform's concurrency mechanism (implementation: Architecture Guide).","Explicit Shall","Product Enforceable Requirement","atomic","","Governance Approved","Product enforceable requirement approved.","DX OSE Governance Review (Gate A.3)","Yes","Multiple","Concurrency / Backend","","Code / Runtime / UI",""
"C8-8.9-001","23","23","23","Part I — Governance Constitution","8","Concurrency","8.9","SP-C8-8.9-402d6bc6","Draft ownership and draft locking — Chapter 7.","","Draft ownership and draft locking — Chapter 7.","Descriptive","Descriptive Context","atomic","","Governance Approved","Descriptive context approved.","DX OSE Governance Review (Gate A.3)","No","N/A","Concurrency / Backend","","Documentation",""
"C8-8.9-002","23","23","23","Part I — Governance Constitution","8","Concurrency","8.9","SP-C8-8.9-8ca56d1b","Conflict detection during operations — this chapter.","","Conflict detection during operations — this chapter.","Descriptive","Descriptive Context","atomic","","Governance Approved","Descriptive context approved.","DX OSE Governance Review (Gate A.3)","No","N/A","Concurrency / Backend","","Documentation",""
"C8-8.10-001","23","23","23","Part I — Governance Constitution","8","Concurrency","8.10","SP-C8-8.10-eca8ce3e","Concurrency conflicts shall be recorded in audit when appropriate.","","Concurrency conflicts shall be recorded in audit when appropriate.","Explicit Shall","Product Enforceable Requirement","atomic","","Governance Approved","Product enforceable requirement approved.","DX OSE Governance Review (Gate A.3)","Yes","Multiple","Concurrency / Backend","","Code / Runtime / UI",""
"C8-8.11-001","23","23","23","Part I — Governance Constitution","8","Concurrency","8.11","SP-C8-8.11-0cc5d040","Specific HTTP codes, database locking mechanisms.","","Specific HTTP codes, database locking mechanisms.","Out of Scope","Out of Scope","atomic","","Governance Approved","Governance approved: Out of Scope.","DX OSE Governance Review (Gate A.3)","No","N/A","Concurrency / Backend","","N/A",""
"C9-9.1-001","24","24","24","Part II — Document Identity","9","Document Numbering","9.1","SP-C9-9.1-6983c209","One auditable numbering policy for all document types.","","One auditable numbering policy for all document types.","Descriptive","Descriptive Context","atomic","","Governance Approved","Descriptive context approved.","DX OSE Governance Review (Gate A.3)","No","N/A","Document Numbering / Platform","","Documentation",""
"C9-9.2-001","24","24","24","Part II — Document Identity","9","Document Numbering","9.2","SP-C9-9.2-bullet-4369cc39","Assigned by the platform only","","Assigned by the platform only","Descriptive","Descriptive Context","span_member","Bullet semicolon — atomic split.","Governance Approved","Descriptive context approved.","DX OSE Governance Review (Gate A.3)","No","N/A","Document Numbering / Platform","","Documentation",""
"C9-9.2-002","24","24","24","Part II — Document Identity","9","Document Numbering","9.2","SP-C9-9.2-bullet-4369cc39","users must not enter or edit.","","users must not enter or edit.","Explicit Must Not","Product Enforceable Requirement","span_member","Bullet semicolon — atomic split.","Governance Approved","Product enforceable requirement approved.","DX OSE Governance Review (Gate A.3)","Yes","Multiple","Document Numbering / Platform","","Code / Runtime / UI",""
"C9-9.2-003","24","24","24","Part II — Document Identity","9","Document Numbering","9.2","SP-C9-9.2-e5304a8e","Assigned at first Server Draft Save (Chapter 7.11).","","Assigned at first Server Draft Save (Chapter 7.11).","Descriptive","Descriptive Context","atomic","","Governance Approved","Descriptive context approved.","DX OSE Governance Review (Gate A.3)","No","N/A","Document Numbering / Platform","","Documentation",""
"C9-9.2-004","24","24","24","Part II — Document Identity","9","Document Numbering","9.2","SP-C9-9.2-f8a04cd9","Format: `{Type Prefix}-{Year}-{Sequence}` (e.g. GRN-2026-00001).","","Format: `{Type Prefix}-{Year}-{Sequence}` (e.g. GRN-2026-00001).","Descriptive","Descriptive Context","atomic","","Governance Approved","Descriptive context approved.","DX OSE Governance Review (Gate A.3)","No","N/A","Document Numbering / Platform","","Documentation",""
"C9-9.2-005","24","24","24","Part II — Document Identity","9","Document Numbering","9.2","SP-C9-9.2-68b90144","External references (e.g. supplier invoice number) are separate fields.","","External references (e.g. supplier invoice number) are separate fields.","Descriptive","Descriptive Context","atomic","","Governance Approved","Descriptive context approved.","DX OSE Governance Review (Gate A.3)","No","N/A","Document Numbering / Platform","","Documentation",""
"C9-9.3-001","24","24","24","Part II — Document Identity","9","Document Numbering","9.3","SP-C9-9.3-a252b1ae","Uniqueness — unique within governed numbering scope.","","Uniqueness — unique within governed numbering scope.","Descriptive","Product Enforceable Requirement","span_member","Numbered rule — atomic split.","Governance Corrected","§9.3 numbering uniqueness rule.","DX OSE Governance Review (Gate A FINAL)","Yes","Multiple","Document Numbering / Platform","","Documentation",""
"C9-9.3-002","24","24","24","Part II — Document Identity","9","Document Numbering","9.3","SP-C9-9.3-a7c7ab68","Reservation — upon first Server Draft, number permanently reserved.","","Reservation — upon first Server Draft, number permanently reserved.","Descriptive","Product Enforceable Requirement","span_member","Numbered rule — atomic split.","Governance Corrected","§9.3 number reservation rule.","DX OSE Governance Review (Gate A FINAL)","Yes","Multiple","Document Numbering / Platform","","Documentation",""
"C9-9.3-003","24","24","24","Part II — Document Identity","9","Document Numbering","9.3","SP-C9-9.3-f9f20741","Deleted drafts — number never released or recycled.","","Deleted drafts — number never released or recycled.","Descriptive","Product Enforceable Requirement","span_member","Numbered rule — atomic split.","Governance Corrected","§9.3 deleted draft number rule.","DX OSE Governance Review (Gate A FINAL)","Yes","Multiple","Document Numbering / Platform","","Documentation",""
"C9-9.3-004","24","24","24","Part II — Document Identity","9","Document Numbering","9.3","SP-C9-9.3-ca0da656","Gap policy — gaps acceptable","","Gap policy — gaps acceptable","Descriptive","Governance Definition","span_member","Numbered rule — atomic split.","Governance Corrected","§9.3 gap policy definition.","DX OSE Governance Review (Gate A FINAL)","No","N/A","Document Numbering / Platform","","Documentation",""
"C9-9.3-005","24","24","24","Part II — Document Identity","9","Document Numbering","9.3","SP-C9-9.3-8051f8a7","Unified engine — all creation channels (manual, import, integration, future) use same numbering governance.","","Unified engine — all creation channels (manual, import, integration, future) use same numbering governance.","Descriptive","Product Enforceable Requirement","span_member","Numbered rule — atomic split.","Governance Corrected","§9.3 unified numbering engine.","DX OSE Governance Review (Gate A FINAL)","Yes","Multiple","Document Numbering / Platform","","Documentation",""
"C9-9.3-006","24","24","24","Part II — Document Identity","9","Document Numbering","9.3","SP-C9-9.3-8f694e3d","Prefix governance — prefixes governed centrally","","Prefix governance — prefixes governed centrally","Descriptive","Product Enforceable Requirement","span_member","Numbered rule — atomic split.","Governance Corrected","§9.3 prefix governance.","DX OSE Governance Review (Gate A FINAL)","Yes","Multiple","Document Numbering / Platform","","Documentation",""
"C9-9.3-007","24","24","24","Part II — Document Identity","9","Document Numbering","9.3","SP-C9-9.3-f15c1830","Failed allocation — gaps from failed/rolled-back operations acceptable.","","Failed allocation — gaps from failed/rolled-back operations acceptable.","Governance Definition","Governance Definition","span_member","Numbered rule — atomic split.","Governance Approved","Governance definition approved.","DX OSE Governance Review (Gate A.3)","No","Governance Documentation","Document Numbering / Platform","","Documentation",""
"C9-9.3-008","24","24","24","Part II — Document Identity","9","Document Numbering","9.3","SP-C9-9.3-c4027cd9","Immutability — once assigned, number immutable for entire lifecycle.","","Immutability — once assigned, number immutable for entire lifecycle.","Descriptive","Product Enforceable Requirement","span_member","Numbered rule — atomic split.","Governance Corrected","§9.3 number immutability.","DX OSE Governance Review (Gate A FINAL)","Yes","Multiple","Document Numbering / Platform","","Documentation",""
"C9-9.3-009","24","24","24","Part II — Document Identity","9","Document Numbering","9.3","SP-C9-9.3-d4b588a3","Audit — allocation traceable through platform audit mechanisms.","","Audit — allocation traceable through platform audit mechanisms.","Descriptive","Product Enforceable Requirement","span_member","Numbered rule — atomic split.","Governance Corrected","§9.3 allocation audit traceability.","DX OSE Governance Review (Gate A FINAL)","Yes","Multiple","Document Numbering / Platform","","Documentation",""
"C9-9.3-010","24","24","24","Part II — Document Identity","9","Document Numbering","9.3","SP-C9-9.3-22eab137","Manual override — prohibited.","","Manual override — prohibited.","Explicit Shall","Product Enforceable Requirement","span_member","Numbered rule — atomic split.","Governance Approved","Product enforceable requirement approved.","DX OSE Governance Review (Gate A.3)","Yes","Multiple","Document Numbering / Platform","","Code / Runtime / UI",""
"C9-9.3-011","24","24","24","Part II — Document Identity","9","Document Numbering","9.3","SP-C9-9.3-c4ab9dfe","Annual reset — per prefix per year (or fiscal year per platform policy).","","Annual reset — per prefix per year (or fiscal year per platform policy).","Descriptive","Governance Definition","span_member","Numbered rule — atomic split.","Governance Corrected","§9.3 annual reset policy definition.","DX OSE Governance Review (Gate A FINAL)","No","N/A","Document Numbering / Platform","","Documentation",""
"C9-9.4-001","24","24","24","Part II — Document Identity","9","Document Numbering","9.4","SP-C9-9.4-b6ac132c","Branch or property prefixes embedded in document numbers.","","Branch or property prefixes embedded in document numbers.","Out of Scope","Out of Scope","atomic","","Governance Approved","Governance approved: Out of Scope.","DX OSE Governance Review (Gate A.3)","No","N/A","Document Numbering / Platform","","N/A",""
"C10-10.2-001","25","25","25","Part III — Data Integrity","10","Stock & Quantity","10.2","SP-C10-10.2-59b874ef","Stock availability validated against latest committed inventory state at Posting.","","Stock availability validated against latest committed inventory state at Posting.","Explicit Shall","Product Enforceable Requirement","atomic","","Governance Approved","Product enforceable requirement approved.","DX OSE Governance Review (Gate A.3)","Yes","Multiple","Inventory / Stock","","Code / Runtime / UI",""
"C10-10.2-002","25","25","25","Part III — Data Integrity","10","Stock & Quantity","10.2","SP-C10-10.2-2f87aa1c","Negative inventory prohibited in DX OSE v2.0.","","Negative inventory prohibited in DX OSE v2.0.","Explicit Shall","Product Enforceable Requirement","atomic","","Governance Approved","Product enforceable requirement approved.","DX OSE Governance Review (Gate A.3)","Yes","Multiple","Inventory / Stock","","Code / Runtime / UI",""
"C10-10.2-003","25","25","25","Part III — Data Integrity","10","Stock & Quantity","10.2","SP-C10-10.2-bullet-bfd8db7f","Quantity must be greater than zero","","Quantity must be greater than zero","Explicit Shall","Product Enforceable Requirement","span_member","§10.2 bullet semicolon — atomic split.","Governance Approved","Product enforceable requirement approved.","DX OSE Governance Review (Gate A.3)","Yes","Multiple","Inventory / Stock","","Code / Runtime / UI",""
"C10-10.2-004","25","25","25","Part III — Data Integrity","10","Stock & Quantity","10.2","SP-C10-10.2-bullet-bfd8db7f","zero-quantity lines prohibited.","","zero-quantity lines prohibited.","Explicit Shall","Product Enforceable Requirement","span_member","§10.2 bullet semicolon — atomic split.","Governance Approved","Product enforceable requirement approved.","DX OSE Governance Review (Gate A.3)","Yes","Multiple","Inventory / Stock","","Code / Runtime / UI",""
"C10-10.2-005","25","25","25","Part III — Data Integrity","10","Stock & Quantity","10.2","SP-C10-10.2-bullet-97ea950f","Quantity precision per platform settings","","Quantity precision per platform settings","Explicit Shall","Product Enforceable Requirement","span_member","§10.2 bullet semicolon — atomic split.","Governance Approved","Product enforceable requirement approved.","DX OSE Governance Review (Gate A.3)","Yes","Multiple","Inventory / Stock","","Code / Runtime / UI",""
"C10-10.2-006","25","25","25","Part III — Data Integrity","10","Stock & Quantity","10.2","SP-C10-10.2-bullet-97ea950f","validation uses precise values.","","validation uses precise values.","Explicit Shall","Product Enforceable Requirement","span_member","§10.2 bullet semicolon — atomic split.","Governance Approved","Product enforceable requirement approved.","DX OSE Governance Review (Gate A.3)","Yes","Multiple","Inventory / Stock","","Code / Runtime / UI",""
"C10-10.2-007","25","25","25","Part III — Data Integrity","10","Stock & Quantity","10.2","SP-C10-10.2-fc923e8d","Stock validation against source inventory location defined by transaction.","","Stock validation against source inventory location defined by transaction.","Explicit Shall","Product Enforceable Requirement","atomic","","Governance Approved","Product enforceable requirement approved.","DX OSE Governance Review (Gate A.3)","Yes","Multiple","Inventory / Stock","","Code / Runtime / UI",""
"C10-10.2-008","25","25","25","Part III — Data Integrity","10","Stock & Quantity","10.2","SP-C10-10.2-127d324b","All calculations use base unit.","","All calculations use base unit.","Explicit Shall","Product Enforceable Requirement","atomic","","Governance Approved","Product enforceable requirement approved.","DX OSE Governance Review (Gate A.3)","Yes","Multiple","Inventory / Stock","","Code / Runtime / UI",""
"C10-10.2-009","25","25","25","Part III — Data Integrity","10","Stock & Quantity","10.2","SP-C10-10.2-fe75b375","Batch-controlled and serial-controlled inventory — Out of Scope v2.0.","","Batch-controlled and serial-controlled inventory — Out of Scope v2.0.","Explicit Shall","Out of Scope","atomic","","Governance Corrected","Batch/serial inventory Out of Scope v2.0.","DX OSE Governance Review (Gate A FINAL)","No","N/A","Inventory / Stock","","Code / Runtime / UI",""
"C10-10.2-010","25","25","25","Part III — Data Integrity","10","Stock & Quantity","10.2","SP-C10-10.2-e84b182b","No transaction shall violate constitutional stock integrity rules.","","No transaction shall violate constitutional stock integrity rules.","Explicit Shall","Product Enforceable Requirement","atomic","","Governance Approved","Product enforceable requirement approved.","DX OSE Governance Review (Gate A.3)","Yes","Multiple","Inventory / Stock","","Code / Runtime / UI",""
"C10-10.2-011","25","25","25","Part III — Data Integrity","10","Stock & Quantity","10.2","SP-C10-10.2-ae7d18f1","Inventory movements generated exclusively by Posted transactions.","","Inventory movements generated exclusively by Posted transactions.","Explicit Shall","Product Enforceable Requirement","atomic","","Governance Approved","Product enforceable requirement approved.","DX OSE Governance Review (Gate A.3)","Yes","Multiple","Inventory / Stock","","Code / Runtime / UI",""
"C10-10.2-012","25","25","25","Part III — Data Integrity","10","Stock & Quantity","10.2","SP-C10-10.2-bullet-185c9c48","Posted inventory movements shall never be edited","","Posted inventory movements shall never be edited","Explicit Shall","Product Enforceable Requirement","span_member","§10.2 bullet semicolon — atomic split.","Governance Approved","Product enforceable requirement approved.","DX OSE Governance Review (Gate A.3)","Yes","Multiple","Inventory / Stock","","Code / Runtime / UI",""
"C10-10.2-013","25","25","25","Part III — Data Integrity","10","Stock & Quantity","10.2","SP-C10-10.2-bullet-185c9c48","corrections via new governed transactions.","","corrections via new governed transactions.","Explicit Shall","Product Enforceable Requirement","span_member","§10.2 bullet semicolon — atomic split.","Governance Approved","Product enforceable requirement approved.","DX OSE Governance Review (Gate A.3)","Yes","Multiple","Inventory / Stock","","Code / Runtime / UI",""
"C10-10.2-014","25","25","25","Part III — Data Integrity","10","Stock & Quantity","10.2","SP-C10-10.2-2c29b9bd","Inbound: ●  no stock check","","Inbound: ●  no stock check","Explicit Shall","Product Enforceable Requirement","atomic","","Governance Approved","Product enforceable requirement approved.","DX OSE Governance Review (Gate A.3)","Yes","Multiple","Inventory / Stock","","Code / Runtime / UI",""
"C10-10.2-015","25","25","25","Part III — Data Integrity","10","Stock & Quantity","10.2","SP-C10-10.2-99c7be1e","Outbound: authoritative on platform","","Outbound: authoritative on platform","Explicit Shall","Product Enforceable Requirement","atomic","","Governance Approved","Product enforceable requirement approved.","DX OSE Governance Review (Gate A.3)","Yes","Multiple","Inventory / Stock","","Code / Runtime / UI",""
"C10-10.3-001","25","25","25","Part III — Data Integrity","10","Stock & Quantity","10.3","SP-C10-10.3-semi-f66c7a6e","Unit conversion within inventory movements","","Unit conversion within inventory movements","Out of Scope","Out of Scope","span_member","Semicolon-separated rule — atomic split.","Governance Approved","Governance approved: Out of Scope.","DX OSE Governance Review (Gate A.3)","No","N/A","Inventory / Stock","","N/A",""
"C10-10.3-002","25","25","25","Part III — Data Integrity","10","Stock & Quantity","10.3","SP-C10-10.3-semi-f66c7a6e","reservation (Chapter 2.4.5).","","reservation (Chapter 2.4.5).","Out of Scope","Out of Scope","span_member","Semicolon-separated rule — atomic split.","Governance Approved","Governance approved: Out of Scope.","DX OSE Governance Review (Gate A.3)","No","N/A","Inventory / Stock","","N/A",""
"C11-11.1-001","26","26","26","Part III — Data Integrity","11","Display Currency","11.1","SP-C11-11.1-9974ea48","Display formatting only — not accounting or conversion.","","Display formatting only — not accounting or conversion.","Descriptive","Descriptive Context","atomic","","Governance Approved","Descriptive context approved.","DX OSE Governance Review (Gate A.3)","No","N/A","Display Currency / Shared UX","","Documentation",""
"C11-11.2-001","26","26","26","Part III — Data Integrity","11","Display Currency","11.2","SP-C11-11.2-ca698652","Property-level display currency.","","Property-level display currency.","Descriptive","Descriptive Context","atomic","","Governance Approved","Descriptive context approved.","DX OSE Governance Review (Gate A.3)","No","N/A","Display Currency / Shared UX","","Documentation",""
"C11-11.3-001","26","26","26","Part III — Data Integrity","11","Display Currency","11.3","SP-C11-11.3-01507b8f","Changing display currency changes symbol and format only.","","Changing display currency changes symbol and format only.","Descriptive","Descriptive Context","atomic","","Governance Approved","Descriptive context approved.","DX OSE Governance Review (Gate A.3)","No","N/A","Display Currency / Shared UX","","Documentation",""
"C11-11.3-002","26","26","26","Part III — Data Integrity","11","Display Currency","11.3","SP-C11-11.3-db31734d","It must not convert amounts, alter stored values, ledger, valuation, historical posted documents, or participate in financial calculations, inventory valuation, posting logic, taxation, or accounting transactions.","","It must not convert amounts, alter stored values, ledger, valuation, historical posted documents, or participate in financial calculations, inventory valuation, posting logic, taxation, or accounting transactions.","Explicit Must Not","Product Enforceable Requirement","atomic","","Governance Approved","Product enforceable requirement approved.","DX OSE Governance Review (Gate A.3)","Yes","Multiple","Display Currency / Shared UX","","Code / Runtime / UI",""
"C11-11.4-001","26","26","26","Part III — Data Integrity","11","Display Currency","11.4","SP-C11-11.4-424b3e71","Display Currency shall apply consistently across all user interfaces, reports, dashboards, exported documents, and printed outputs unless explicitly governed otherwise.","","Display Currency shall apply consistently across all user interfaces, reports, dashboards, exported documents, and printed outputs unless explicitly governed otherwise.","Explicit Shall","Product Enforceable Requirement","atomic","","Governance Approved","Product enforceable requirement approved.","DX OSE Governance Review (Gate A.3)","Yes","Multiple","Display Currency / Shared UX","","Code / Runtime / UI",""
"C11-11.4-002","26","26","26","Part III — Data Integrity","11","Display Currency","11.4","SP-C11-11.4-c35704b3","Reports and PDF shall use property display currency as each channel is brought under this standard.","","Reports and PDF shall use property display currency as each channel is brought under this standard.","Explicit Shall","Product Enforceable Requirement","atomic","","Governance Approved","Product enforceable requirement approved.","DX OSE Governance Review (Gate A.3)","Yes","Multiple","Display Currency / Shared UX","","Code / Runtime / UI",""
"C11-11.5-001","26","26","26","Part III — Data Integrity","11","Display Currency","11.5","SP-C11-11.5-5811d51c","Decimal places per currency rules (SAR/USD 2, JPY 0, KWD 3).","","Decimal places per currency rules (SAR/USD 2, JPY 0, KWD 3).","Descriptive","Descriptive Context","atomic","","Governance Approved","Descriptive context approved.","DX OSE Governance Review (Gate A.3)","No","N/A","Display Currency / Shared UX","","Documentation",""
"C11-11.6-001","26","26","26","Part III — Data Integrity","11","Display Currency","11.6","SP-C11-11.6-0ae83810","Changing Property Display Currency must not modify historical posted documents or stored business data.","","Changing Property Display Currency must not modify historical posted documents or stored business data.","Explicit Shall","Product Enforceable Requirement","atomic","","Governance Approved","Product enforceable requirement approved.","DX OSE Governance Review (Gate A.3)","Yes","Multiple","Display Currency / Shared UX","","Code / Runtime / UI",""
"C11-11.7-001","26","26","26","Part III — Data Integrity","11","Display Currency","11.7","SP-C11-11.7-6639badb","Property settings — not inventory module settings.","","Property settings — not inventory module settings.","Descriptive","Descriptive Context","atomic","","Governance Approved","Descriptive context approved.","DX OSE Governance Review (Gate A.3)","No","N/A","Display Currency / Shared UX","","Documentation",""
"C11-11.8-001","26","26","26","Part III — Data Integrity","11","Display Currency","11.8","SP-C11-11.8-6704e496","Exchange rates, multi-currency purchasing, multi-currency accounting.","","Exchange rates, multi-currency purchasing, multi-currency accounting.","Out of Scope","Out of Scope","atomic","","Governance Approved","Governance approved: Out of Scope.","DX OSE Governance Review (Gate A.3)","No","N/A","Display Currency / Shared UX","","N/A",""
"C12-12.1-001","27","27","27","Part IV — Document Composition","12","Document Header","12.1","SP-C12-12.1-7cc077e6","The document header represents the business identity of the document throughout its lifecycle.","","The document header represents the business identity of the document throughout its lifecycle.","Descriptive","Descriptive Context","atomic","","Governance Approved","Descriptive context approved.","DX OSE Governance Review (Gate A.3)","No","N/A","Document Header / All Documents","","Documentation",""
"C12-12.2-001","27","27","27","Part IV — Document Composition","12","Document Header","12.2","SP-C12-12.2-a05e0dac","Fixed order where applicable: document number, status, workflow step, created by/date, property, department, warehouse, related party, period, display currency, total value, quick actions.","","Fixed order where applicable: document number, status, workflow step, created by/date, property, department, warehouse, related party, period, display currency, total value, quick actions.","Descriptive","Descriptive Context","atomic","","Governance Approved","Descriptive context approved.","DX OSE Governance Review (Gate A.3)","No","N/A","Document Header / All Documents","","Documentation",""
"C12-12.2-002","27","27","27","Part IV — Document Composition","12","Document Header","12.2","SP-C12-12.2-semi-f2b4b7ac","Optional fields omitted when not applicable","","Optional fields omitted when not applicable","Descriptive","UX / Presentation Requirement","span_member","Semicolon-separated rule — atomic split.","Governance Corrected","Optional fields presentation rule.","DX OSE Governance Review (Gate A FINAL)","Yes","UI / UX","Document Header / All Documents","","Documentation",""
"C12-12.2-003","27","27","27","Part IV — Document Composition","12","Document Header","12.2","SP-C12-12.2-semi-f2b4b7ac","positions must not shift arbitrarily.","","positions must not shift arbitrarily.","Explicit Must Not","Product Enforceable Requirement","span_member","Semicolon-separated rule — atomic split.","Governance Approved","Product enforceable requirement approved.","DX OSE Governance Review (Gate A.3)","Yes","Multiple","Document Header / All Documents","","Code / Runtime / UI",""
"C12-12.3-001","27","27","27","Part IV — Document Composition","12","Document Header","12.3","SP-C12-12.3-61c49ca5","System fields (document number, status, created by/at, posted by/at, etc.) — must not be usereditable.","","System fields (document number, status, created by/at, posted by/at, etc.) — must not be usereditable.","Explicit Must Not","Product Enforceable Requirement","atomic","","Governance Approved","Product enforceable requirement approved.","DX OSE Governance Review (Gate A.3)","Yes","Multiple","Document Header / All Documents","","Code / Runtime / UI",""
"C12-12.3-002","27","27","27","Part IV — Document Composition","12","Document Header","12.3","SP-C12-12.3-cbb96b68","Business fields — subject to document rules and lifecycle.","","Business fields — subject to document rules and lifecycle.","Descriptive","Descriptive Context","atomic","","Governance Approved","Descriptive context approved.","DX OSE Governance Review (Gate A.3)","No","N/A","Document Header / All Documents","","Documentation",""
"C12-12.3-003","27","27","27","Part IV — Document Composition","12","Document Header","12.3","SP-C12-12.3-d1e3d5ca","Mandatory vs optional — per document type in Workflow Contracts / module policy.","","Mandatory vs optional — per document type in Workflow Contracts / module policy.","Descriptive","Descriptive Context","atomic","","Governance Approved","Descriptive context approved.","DX OSE Governance Review (Gate A.3)","No","N/A","Document Header / All Documents","","Documentation",""
"C12-12.4-001","27","27","27","Part IV — Document Composition","12","Document Header","12.4","SP-C12-12.4-71141637","Header fields shall become read-only once the document enters a non-editable lifecycle state unless explicitly governed otherwise.","","Header fields shall become read-only once the document enters a non-editable lifecycle state unless explicitly governed otherwise.","Explicit Shall","Product Enforceable Requirement","atomic","","Governance Approved","Product enforceable requirement approved.","DX OSE Governance Review (Gate A.3)","Yes","Multiple","Document Header / All Documents","","Code / Runtime / UI",""
"C12-12.5-001","27","27","27","Part IV — Document Composition","12","Document Header","12.5","SP-C12-12.5-bde6ef1c","Changes to property, department, warehouse after lines exist or after workflow progress must require confirmation and shall follow document business rules (see BDR for line-clear policies).","","Changes to property, department, warehouse after lines exist or after workflow progress must require confirmation and shall follow document business rules (see BDR for line-clear policies).","Explicit Must","Product Enforceable Requirement","atomic","","Governance Approved","Product enforceable requirement approved.","DX OSE Governance Review (Gate A.3)","Yes","Multiple","Document Header / All Documents","","Code / Runtime / UI",""
"C12-12.6-001","27","27","27","Part IV — Document Composition","12","Document Header","12.6","SP-C12-12.6-2dca56f5","Header information and document lines shall remain logically consistent throughout the lifecycle unless explicitly governed otherwise.","","Header information and document lines shall remain logically consistent throughout the lifecycle unless explicitly governed otherwise.","Explicit Shall","Product Enforceable Requirement","atomic","","Governance Approved","Product enforceable requirement approved.","DX OSE Governance Review (Gate A.3)","Yes","Multiple","Document Header / All Documents","","Code / Runtime / UI",""
"C12-12.7-001","27","27","27","Part IV — Document Composition","12","Document Header","12.7","SP-C12-12.7-e1ec59df","Modules may add header fields provided standard header order and positions are preserved.","","Modules may add header fields provided standard header order and positions are preserved.","Explicit May","Optional Capability","atomic","","Governance Approved","Optional capability approved.","DX OSE Governance Review (Gate A.3)","Yes","Runtime Behavior","Document Header / All Documents","","Runtime",""
"C13-13.1-001","28","28","28","Part IV — Document Composition","13","Document Lines","13.1","SP-C13-13.1-f253012c","Unified grid behavior for all line-based documents.","","Unified grid behavior for all line-based documents.","Descriptive","Descriptive Context","atomic","","Governance Approved","Descriptive context approved.","DX OSE Governance Review (Gate A.3)","No","N/A","Document Lines / All Documents","","Documentation",""
"C13-13.2-001","28","28","28","Part IV — Document Composition","13","Document Lines","13.2","SP-C13-13.2-dedb926e","Each line shall maintain a unique internal identity independent of display order or row number.","","Each line shall maintain a unique internal identity independent of display order or row number.","Explicit Shall","Product Enforceable Requirement","atomic","","Governance Approved","Product enforceable requirement approved.","DX OSE Governance Review (Gate A.3)","Yes","Multiple","Document Lines / All Documents","","Code / Runtime / UI",""
"C13-13.2-002","28","28","28","Part IV — Document Composition","13","Document Lines","13.2","SP-C13-13.2-d7a525b2","Display order is presentation only.","","Display order is presentation only.","Descriptive","Descriptive Context","atomic","","Governance Approved","Descriptive context approved.","DX OSE Governance Review (Gate A.3)","No","N/A","Document Lines / All Documents","","Documentation",""
"C13-13.3-001","28","28","28","Part IV — Document Composition","13","Document Lines","13.3","SP-C13-13.3-d241d8c5","Column order, alignment, editable vs read-only, required columns, row validation, footer totals, add/delete, empty state, large datasets, keyboard navigation (Chapter 17).","","Column order, alignment, editable vs read-only, required columns, row validation, footer totals, add/delete, empty state, large datasets, keyboard navigation (Chapter 17).","Descriptive","Descriptive Context","atomic","","Governance Approved","Descriptive context approved.","DX OSE Governance Review (Gate A.3)","No","N/A","Document Lines / All Documents","","Documentation",""
"C13-13.4-001","28","28","28","Part IV — Document Composition","13","Document Lines","13.4","SP-C13-13.4-4e1ab380","Posted document lines shall be immutable.","","Posted document lines shall be immutable.","Explicit Shall","Product Enforceable Requirement","atomic","","Governance Approved","Product enforceable requirement approved.","DX OSE Governance Review (Gate A.3)","Yes","Multiple","Document Lines / All Documents","","Code / Runtime / UI",""
"C13-13.4-002","28","28","28","Part IV — Document Composition","13","Document Lines","13.4","SP-C13-13.4-98413743","Corrections via new governed business transactions.","","Corrections via new governed business transactions.","Descriptive","Descriptive Context","atomic","","Governance Approved","Descriptive context approved.","DX OSE Governance Review (Gate A.3)","No","N/A","Document Lines / All Documents","","Documentation",""
"C13-13.5-001","28","28","28","Part IV — Document Composition","13","Document Lines","13.5","SP-C13-13.5-66ba431c","Line values and calculated fields shall recalculate automatically per governed business rules when relevant data changes.","","Line values and calculated fields shall recalculate automatically per governed business rules when relevant data changes.","Explicit Shall","Product Enforceable Requirement","atomic","","Governance Approved","Product enforceable requirement approved.","DX OSE Governance Review (Gate A.3)","Yes","Multiple","Document Lines / All Documents","","Code / Runtime / UI",""
"C13-13.6-001","28","28","28","Part IV — Document Composition","13","Document Lines","13.6","SP-C13-13.6-8a0bebb0","All lines shall remain consistent with governing business context in the header unless explicitly governed otherwise.","","All lines shall remain consistent with governing business context in the header unless explicitly governed otherwise.","Explicit Shall","Product Enforceable Requirement","atomic","","Governance Approved","Product enforceable requirement approved.","DX OSE Governance Review (Gate A.3)","Yes","Multiple","Document Lines / All Documents","","Code / Runtime / UI",""
"C13-13.7-001","28","28","28","Part IV — Document Composition","13","Document Lines","13.7","SP-C13-13.7-semi-9799b665","Document and line totals are system-calculated","","Document and line totals are system-calculated","Descriptive","Descriptive Context","span_member","Semicolon-separated rule — atomic split.","Governance Approved","Descriptive context approved.","DX OSE Governance Review (Gate A.3)","No","N/A","Document Lines / All Documents","","Documentation",""
"C13-13.7-002","28","28","28","Part IV — Document Composition","13","Document Lines","13.7","SP-C13-13.7-semi-9799b665","must not be directly user-editable.","","must not be directly user-editable.","Governance Definition","Governance Definition","span_member","Semicolon-separated rule — atomic split.","Governance Approved","Governance definition approved.","DX OSE Governance Review (Gate A.3)","No","Governance Documentation","Document Lines / All Documents","","Documentation",""
"C13-13.8-001","28","28","28","Part IV — Document Composition","13","Document Lines","13.8","SP-C13-13.8-a5025358","Duplicate line behavior shall be defined by each business document according to functional requirements (not one global merge/prevent policy).","","Duplicate line behavior shall be defined by each business document according to functional requirements (not one global merge/prevent policy).","Explicit Shall","Product Enforceable Requirement","atomic","","Governance Approved","Product enforceable requirement approved.","DX OSE Governance Review (Gate A.3)","Yes","Multiple","Document Lines / All Documents","","Code / Runtime / UI",""
"C13-13.9-001","28","28","28","Part IV — Document Composition","13","Document Lines","13.9","SP-C13-13.9-7c2f5d1a","Significant line-level business changes shall be auditable per platform audit policy.","","Significant line-level business changes shall be auditable per platform audit policy.","Explicit Shall","Product Enforceable Requirement","atomic","","Governance Approved","Product enforceable requirement approved.","DX OSE Governance Review (Gate A.3)","Yes","Multiple","Document Lines / All Documents","","Code / Runtime / UI",""
"C13-13.10-001","28","28","28","Part IV — Document Composition","13","Document Lines","13.10","SP-C13-13.10-9e45e970","Large datasets shall not degrade usability (Chapter 27).","","Large datasets shall not degrade usability (Chapter 27).","Explicit Must Not","Product Enforceable Requirement","atomic","","Governance Approved","Product enforceable requirement approved.","DX OSE Governance Review (Gate A.3)","Yes","Multiple","Document Lines / All Documents","","Code / Runtime / UI",""
"C14-14.1-001","29","29","29","Part IV — Document Composition","14","Attachments","14.1","SP-C14-14.1-1f3901df","Consistent attachment experience via unified platform attachment capability (one behavior, module configuration only).","","Consistent attachment experience via unified platform attachment capability (one behavior, module configuration only).","Descriptive","Descriptive Context","atomic","","Governance Approved","Descriptive context approved.","DX OSE Governance Review (Gate A.3)","No","N/A","Attachments / Platform","","Documentation",""
"C14-14.2-001","29","29","29","Part IV — Document Composition","14","Attachments","14.2","SP-C14-14.2-d475d133","Invoice, evidence, supporting document, line photo, excel import, generated report, other — per module.","","Invoice, evidence, supporting document, line photo, excel import, generated report, other — per module.","Descriptive","Descriptive Context","atomic","","Governance Approved","Descriptive context approved.","DX OSE Governance Review (Gate A.3)","No","N/A","Attachments / Platform","","Documentation",""
"C14-14.3-001","29","29","29","Part IV — Document Composition","14","Attachments","14.3","SP-C14-14.3-607e1ce9","State Typical rights Draft Add, replace, delete In review View, download Posted Read-only Posted attachments shall not be modified, replaced, or deleted.","","State Typical rights Draft Add, replace, delete In review View, download Posted Read-only Posted attachments shall not be modified, replaced, or deleted.","Explicit Must Not","Product Enforceable Requirement","atomic","","Governance Approved","Product enforceable requirement approved.","DX OSE Governance Review (Gate A.3)","Yes","Multiple","Attachments / Platform","","Code / Runtime / UI",""
"C14-14.3-002","29","29","29","Part IV — Document Composition","14","Attachments","14.3","SP-C14-14.3-f3360358","Required attachments must block submit when missing.","","Required attachments must block submit when missing.","Explicit Must","Product Enforceable Requirement","atomic","","Governance Approved","Product enforceable requirement approved.","DX OSE Governance Review (Gate A.3)","Yes","Multiple","Attachments / Platform","","Code / Runtime / UI",""
"C14-14.4-001","29","29","29","Part IV — Document Composition","14","Attachments","14.4","SP-C14-14.4-7c70b839","Platform shall enforce allowed types, maximum size, and maximum count (values in platform policy, not this Constitution).","","Platform shall enforce allowed types, maximum size, and maximum count (values in platform policy, not this Constitution).","Explicit Shall","Product Enforceable Requirement","atomic","","Governance Approved","Product enforceable requirement approved.","DX OSE Governance Review (Gate A.3)","Yes","Multiple","Attachments / Platform","","Code / Runtime / UI",""
"C14-14.5-001","29","29","29","Part IV — Document Composition","14","Attachments","14.5","SP-C14-14.5-f4b0d0c2","Uploaded files shall comply with platform security validation policy.","","Uploaded files shall comply with platform security validation policy.","Explicit Shall","Product Enforceable Requirement","atomic","","Governance Approved","Product enforceable requirement approved.","DX OSE Governance Review (Gate A.3)","Yes","Multiple","Attachments / Platform","","Code / Runtime / UI",""
"C14-14.6-001","29","29","29","Part IV — Document Composition","14","Attachments","14.6","SP-C14-14.6-64727524","Download subject to same authorization as document view (and finer where required).","","Download subject to same authorization as document view (and finer where required).","Descriptive","Descriptive Context","atomic","","Governance Approved","Descriptive context approved.","DX OSE Governance Review (Gate A.3)","No","N/A","Attachments / Platform","","Documentation",""
"C14-14.7-001","29","29","29","Part IV — Document Composition","14","Attachments","14.7","SP-C14-14.7-1435f030","Attachment lifecycle follows linked entity (document or line).","","Attachment lifecycle follows linked entity (document or line).","Descriptive","Descriptive Context","atomic","","Governance Approved","Descriptive context approved.","DX OSE Governance Review (Gate A.3)","No","N/A","Attachments / Platform","","Documentation",""
"C14-14.8-001","29","29","29","Part IV — Document Composition","14","Attachments","14.8","SP-C14-14.8-compound-2dcc511f","Original filename may display","","Original filename may display","Explicit May","Optional Capability","span_member","§14.8 filename rule — atomic split.","Governance Approved","Optional capability approved.","DX OSE Governance Review (Gate A.3)","Yes","Runtime Behavior","Attachments / Platform","","Runtime",""
"C14-14.8-002","29","29","29","Part IV — Document Composition","14","Attachments","14.8","SP-C14-14.8-compound-2dcc511f","platform defines internal storage identity — filenames must not serve as internal identifiers.","","platform defines internal storage identity — filenames must not serve as internal identifiers.","Explicit Must Not","Product Enforceable Requirement","span_member","§14.8 filename rule — atomic split.","Governance Approved","Product enforceable requirement approved.","DX OSE Governance Review (Gate A.3)","Yes","Multiple","Attachments / Platform","","Code / Runtime / UI",""
"C14-14.9-001","29","29","29","Part IV — Document Composition","14","Attachments","14.9","SP-C14-14.9-dfe715f4","All attachment operations auditable.","","All attachment operations auditable.","Descriptive","Descriptive Context","atomic","","Governance Approved","Descriptive context approved.","DX OSE Governance Review (Gate A.3)","No","N/A","Attachments / Platform","","Documentation",""
"C14-14.10-001","29","29","29","Part IV — Document Composition","14","Attachments","14.10","SP-C14-14.10-74eab835","Preview UX details — UX Constitution.","","Preview UX details — UX Constitution.","Out of Scope","Out of Scope","atomic","","Governance Approved","Governance approved: Out of Scope.","DX OSE Governance Review (Gate A.3)","No","N/A","Attachments / Platform","","N/A",""
"C15-15.1-001","30","30","30","Part IV — Document Composition","15","Notes & Comments","15.1","SP-C15-15.1-a08ea676","Workflow comment, internal note, system note, audit comment.","","Workflow comment, internal note, system note, audit comment.","Descriptive","Descriptive Context","atomic","","Governance Approved","Descriptive context approved.","DX OSE Governance Review (Gate A.3)","No","N/A","Notes & Comments / All Documents","","Documentation",""
"C15-15.2-001","30","30","30","Part IV — Document Composition","15","Notes & Comments","15.2","SP-C15-15.2-11409927","Reject, Send Back, Cancel — reason required where defined.","","Reject, Send Back, Cancel — reason required where defined.","Explicit Shall","Product Enforceable Requirement","atomic","","Governance Approved","Product enforceable requirement approved.","DX OSE Governance Review (Gate A.3)","Yes","Multiple","Notes & Comments / All Documents","","Code / Runtime / UI",""
"C15-15.3-001","30","30","30","Part IV — Document Composition","15","Notes & Comments","15.3","SP-C15-15.3-168817b0","Workflow comments, system notes, and audit comments shall become immutable once recorded.","","Workflow comments, system notes, and audit comments shall become immutable once recorded.","Explicit Shall","Product Enforceable Requirement","atomic","","Governance Approved","Product enforceable requirement approved.","DX OSE Governance Review (Gate A.3)","Yes","Multiple","Notes & Comments / All Documents","","Code / Runtime / UI",""
"C15-15.3-002","30","30","30","Part IV — Document Composition","15","Notes & Comments","15.3","SP-C15-15.3-9721aac2","Internal notes visibility governed by platform authorization model.","","Internal notes visibility governed by platform authorization model.","Descriptive","Descriptive Context","atomic","","Governance Approved","Descriptive context approved.","DX OSE Governance Review (Gate A.3)","No","N/A","Notes & Comments / All Documents","","Documentation",""
"C15-15.4-001","30","30","30","Part IV — Document Composition","15","Notes & Comments","15.4","SP-C15-15.4-semi-4cf9f080","Generated exclusively by the platform","","Generated exclusively by the platform","Descriptive","Descriptive Context","span_member","Semicolon-separated rule — atomic split.","Governance Approved","Descriptive context approved.","DX OSE Governance Review (Gate A.3)","No","N/A","Notes & Comments / All Documents","","Documentation",""
"C15-15.4-002","30","30","30","Part IV — Document Composition","15","Notes & Comments","15.4","SP-C15-15.4-semi-4cf9f080","users must not manually create or modify.","","users must not manually create or modify.","Explicit Must Not","Product Enforceable Requirement","span_member","Semicolon-separated rule — atomic split.","Governance Approved","Product enforceable requirement approved.","DX OSE Governance Review (Gate A.3)","Yes","Multiple","Notes & Comments / All Documents","","Code / Runtime / UI",""
"C15-15.5-001","30","30","30","Part IV — Document Composition","15","Notes & Comments","15.5","SP-C15-15.5-d945dd14","Notes and comments in chronological order within unified timeline (Chapter 22).","","Notes and comments in chronological order within unified timeline (Chapter 22).","Descriptive","Descriptive Context","atomic","","Governance Approved","Descriptive context approved.","DX OSE Governance Review (Gate A.3)","No","N/A","Notes & Comments / All Documents","","Documentation",""
"C15-15.6-001","30","30","30","Part IV — Document Composition","15","Notes & Comments","15.6","SP-C15-15.6-semi-c572b3b3","Per type policy","","Per type policy","Descriptive","Descriptive Context","span_member","Semicolon-separated rule — atomic split.","Governance Approved","Descriptive context approved.","DX OSE Governance Review (Gate A.3)","No","N/A","Notes & Comments / All Documents","","Documentation",""
"C15-15.6-002","30","30","30","Part IV — Document Composition","15","Notes & Comments","15.6","SP-C15-15.6-semi-c572b3b3","workflow comments in timeline","","workflow comments in timeline","Descriptive","Descriptive Context","span_member","Semicolon-separated rule — atomic split.","Governance Approved","Descriptive context approved.","DX OSE Governance Review (Gate A.3)","No","N/A","Notes & Comments / All Documents","","Documentation",""
"C15-15.6-003","30","30","30","Part IV — Document Composition","15","Notes & Comments","15.6","SP-C15-15.6-semi-c572b3b3","print inclusion per module policy.","","print inclusion per module policy.","Descriptive","Descriptive Context","span_member","Semicolon-separated rule — atomic split.","Governance Approved","Descriptive context approved.","DX OSE Governance Review (Gate A.3)","No","N/A","Notes & Comments / All Documents","","Documentation",""
"C16-16.1-001","31","31","31","Part IV — Document Composition","16","Item Images","16.1","SP-C16-16.1-f094580e","Images support operational accuracy (especially count), not decoration.","","Images support operational accuracy (especially count), not decoration.","Descriptive","Descriptive Context","atomic","","Governance Approved","Descriptive context approved.","DX OSE Governance Review (Gate A.3)","No","N/A","Item Master / Shared UX","","Documentation",""
"C16-16.2-001","31","31","31","Part IV — Document Composition","16","Item Images","16.2","SP-C16-16.2-semi-12aab85b","Item images are Item Master data","","Item images are Item Master data","Descriptive","Descriptive Context","span_member","Semicolon-separated rule — atomic split.","Governance Approved","Descriptive context approved.","DX OSE Governance Review (Gate A.3)","No","N/A","Item Master / Shared UX","","Documentation",""
"C16-16.2-002","31","31","31","Part IV — Document Composition","16","Item Images","16.2","SP-C16-16.2-semi-12aab85b","must not be created or modified through transactional documents.","","must not be created or modified through transactional documents.","Descriptive","Product Enforceable Requirement","span_member","Semicolon-separated rule — atomic split.","Governance Corrected","Item images must not be created via transactional documents.","DX OSE Governance Review (Gate A FINAL)","Yes","Multiple","Item Master / Shared UX","","Documentation",""
"C16-16.3-001","31","31","31","Part IV — Document Composition","16","Item Images","16.3","SP-C16-16.3-207f40ef","Single source: Item Master","","Single source: Item Master","Descriptive","Descriptive Context","atomic","","Governance Approved","Descriptive context approved.","DX OSE Governance Review (Gate A.3)","No","N/A","Item Master / Shared UX","","Documentation",""
"C16-16.3-002","31","31","31","Part IV — Document Composition","16","Item Images","16.3","SP-C16-16.3-12600923","Thumbnails in operational screens where valuable","","Thumbnails in operational screens where valuable","Descriptive","UX / Presentation Requirement","atomic","","Governance Corrected","Thumbnails in operational screens.","DX OSE Governance Review (Gate A FINAL)","Yes","UI / UX","Item Master / Shared UX","","Documentation",""
"C16-16.3-003","31","31","31","Part IV — Document Composition","16","Item Images","16.3","SP-C16-16.3-23fd46a7","Standardized placeholder when no image","","Standardized placeholder when no image","Descriptive","UX / Presentation Requirement","atomic","","Governance Corrected","Standardized placeholder presentation.","DX OSE Governance Review (Gate A FINAL)","Yes","UI / UX","Item Master / Shared UX","","Documentation",""
"C16-16.3-004","31","31","31","Part IV — Document Composition","16","Item Images","16.3","SP-C16-16.3-90167887","Bulk upload may be supported","","Bulk upload may be supported","Explicit May","Optional Capability","atomic","","Governance Approved","Optional capability approved.","DX OSE Governance Review (Gate A.3)","Yes","Runtime Behavior","Item Master / Shared UX","","Runtime",""
"C16-16.3-005","31","31","31","Part IV — Document Composition","16","Item Images","16.3","SP-C16-16.3-8a8a8362","Count sheet export/import compatibility when images included","","Count sheet export/import compatibility when images included","Descriptive","Descriptive Context","atomic","","Governance Approved","Descriptive context approved.","DX OSE Governance Review (Gate A.3)","No","N/A","Item Master / Shared UX","","Documentation",""
"C16-16.3-006","31","31","31","Part IV — Document Composition","16","Item Images","16.3","SP-C16-16.3-bullet-c076330b","Thumbnails in grids","","Thumbnails in grids","Descriptive","UX / Presentation Requirement","span_member","Bullet semicolon — atomic split.","Governance Corrected","Grid thumbnail presentation.","DX OSE Governance Review (Gate A FINAL)","Yes","UI / UX","Item Master / Shared UX","","Documentation",""
"C16-16.3-007","31","31","31","Part IV — Document Composition","16","Item Images","16.3","SP-C16-16.3-bullet-c076330b","not full resolution","","not full resolution","Descriptive","UX / Presentation Requirement","span_member","Bullet semicolon — atomic split.","Governance Corrected","Thumbnail resolution presentation rule.","DX OSE Governance Review (Gate A FINAL)","Yes","UI / UX","Item Master / Shared UX","","Documentation",""
"C16-16.3-008","31","31","31","Part IV — Document Composition","16","Item Images","16.3","SP-C16-16.3-cb397b8c","Maximum 1 MB per image","","Maximum 1 MB per image","Descriptive","Product Enforceable Requirement","atomic","","Governance Corrected","1 MB image size limit.","DX OSE Governance Review (Gate A FINAL)","Yes","Multiple","Item Master / Shared UX","","Documentation",""
"C16-16.3-009","31","31","31","Part IV — Document Composition","16","Item Images","16.3","SP-C16-16.3-daf8c75b","Supported formats/dimensions per platform media policy","","Supported formats/dimensions per platform media policy","Descriptive","Product Enforceable Requirement","atomic","","Governance Corrected","Supported image formats/dimensions.","DX OSE Governance Review (Gate A FINAL)","Yes","Multiple","Item Master / Shared UX","","Documentation",""
"C16-16.3-010","31","31","31","Part IV — Document Composition","16","Item Images","16.3","SP-C16-16.3-d18024b8","Unified export behavior when image absent","","Unified export behavior when image absent","Descriptive","Product Enforceable Requirement","atomic","","Governance Corrected","Unified export when image absent.","DX OSE Governance Review (Gate A FINAL)","Yes","Multiple","Item Master / Shared UX","","Documentation",""
"C17-17.1-001","32","32","32","Part V — System Interaction Standards","17","Keyboard Navigation","17.1","SP-C17-17.1-d16d8338","All modules and shared experiences: documents, master data, settings, reports, dialogs.","","All modules and shared experiences: documents, master data, settings, reports, dialogs.","UX Requirement","UX / Presentation Requirement","atomic","","Governance Approved","Auto category confirmed by governance review.","DX OSE Governance Review (Gate A.3)","Yes","N/A","Keyboard Navigation / Shared UX","","UI / UX",""
"C17-17.2-001","32","32","32","Part V — System Interaction Standards","17","Keyboard Navigation","17.2","SP-C17-17.2-b8b3767c","Keyboard-first","","Keyboard-first","UX Requirement","UX / Presentation Requirement","span_member","Semicolon-separated list item.","Governance Approved","§17 keyboard navigation UX requirement.","DX OSE Governance Review (Gate A.3)","Yes","UI / UX","Keyboard Navigation / Shared UX","","UI / UX",""
"C17-17.2-002","32","32","32","Part V — System Interaction Standards","17","Keyboard Navigation","17.2","SP-C17-17.2-b8b3767c","Enter → next field (not submit/post/delete)","","Enter → next field (not submit/post/delete)","UX Requirement","UX / Presentation Requirement","span_member","Semicolon-separated list item.","Governance Approved","§17 keyboard navigation UX requirement.","DX OSE Governance Review (Gate A.3)","Yes","UI / UX","Keyboard Navigation / Shared UX","","UI / UX",""
"C17-17.2-003","32","32","32","Part V — System Interaction Standards","17","Keyboard Navigation","17.2","SP-C17-17.2-b8b3767c","Enter at row end → next row or add row","","Enter at row end → next row or add row","UX Requirement","UX / Presentation Requirement","span_member","Semicolon-separated list item.","Governance Approved","§17 keyboard navigation UX requirement.","DX OSE Governance Review (Gate A.3)","Yes","UI / UX","Keyboard Navigation / Shared UX","","UI / UX",""
"C17-17.2-004","32","32","32","Part V — System Interaction Standards","17","Keyboard Navigation","17.2","SP-C17-17.2-b8b3767c","Shift+Enter → previous","","Shift+Enter → previous","UX Requirement","UX / Presentation Requirement","span_member","Semicolon-separated list item.","Governance Approved","§17 keyboard navigation UX requirement.","DX OSE Governance Review (Gate A.3)","Yes","UI / UX","Keyboard Navigation / Shared UX","","UI / UX",""
"C17-17.2-005","32","32","32","Part V — System Interaction Standards","17","Keyboard Navigation","17.2","SP-C17-17.2-b8b3767c","Enter in textarea → new line","","Enter in textarea → new line","UX Requirement","UX / Presentation Requirement","span_member","Semicolon-separated list item.","Governance Approved","§17 keyboard navigation UX requirement.","DX OSE Governance Review (Gate A.3)","Yes","UI / UX","Keyboard Navigation / Shared UX","","UI / UX",""
"C17-17.2-006","32","32","32","Part V — System Interaction Standards","17","Keyboard Navigation","17.2","SP-C17-17.2-b8b3767c","Esc closes lookup/calendar/small overlay","","Esc closes lookup/calendar/small overlay","UX Requirement","UX / Presentation Requirement","span_member","Semicolon-separated list item.","Governance Approved","§17 keyboard navigation UX requirement.","DX OSE Governance Review (Gate A.3)","Yes","UI / UX","Keyboard Navigation / Shared UX","","UI / UX",""
"C17-17.2-007","32","32","32","Part V — System Interaction Standards","17","Keyboard Navigation","17.2","SP-C17-17.2-fa3db540","Tab standard browser order","","Tab standard browser order","UX Requirement","UX / Presentation Requirement","span_member","Semicolon-separated list item.","Governance Approved","§17 keyboard navigation UX requirement.","DX OSE Governance Review (Gate A.3)","Yes","UI / UX","Keyboard Navigation / Shared UX","","UI / UX",""
"C17-17.3-001","32","32","32","Part V — System Interaction Standards","17","Keyboard Navigation","17.3","SP-C17-17.3-f48bf4f4","Keyboard behavior consistent across all modules","","Keyboard behavior consistent across all modules","UX Requirement","UX / Presentation Requirement","atomic","","Governance Approved","§17 keyboard navigation UX requirement.","DX OSE Governance Review (Gate A.3)","Yes","UI / UX","Keyboard Navigation / Shared UX","","UI / UX",""
"C17-17.3-002","32","32","32","Part V — System Interaction Standards","17","Keyboard Navigation","17.3","SP-C17-17.3-e81f283f","Focus visually distinguishable","","Focus visually distinguishable","UX Requirement","UX / Presentation Requirement","atomic","","Governance Approved","§17 keyboard navigation UX requirement.","DX OSE Governance Review (Gate A.3)","Yes","UI / UX","Keyboard Navigation / Shared UX","","UI / UX",""
"C17-17.3-003","32","32","32","Part V — System Interaction Standards","17","Keyboard Navigation","17.3","SP-C17-17.3-f5e9436e","Skip disabled and hidden controls","","Skip disabled and hidden controls","UX Requirement","UX / Presentation Requirement","atomic","","Governance Approved","§17 keyboard navigation UX requirement.","DX OSE Governance Review (Gate A.3)","Yes","UI / UX","Keyboard Navigation / Shared UX","","UI / UX",""
"C17-17.3-004","32","32","32","Part V — System Interaction Standards","17","Keyboard Navigation","17.3","SP-C17-17.3-593a5150","Dialogs assign initial focus to primary interactive element","","Dialogs assign initial focus to primary interactive element","UX Requirement","UX / Presentation Requirement","atomic","","Governance Approved","§17 keyboard navigation UX requirement.","DX OSE Governance Review (Gate A.3)","Yes","UI / UX","Keyboard Navigation / Shared UX","","UI / UX",""
"C17-17.3-005","32","32","32","Part V — System Interaction Standards","17","Keyboard Navigation","17.3","SP-C17-17.3-c2b31eb2","Global shortcuts centrally governed — modules must not introduce independent global shortcuts","","Global shortcuts centrally governed — modules must not introduce independent global shortcuts","UX Requirement","Product Enforceable Requirement","atomic","","Governance Corrected","§17.3 global shortcut prohibition.","DX OSE Governance Review (Gate A.3)","Yes","Multiple","Keyboard Navigation / Shared UX","","UI / UX",""
"C17-17.4-001","32","32","32","Part V — System Interaction Standards","17","Keyboard Navigation","17.4","SP-C17-17.4-7f5d6b4b","Global shortcut catalog (future amendment).","","Global shortcut catalog (future amendment).","Out of Scope","Out of Scope","atomic","","Governance Approved","Governance approved: Out of Scope.","DX OSE Governance Review (Gate A.3)","No","N/A","Keyboard Navigation / Shared UX","","N/A",""
"C18-18.1-001","33","33","33","Part V — System Interaction Standards","18","Validation","18.1","SP-C18-18.1-06bf1dc3","One error type → one display channel.","","One error type → one display channel.","UX Requirement","UX / Presentation Requirement","atomic","","Governance Approved","§18.1 Golden Rule — error channel mapping.","DX OSE Governance Review (Gate A.3)","Yes","UI / UX","Validation / Shared UX","","UI / UX",""
"C18-18.1-002","33","33","33","Part V — System Interaction Standards","18","Validation","18.1","SP-C18-18.1-6d7a1a65","Field Inline","Field Inline Row On row Document Summary banner Confirmation Dialog — not validation Success Chapter 20 System failure Chapter 19","Field validation maps to Inline display channel.","UX Requirement","UX / Presentation Requirement","span_member","Gate A FINAL — §18.1 validation channel table row (Block 4).","Governance Corrected","Block 4 — §18.1 table mapping (Field validation → Inline).","DX OSE Governance Review (Gate A.3)","Yes","UI / UX","Validation / Shared UX","","UI / UX",""
"C18-18.1-003","33","33","33","Part V — System Interaction Standards","18","Validation","18.1","SP-C18-18.1-155b21fd","Row On row","Field Inline Row On row Document Summary banner Confirmation Dialog — not validation Success Chapter 20 System failure Chapter 19","Row validation maps to On row display channel.","UX Requirement","UX / Presentation Requirement","span_member","Gate A FINAL — §18.1 validation channel table row (Block 4).","Governance Corrected","Block 4 — §18.1 table mapping (Row validation → On row).","DX OSE Governance Review (Gate A.3)","Yes","UI / UX","Validation / Shared UX","","UI / UX",""
"C18-18.1-004","33","33","33","Part V — System Interaction Standards","18","Validation","18.1","SP-C18-18.1-698be482","Document Summary banner","Field Inline Row On row Document Summary banner Confirmation Dialog — not validation Success Chapter 20 System failure Chapter 19","Document validation maps to Summary banner display channel.","UX Requirement","UX / Presentation Requirement","span_member","Gate A FINAL — §18.1 validation channel table row (Block 4).","Governance Corrected","Block 4 — §18.1 table mapping (Document validation → Summary banner).","DX OSE Governance Review (Gate A.3)","Yes","UI / UX","Validation / Shared UX","","UI / UX",""
"C18-18.1-005","33","33","33","Part V — System Interaction Standards","18","Validation","18.1","SP-C18-18.1-25770d5c","Confirmation Dialog — not validation","Field Inline Row On row Document Summary banner Confirmation Dialog — not validation Success Chapter 20 System failure Chapter 19","Confirmation maps to Dialog and is not validation.","UX Requirement","UX / Presentation Requirement","span_member","Gate A FINAL — §18.1 validation channel table row (Block 4).","Governance Corrected","Block 4 — §18.1 table mapping (Confirmation → Dialog and is not validation).","DX OSE Governance Review (Gate A.3)","Yes","UI / UX","Validation / Shared UX","","UI / UX",""
"C18-18.1-006","33","33","33","Part V — System Interaction Standards","18","Validation","18.1","SP-C18-18.1-3d464adf","Success Chapter 20","Field Inline Row On row Document Summary banner Confirmation Dialog — not validation Success Chapter 20 System failure Chapter 19","Success feedback governed by Chapter 20.","UX Requirement","UX / Presentation Requirement","span_member","Gate A FINAL — §18.1 validation channel table row (Block 4).","Governance Corrected","Block 4 — §18.1 table mapping (Success → governed by Chapter 20).","DX OSE Governance Review (Gate A.3)","Yes","UI / UX","Validation / Shared UX","","UI / UX",""
"C18-18.1-007","33","33","33","Part V — System Interaction Standards","18","Validation","18.1","SP-C18-18.1-1999cfad","System failure Chapter 19","Field Inline Row On row Document Summary banner Confirmation Dialog — not validation Success Chapter 20 System failure Chapter 19","System failure governed by Chapter 19.","UX Requirement","UX / Presentation Requirement","span_member","Gate A FINAL — §18.1 validation channel table row (Block 4).","Governance Corrected","Block 4 — §18.1 table mapping (System failure → governed by Chapter 19).","DX OSE Governance Review (Gate A.3)","Yes","UI / UX","Validation / Shared UX","","UI / UX",""
"C18-18.2-001","33","33","33","Part V — System Interaction Standards","18","Validation","18.2","SP-C18-18.2-rules-aecc3191","Errors disappear when fixed","","Errors disappear when fixed","UX Requirement","UX / Presentation Requirement","span_member","§18.2 validation rule — semicolon split.","Governance Approved","§18.2 validation UX rule.","DX OSE Governance Review (Gate A.3)","Yes","UI / UX","Validation / Shared UX","","UI / UX",""
"C18-18.2-002","33","33","33","Part V — System Interaction Standards","18","Validation","18.2","SP-C18-18.2-rules-aecc3191","submit → focus first error","","submit → focus first error","UX Requirement","Product Enforceable Requirement","span_member","§18.2 validation rule — semicolon split.","Governance Corrected","§18.2 validation rule — product/UI/runtime.","DX OSE Governance Review (Gate A.3)","Yes","Multiple","Validation / Shared UX","","UI / UX",""
"C18-18.2-003","33","33","33","Part V — System Interaction Standards","18","Validation","18.2","SP-C18-18.2-003-33fc3a46","Many errors: banner shows count","","Many errors: banner shows count","UX Requirement","UX / Presentation Requirement","span_member","Gate A FINAL — §18.2 semicolon atomic split.","Governance Corrected","Ask review — §18.2 validation rule split.","DX OSE Governance Review (Gate A.3)","Yes","UI / UX","Validation / Shared UX","","UI / UX",""
"C18-18.2-003b","33","33","33","Part V — System Interaction Standards","18","Validation","18.2","SP-C18-18.2-003-91e6a900","details at fields/rows","","details at fields/rows","UX Requirement","UX / Presentation Requirement","span_member","Gate A FINAL — §18.2 semicolon atomic split.","Governance Corrected","Ask review — §18.2 validation rule split.","DX OSE Governance Review (Gate A.3)","Yes","UI / UX","Validation / Shared UX","","UI / UX",""
"C18-18.2-004","33","33","33","Part V — System Interaction Standards","18","Validation","18.2","SP-C18-18.2-rules-aecc3191","All messages support localization","","All messages support localization","UX Requirement","Product Enforceable Requirement","span_member","§18.2 validation rule bullet.","Governance Corrected","§18.2 validation rule — product/UI/runtime.","DX OSE Governance Review (Gate A.3)","Yes","Multiple","Validation / Shared UX","","UI / UX",""
"C18-18.2-005","33","33","33","Part V — System Interaction Standards","18","Validation","18.2","SP-C18-18.2-005-202cbe5f","Backend returns codes","","Backend returns codes","UX Requirement","Product Enforceable Requirement","span_member","Gate A FINAL — §18.2 semicolon atomic split.","Governance Corrected","Ask review — §18.2 validation rule split.","DX OSE Governance Review (Gate A.3)","Yes","Multiple","Validation / Shared UX","","UI / UX",""
"C18-18.2-005b","33","33","33","Part V — System Interaction Standards","18","Validation","18.2","SP-C18-18.2-005-310eedd0","platform presents translated text","","platform presents translated text","UX Requirement","Product Enforceable Requirement","span_member","Gate A FINAL — §18.2 semicolon atomic split.","Governance Corrected","Ask review — §18.2 validation rule split.","DX OSE Governance Review (Gate A.3)","Yes","Multiple","Validation / Shared UX","","UI / UX",""
"C18-18.2-006","33","33","33","Part V — System Interaction Standards","18","Validation","18.2","SP-C18-18.2-rules-aecc3191","Deterministic — same input + conditions → same result","","Deterministic — same input + conditions → same result","UX Requirement","Product Enforceable Requirement","span_member","§18.2 validation rule bullet.","Governance Corrected","§18.2 validation rule — product/runtime.","DX OSE Governance Review (Gate A.3)","Yes","Multiple","Validation / Shared UX","","UI / UX",""
"C18-18.2-007","33","33","33","Part V — System Interaction Standards","18","Validation","18.2","SP-C18-18.2-rules-aecc3191","Validation at data entry, workflow actions, posting per business rules","","Validation at data entry, workflow actions, posting per business rules","UX Requirement","Product Enforceable Requirement","span_member","§18.2 validation rule bullet.","Governance Corrected","§18.2 validation rule — product/UI/runtime.","DX OSE Governance Review (Gate A.3)","Yes","Multiple","Validation / Shared UX","","UI / UX",""
"C18-18.2-008","33","33","33","Part V — System Interaction Standards","18","Validation","18.2","SP-C18-18.2-008-7d4280d1","Client-side assists","","Client-side assists","UX Requirement","Product Enforceable Requirement","span_member","Gate A FINAL — §18.2 semicolon atomic split.","Governance Corrected","Ask review — §18.2 validation rule split.","DX OSE Governance Review (Gate A.3)","Yes","Multiple","Validation / Shared UX","","UI / UX",""
"C18-18.2-008b","33","33","33","Part V — System Interaction Standards","18","Validation","18.2","SP-C18-18.2-008-1f71ec8a","server-side authoritative","","server-side authoritative","UX Requirement","Product Enforceable Requirement","span_member","Gate A FINAL — §18.2 semicolon atomic split.","Governance Corrected","Ask review — §18.2 validation rule split.","DX OSE Governance Review (Gate A.3)","Yes","Multiple","Validation / Shared UX","","UI / UX",""
"C18-18.2-009","33","33","33","Part V — System Interaction Standards","18","Validation","18.2","SP-C18-18.2-rules-aecc3191","Messages in logical order (header → lines → document)","","Messages in logical order (header → lines → document)","UX Requirement","Product Enforceable Requirement","span_member","§18.2 validation rule bullet.","Governance Corrected","§18.2 validation rule — product/UI/runtime.","DX OSE Governance Review (Gate A.3)","Yes","Multiple","Validation / Shared UX","","UI / UX",""
"C18-18.2-010","33","33","33","Part V — System Interaction Standards","18","Validation","18.2","SP-C18-18.2-010-f6ad53d9","Warnings informational unless governed","","Warnings informational unless governed","UX Requirement","Product Enforceable Requirement","span_member","Gate A FINAL — §18.2 semicolon atomic split.","Governance Corrected","Ask review — §18.2 validation rule split.","DX OSE Governance Review (Gate A.3)","Yes","Multiple","Validation / Shared UX","","UI / UX",""
"C18-18.2-010b","33","33","33","Part V — System Interaction Standards","18","Validation","18.2","SP-C18-18.2-010-e4426ee3","validation errors block operation","","validation errors block operation","UX Requirement","Product Enforceable Requirement","span_member","Gate A FINAL — §18.2 semicolon atomic split.","Governance Corrected","Ask review — §18.2 validation rule split.","DX OSE Governance Review (Gate A.3)","Yes","Multiple","Validation / Shared UX","","UI / UX",""
"C18-18.2-011","33","33","33","Part V — System Interaction Standards","18","Validation","18.2","SP-C18-18.2-rules-aecc3191","Must not duplicate same error across channels","","Must not duplicate same error across channels","Explicit Shall","Product Enforceable Requirement","span_member","§18.2 validation rule bullet.","Governance Approved","§18.2 no duplicated error channels.","DX OSE Governance Review (Gate A.3)","Yes","Multiple","Validation / Shared UX","","Code / Runtime / UI",""
"C18-18.3-001","33","33","33","Part V — System Interaction Standards","18","Validation","18.3","SP-C18-18.3-403f1225","Individual message wording catalog.","","Individual message wording catalog.","Out of Scope","Out of Scope","atomic","","Governance Approved","Governance approved: Out of Scope.","DX OSE Governance Review (Gate A.3)","No","N/A","Validation / Shared UX","","N/A",""
"C19-19.1-001","34","34","34","Part V — System Interaction Standards","19","Error Handling","19.1","SP-C19-19.1-92f30283","Information, warning, validation error, blocking business error, system error.","","Information, warning, validation error, blocking business error, system error.","Descriptive","Descriptive Context","atomic","","Governance Approved","Descriptive context approved.","DX OSE Governance Review (Gate A.3)","No","N/A","Error Handling / Shared UX","","Documentation",""
"C19-19.2-001","34","34","34","Part V — System Interaction Standards","19","Error Handling","19.2","SP-C19-19.2-semi-349b106b","Matches severity","","Matches severity","Descriptive","Descriptive Context","span_member","Semicolon-separated rule — atomic split.","Governance Approved","Descriptive context approved.","DX OSE Governance Review (Gate A.3)","No","N/A","Error Handling / Shared UX","","Documentation",""
"C19-19.2-002","34","34","34","Part V — System Interaction Standards","19","Error Handling","19.2","SP-C19-19.2-semi-349b106b","no duplicate channels.","","no duplicate channels.","Descriptive","Product Enforceable Requirement","span_member","Semicolon-separated rule — atomic split.","Governance Corrected","No duplicate error channels.","DX OSE Governance Review (Gate A FINAL)","Yes","Multiple","Error Handling / Shared UX","","Documentation",""
"C19-19.3-001","34","34","34","Part V — System Interaction Standards","19","Error Handling","19.3","SP-C19-19.3-e011f105","Clear, actionable, free of technical implementation details.","","Clear, actionable, free of technical implementation details.","Descriptive","Descriptive Context","atomic","","Governance Approved","Descriptive context approved.","DX OSE Governance Review (Gate A.3)","No","N/A","Error Handling / Shared UX","","Documentation",""
"C19-19.3-002","34","34","34","Part V — System Interaction Standards","19","Error Handling","19.3","SP-C19-19.3-466a3d24","Sensitive information (stack traces, SQL, internal IDs) must never be exposed to end users.","","Sensitive information (stack traces, SQL, internal IDs) must never be exposed to end users.","Explicit Must","Product Enforceable Requirement","atomic","","Governance Approved","Product enforceable requirement approved.","DX OSE Governance Review (Gate A.3)","Yes","Multiple","Error Handling / Shared UX","","Code / Runtime / UI",""
"C19-19.4-001","34","34","34","Part V — System Interaction Standards","19","Error Handling","19.4","SP-C19-19.4-semi-c601b989","Suggest next action","","Suggest next action","Descriptive","Descriptive Context","span_member","Semicolon-separated rule — atomic split.","Governance Approved","Descriptive context approved.","DX OSE Governance Review (Gate A.3)","No","N/A","Error Handling / Shared UX","","Documentation",""
"C19-19.4-002","34","34","34","Part V — System Interaction Standards","19","Error Handling","19.4","SP-C19-19.4-semi-c601b989","retry only when safe and meaningful.","","retry only when safe and meaningful.","Governance Definition","Governance Definition","span_member","Semicolon-separated rule — atomic split.","Governance Approved","Governance definition approved.","DX OSE Governance Review (Gate A.3)","No","Governance Documentation","Error Handling / Shared UX","","Documentation",""
"C19-19.5-001","34","34","34","Part V — System Interaction Standards","19","Error Handling","19.5","SP-C19-19.5-70e38593","Equivalent conditions → consistent codes and experience.","","Equivalent conditions → consistent codes and experience.","Descriptive","Descriptive Context","atomic","","Governance Approved","Descriptive context approved.","DX OSE Governance Review (Gate A.3)","No","N/A","Error Handling / Shared UX","","Documentation",""
"C19-19.5-002","34","34","34","Part V — System Interaction Standards","19","Error Handling","19.5","SP-C19-19.5-0c0752d3","Structured error codes and families are defined in the Architecture & Implementation Guide, not in this Constitution.","","Structured error codes and families are defined in the Architecture & Implementation Guide, not in this Constitution.","Descriptive","Descriptive Context","atomic","","Governance Approved","Descriptive context approved.","DX OSE Governance Review (Gate A.3)","No","N/A","Error Handling / Shared UX","","Documentation",""
"C19-19.6-001","34","34","34","Part V — System Interaction Standards","19","Error Handling","19.6","SP-C19-19.6-09469049","System errors logged per platform operational logging policy.","","System errors logged per platform operational logging policy.","Descriptive","Descriptive Context","atomic","","Governance Approved","Descriptive context approved.","DX OSE Governance Review (Gate A.3)","No","N/A","Error Handling / Shared UX","","Documentation",""
"C19-19.7-001","34","34","34","Part V — System Interaction Standards","19","Error Handling","19.7","SP-C19-19.7-66dfba24","First error focusable and announced to assistive technology.","","First error focusable and announced to assistive technology.","Descriptive","UX / Presentation Requirement","atomic","","Governance Corrected","Error focus and assistive technology.","DX OSE Governance Review (Gate A FINAL)","Yes","UI / UX","Error Handling / Shared UX","","Documentation",""
"C20-20.1-001","35","35","35","Part V — System Interaction Standards","20","Notifications","20.1","SP-C20-20.1-38573ffa","Success, information, warning, error, progress, reminder.","","Success, information, warning, error, progress, reminder.","Descriptive","Descriptive Context","atomic","","Governance Approved","Descriptive context approved.","DX OSE Governance Review (Gate A.3)","No","N/A","Notifications / Shared UX","","Documentation",""
"C20-20.2-001","35","35","35","Part V — System Interaction Standards","20","Notifications","20.2","SP-C20-20.2-ade62df1","Unified dictionary","","Unified dictionary","Descriptive","Descriptive Context","span_member","Semicolon-separated list item.","Governance Approved","Descriptive context approved.","DX OSE Governance Review (Gate A.3)","No","N/A","Notifications / Shared UX","","Documentation",""
"C20-20.3-001","35","35","35","Part V — System Interaction Standards","20","Notifications","20.3","SP-C20-20.3-2f31e667","Critical > Error > Warning > Success > Info.","","Critical > Error > Warning > Success > Info.","Descriptive","Descriptive Context","atomic","","Governance Approved","Descriptive context approved.","DX OSE Governance Review (Gate A.3)","No","N/A","Notifications / Shared UX","","Documentation",""
"C20-20.4-001","35","35","35","Part V — System Interaction Standards","20","Notifications","20.4","SP-C20-20.4-semi-1a97166e","Transient notifications expire","","Transient notifications expire","Descriptive","Descriptive Context","span_member","Semicolon-separated rule — atomic split.","Governance Approved","Descriptive context approved.","DX OSE Governance Review (Gate A.3)","No","N/A","Notifications / Shared UX","","Documentation",""
"C20-20.4-002","35","35","35","Part V — System Interaction Standards","20","Notifications","20.4","SP-C20-20.4-semi-1a97166e","critical items persist until user interaction where appropriate.","","critical items persist until user interaction where appropriate.","Descriptive","Descriptive Context","span_member","Semicolon-separated rule — atomic split.","Governance Approved","Descriptive context approved.","DX OSE Governance Review (Gate A.3)","No","N/A","Notifications / Shared UX","","Documentation",""
"C20-20.5-001","35","35","35","Part V — System Interaction Standards","20","Notifications","20.5","SP-C20-20.5-90683585","Must not notify user to open document they cannot access.","","Must not notify user to open document they cannot access.","Descriptive","Product Enforceable Requirement","atomic","","Governance Corrected","Must not notify for inaccessible documents.","DX OSE Governance Review (Gate A FINAL)","Yes","Runtime Behavior","Notifications / Shared UX","","Documentation",""
"C20-20.6-001","35","35","35","Part V — System Interaction Standards","20","Notifications","20.6","SP-C20-20.6-d4f855f3","Notifications ≠ Validation ≠ Error Handling.","","Notifications ≠ Validation ≠ Error Handling.","Descriptive","Descriptive Context","atomic","","Governance Approved","Descriptive context approved.","DX OSE Governance Review (Gate A.3)","No","N/A","Notifications / Shared UX","","Documentation",""
"C21-21.1-001","36","36","36","Part V — System Interaction Standards","21","Loading & Progress","21.1","SP-C21-21.1-099ab68f","Loading scope matches operation","","Loading scope matches operation","Governance Definition","Governance Definition","span_member","Semicolon-separated list item.","Governance Approved","Governance definition approved.","DX OSE Governance Review (Gate A.3)","No","Governance Documentation","Loading & Progress / Shared UX","","Documentation",""
"C21-21.2-001","36","36","36","Part V — System Interaction Standards","21","Loading & Progress","21.2","SP-C21-21.2-5006e985","Skeleton (content), inline (buttons, lookups), progress (upload/import/export/print).","","Skeleton (content), inline (buttons, lookups), progress (upload/import/export/print).","Descriptive","Descriptive Context","atomic","","Governance Approved","Descriptive context approved.","DX OSE Governance Review (Gate A.3)","No","N/A","Loading & Progress / Shared UX","","Documentation",""
"C21-21.2-002","36","36","36","Part V — System Interaction Standards","21","Loading & Progress","21.2","SP-C21-21.2-c2d28d1e","Must not block entire application for partial operations (aligned with UX Constitution).","","Must not block entire application for partial operations (aligned with UX Constitution).","Descriptive","Product Enforceable Requirement","atomic","","Governance Corrected","Must not block entire application.","DX OSE Governance Review (Gate A FINAL)","Yes","UI / UX","Loading & Progress / Shared UX","","Documentation",""
"C21-21.3-001","36","36","36","Part V — System Interaction Standards","21","Loading & Progress","21.3","SP-C21-21.3-2623d509","If loading exceeds reasonable duration, user shall be informed operation continues.","","If loading exceeds reasonable duration, user shall be informed operation continues.","Explicit Shall","Product Enforceable Requirement","atomic","","Governance Approved","Product enforceable requirement approved.","DX OSE Governance Review (Gate A.3)","Yes","Multiple","Loading & Progress / Shared UX","","Code / Runtime / UI",""
"C21-21.4-001","36","36","36","Part V — System Interaction Standards","21","Loading & Progress","21.4","SP-C21-21.4-semi-57f38045","Long operations should support cancel where safe","","Long operations should support cancel where safe","Explicit Should","Strong Recommendation","span_member","Semicolon-separated rule — atomic split.","Governance Approved","Strong recommendation approved.","DX OSE Governance Review (Gate A.3)","Yes","UI / UX","Loading & Progress / Shared UX","","UI / Runtime",""
"C21-21.4-002","36","36","36","Part V — System Interaction Standards","21","Loading & Progress","21.4","SP-C21-21.4-semi-57f38045","pages should render progressively.","","pages should render progressively.","Explicit Should","Strong Recommendation","span_member","Semicolon-separated rule — atomic split.","Governance Approved","Strong recommendation approved.","DX OSE Governance Review (Gate A.3)","Yes","UI / UX","Loading & Progress / Shared UX","","UI / Runtime",""
"C21-21.5-001","36","36","36","Part V — System Interaction Standards","21","Loading & Progress","21.5","SP-C21-21.5-ebe0742c","Exact timeout values — Architecture Guide.","","Exact timeout values — Architecture Guide.","Out of Scope","Out of Scope","atomic","","Governance Approved","Governance approved: Out of Scope.","DX OSE Governance Review (Gate A.3)","No","N/A","Loading & Progress / Shared UX","","N/A",""
"C22-22.1-001","37","37","37","Part V — System Interaction Standards","22","Audit & Timeline","22.1","SP-C22-22.1-2f952d0d","Created, last modified, submitted, approved, rejected, posted — actor and timestamp where applicable.","","The platform shall maintain actor and timestamp, where applicable, for created, last modified, submitted, approved, rejected, and posted events.","Explicit Shall","Product Enforceable Requirement","atomic","Gate A FINAL — §22.1 audit field list within single obligation (Block 3).","Governance Corrected","Block 3 — §22.1 unified audit timestamp obligation.","DX OSE Governance Review (Gate A.3)","Yes","Multiple","Audit & Timeline / Platform","","Code / Runtime / DB",""
"C22-22.2-001","37","37","37","Part V — System Interaction Standards","22","Audit & Timeline","22.2","SP-C22-22.2-a38292bf","Every workflow action and significant attachment/line change must generate audit record.","","Every workflow action and significant attachment/line change must generate audit record.","Explicit Shall","Product Enforceable Requirement","atomic","","Governance Approved","§22.2 audit record generation.","DX OSE Governance Review (Gate A.3)","Yes","Multiple","Audit & Timeline / Platform","","Code / Runtime / DB",""
"C22-22.3-001","37","37","37","Part V — System Interaction Standards","22","Audit & Timeline","22.3","SP-C22-22.3-compound-80444781","Single chronological timeline","","Single chronological timeline","Product Requirement","Product Enforceable Requirement","span_member","§22.3 semicolon-separated timeline rule.","Governance Approved","§22.3 timeline/audit immutability rule.","DX OSE Governance Review (Gate A.3)","Yes","Database Integrity","Audit & Timeline / Platform","","Code / Runtime / DB",""
"C22-22.3-002","37","37","37","Part V — System Interaction Standards","22","Audit & Timeline","22.3","SP-C22-22.3-compound-80444781","immutable audit records","","immutable audit records","Product Requirement","Product Enforceable Requirement","span_member","§22.3 semicolon-separated timeline rule.","Governance Approved","§22.3 timeline/audit immutability rule.","DX OSE Governance Review (Gate A.3)","Yes","Database Integrity","Audit & Timeline / Platform","","Code / Runtime / DB",""
"C22-22.3-003","37","37","37","Part V — System Interaction Standards","22","Audit & Timeline","22.3","SP-C22-22.3-compound-80444781","UTC internally, display per user time zone.","","UTC internally, display per user time zone.","Product Requirement","Product Enforceable Requirement","span_member","§22.3 semicolon-separated timeline rule.","Governance Approved","§22.3 timeline/audit immutability rule.","DX OSE Governance Review (Gate A.3)","Yes","Database Integrity","Audit & Timeline / Platform","","Code / Runtime / DB",""
"C22-22.3-004","37","37","37","Part V — System Interaction Standards","22","Audit & Timeline","22.3","SP-C22-22.3-bb190860","Timeline filtering permitted without altering records.","","Timeline filtering permitted without altering records.","Product Requirement","Product Enforceable Requirement","atomic","","Governance Approved","§22.3 timeline filtering without mutation.","DX OSE Governance Review (Gate A.3)","Yes","Runtime Behavior","Audit & Timeline / Platform","","Code / Runtime / DB",""
"C22-22.3-005","37","37","37","Part V — System Interaction Standards","22","Audit & Timeline","22.3","SP-C22-22.3-44e66d36","Concurrency conflicts recorded when appropriate (Chapter 8.10).","","Concurrency conflicts recorded when appropriate (Chapter 8.10).","Product Requirement","Product Enforceable Requirement","atomic","","Governance Approved","§22.3 concurrency conflict audit.","DX OSE Governance Review (Gate A.3)","Yes","Multiple","Audit & Timeline / Platform","","Code / Runtime / DB",""
"C22-22.4-001","37","37","37","Part V — System Interaction Standards","22","Audit & Timeline","22.4","SP-C22-22.4-36cd8dac","Official print should include approval/audit summary where appropriate.","","Official print should include approval/audit summary where appropriate.","Explicit Shall","Product Enforceable Requirement","atomic","","Governance Approved","§22 audit requirement.","DX OSE Governance Review (Gate A.3)","Yes","Multiple","Audit & Timeline / Platform","","Code / Runtime / DB",""
"C23-23.1-001","38","38","38","Part VI — Lookup & Search","23","Lookup Standard","23.1","SP-C23-23.1-93e81d04","One lookup behavior for items, parties, locations, and references.","","One lookup behavior for items, parties, locations, and references.","UX Requirement","UX / Presentation Requirement","atomic","","Governance Approved","§23 lookup governance rule.","DX OSE Governance Review (Gate A.3)","Yes","UI / UX","Lookup Standard / Shared UX","","UI / Runtime",""
"C23-23.2-001","38","38","38","Part VI — Lookup & Search","23","Lookup Standard","23.2","SP-C23-23.2-semi-bbdc75ef","Receiving, stock-based, catalog, issue — same UX","","Receiving, stock-based, catalog, issue — same UX","UX Requirement","UX / Presentation Requirement","span_member","Semicolon-separated rule — atomic split.","Governance Approved","§23 lookup standard.","DX OSE Governance Review (Gate A.3)","Yes","UI / UX","Lookup Standard / Shared UX","","UI / Runtime",""
"C23-23.3-001","38","38","38","Part VI — Lookup & Search","23","Lookup Standard","23.3","SP-C23-23.3-compound-b5bccd7b","Code, name, barcode","","Code, name, barcode","UX Requirement","UX / Presentation Requirement","span_member","§23.3 search field dimensions.","Governance Approved","§23 lookup governance rule.","DX OSE Governance Review (Gate A.3)","Yes","UI / UX","Lookup Standard / Shared UX","","UI / Runtime",""
"C23-23.3-002","38","38","38","Part VI — Lookup & Search","23","Lookup Standard","23.3","SP-C23-23.3-compound-b5bccd7b","ranking: exact code → exact barcode → prefix → contains","","ranking: exact code → exact barcode → prefix → contains","UX Requirement","UX / Presentation Requirement","span_member","§23.3 search ranking order.","Governance Approved","§23 lookup governance rule.","DX OSE Governance Review (Gate A.3)","Yes","UI / UX","Lookup Standard / Shared UX","","UI / Runtime",""
"C23-23.3-003","38","38","38","Part VI — Lookup & Search","23","Lookup Standard","23.3","SP-C23-23.3-compound-b5bccd7b","debounce before search","","debounce before search","UX Requirement","UX / Presentation Requirement","span_member","§23.3 lookup behavior rule.","Governance Approved","§23 lookup governance rule.","DX OSE Governance Review (Gate A.3)","Yes","UI / UX","Lookup Standard / Shared UX","","UI / Runtime",""
"C23-23.3-004","38","38","38","Part VI — Lookup & Search","23","Lookup Standard","23.3","SP-C23-23.3-compound-b5bccd7b","normalization (case/space insensitive).","","normalization (case/space insensitive).","UX Requirement","UX / Presentation Requirement","span_member","§23.3 lookup behavior rule.","Governance Approved","§23 lookup governance rule.","DX OSE Governance Review (Gate A.3)","Yes","UI / UX","Lookup Standard / Shared UX","","UI / Runtime",""
"C23-23.4-001","38","38","38","Part VI — Lookup & Search","23","Lookup Standard","23.4","SP-C23-23.4-compound-bc7780dc","Keyboard ↑↓ Enter Esc Tab","","Keyboard ↑↓ Enter Esc Tab","UX Requirement","UX / Presentation Requirement","span_member","§23.4 keyboard interaction rule.","Governance Approved","§23 lookup governance rule.","DX OSE Governance Review (Gate A.3)","Yes","UI / UX","Lookup Standard / Shared UX","","UI / Runtime",""
"C23-23.4-002","38","38","38","Part VI — Lookup & Search","23","Lookup Standard","23.4","SP-C23-23.4-compound-bc7780dc","close on select, outside click, field exit","","close on select, outside click, field exit","UX Requirement","UX / Presentation Requirement","span_member","§23.4 lookup close behavior.","Governance Approved","§23 lookup governance rule.","DX OSE Governance Review (Gate A.3)","Yes","UI / UX","Lookup Standard / Shared UX","","UI / Runtime",""
"C23-23.4-003","38","38","38","Part VI — Lookup & Search","23","Lookup Standard","23.4","SP-C23-23.4-compound-bc7780dc","one lookup open","","one lookup open","UX Requirement","UX / Presentation Requirement","span_member","§23.4 one lookup open rule.","Governance Approved","§23 lookup governance rule.","DX OSE Governance Review (Gate A.3)","Yes","UI / UX","Lookup Standard / Shared UX","","UI / Runtime",""
"C23-23.4-004","38","38","38","Part VI — Lookup & Search","23","Lookup Standard","23.4","SP-C23-23.4-compound-bc7780dc","focus to quantity after item pick in line entry.","","focus to quantity after item pick in line entry.","UX Requirement","UX / Presentation Requirement","span_member","§23.4 item-pick focus rule.","Governance Approved","§23 lookup governance rule.","DX OSE Governance Review (Gate A.3)","Yes","UI / UX","Lookup Standard / Shared UX","","UI / Runtime",""
"C23-23.5-001","38","38","38","Part VI — Lookup & Search","23","Lookup Standard","23.5","SP-C23-23.5-semi-904b0ba7","Loading, no results, error+retry — unified messaging","","Loading, no results, error+retry — unified messaging","UX Requirement","UX / Presentation Requirement","span_member","Semicolon-separated rule — atomic split.","Governance Approved","§23 lookup standard.","DX OSE Governance Review (Gate A.3)","Yes","UI / UX","Lookup Standard / Shared UX","","UI / Runtime",""
"C23-23.6-001","38","38","38","Part VI — Lookup & Search","23","Lookup Standard","23.6","SP-C23-23.6-83bfe399","Permission filtering — only authorized data","","Permission filtering — only authorized data","UX Requirement","UX / Presentation Requirement","atomic","","Governance Approved","§23 lookup governance rule.","DX OSE Governance Review (Gate A.3)","Yes","UI / UX","Lookup Standard / Shared UX","","UI / Runtime",""
"C23-23.6-002","38","38","38","Part VI — Lookup & Search","23","Lookup Standard","23.6","SP-C23-23.6-511f3f46","Tenant isolation — no cross-tenant data","","Tenant isolation — no cross-tenant data","UX Requirement","Product Enforceable Requirement","atomic","","Governance Corrected","Tenant isolation.","DX OSE Governance Review (Gate A FINAL)","Yes","Database Integrity","Lookup Standard / Shared UX","","UI / Runtime",""
"C23-23.6-003","38","38","38","Part VI — Lookup & Search","23","Lookup Standard","23.6","SP-C23-23.6-39c609a9","Large results — paging or infinite scroll per platform policy","","Large results — paging or infinite scroll per platform policy","UX Requirement","UX / Presentation Requirement","atomic","","Governance Approved","§23 lookup governance rule.","DX OSE Governance Review (Gate A.3)","Yes","UI / UX","Lookup Standard / Shared UX","","UI / Runtime",""
"C23-23.6-004","38","38","38","Part VI — Lookup & Search","23","Lookup Standard","23.6","SP-C23-23.6-bullet-2c0e91e5","Large catalogs — server-side search","","Large catalogs — server-side search","UX Requirement","UX / Presentation Requirement","span_member","Bullet semicolon — atomic split.","Governance Approved","§23 lookup governance rule.","DX OSE Governance Review (Gate A.3)","Yes","UI / UX","Lookup Standard / Shared UX","","UI / Runtime",""
"C23-23.7-001","38","38","38","Part VI — Lookup & Search","23","Lookup Standard","23.7","SP-C23-23.7-3c6b0e67","Recent items, favorites.","","Recent items, favorites.","Out of Scope","Out of Scope","atomic","","Governance Approved","Governance approved: Out of Scope.","DX OSE Governance Review (Gate A.3)","No","N/A","Lookup Standard / Shared UX","","N/A",""
"C24-24.1-001","39","39","39","Part VII — Presentation Standards","24","Workspace & Responsive","24.1","SP-C24-24.1-2a1bf354","Desktop only for v2.0 operational data entry.","","Desktop only for v2.0 operational data entry.","UX Requirement","UX / Presentation Requirement","atomic","","Governance Approved","§24 workspace/responsive UX rule.","DX OSE Governance Review (Gate A.3)","Yes","UI / UX","Workspace & Responsive / Shared UX","","UI / QA",""
"C24-24.1-002","39","39","39","Part VII — Presentation Standards","24","Workspace & Responsive","24.1","SP-C24-24.1-6640f9a4","Mobile/tablet entry out of scope unless future amendment.","","Mobile/tablet entry out of scope unless future amendment.","UX Requirement","Out of Scope","atomic","","Governance Corrected","Mobile/tablet entry out of scope v2.0.","DX OSE Governance Review (Gate A FINAL)","No","N/A","Workspace & Responsive / Shared UX","","UI / QA",""
"C24-24.2-001","39","39","39","Part VII — Presentation Standards","24","Workspace & Responsive","24.2","SP-C24-24.2-compound-96a45d40","Minimum 1366×768","","Minimum 1366×768","UX Requirement","UX / Presentation Requirement","span_member","§24.2 resolution specification — atomic split.","Governance Approved","§24 workspace/responsive UX rule.","DX OSE Governance Review (Gate A.3)","Yes","UI / UX","Workspace & Responsive / Shared UX","","UI / QA",""
"C24-24.2-002","39","39","39","Part VII — Presentation Standards","24","Workspace & Responsive","24.2","SP-C24-24.2-compound-96a45d40","reference design 1920×1080 @ 100%","","reference design 1920×1080 @ 100%","UX Requirement","UX / Presentation Requirement","span_member","§24.2 resolution specification — atomic split.","Governance Approved","§24 workspace/responsive UX rule.","DX OSE Governance Review (Gate A.3)","Yes","UI / UX","Workspace & Responsive / Shared UX","","UI / QA",""
"C24-24.2-003","39","39","39","Part VII — Presentation Standards","24","Workspace & Responsive","24.2","SP-C24-24.2-compound-96a45d40","supported 1440, 1600, 1920.","","supported 1440, 1600, 1920.","UX Requirement","UX / Presentation Requirement","span_member","§24.2 resolution specification — atomic split.","Governance Approved","§24 workspace/responsive UX rule.","DX OSE Governance Review (Gate A.3)","Yes","UI / UX","Workspace & Responsive / Shared UX","","UI / QA",""
"C24-24.3-001","39","39","39","Part VII — Presentation Standards","24","Workspace & Responsive","24.3","SP-C24-24.3-bad16d5a","80%–125%: required for release acceptance.","","80%–125%: required for release acceptance.","UX Requirement","QA / Release Requirement","atomic","","Governance Corrected","§24 QA/responsive test requirement.","DX OSE Governance Review (Gate A.3)","Yes","QA / Release Gate","Workspace & Responsive / Shared UX","","UI / QA",""
"C24-24.3-002","39","39","39","Part VII — Presentation Standards","24","Workspace & Responsive","24.3","SP-C24-24.3-f858e130","150%: best effort — not release gate.","","150%: best effort — not release gate.","UX Requirement","Descriptive Context","atomic","","Governance Corrected","150% best effort — not release gate.","DX OSE Governance Review (Gate A FINAL)","No","N/A","Workspace & Responsive / Shared UX","","UI / QA",""
"C24-24.4-001","39","39","39","Part VII — Presentation Standards","24","Workspace & Responsive","24.4","SP-C24-24.4-compound-884168dd","No horizontal page scroll except inside grids","","No horizontal page scroll except inside grids","UX Requirement","UX / Presentation Requirement","span_member","§24.4 workspace rule — atomic split.","Governance Approved","§24 workspace/responsive UX rule.","DX OSE Governance Review (Gate A.3)","Yes","UI / UX","Workspace & Responsive / Shared UX","","UI / QA",""
"C24-24.4-002","39","39","39","Part VII — Presentation Standards","24","Workspace & Responsive","24.4","SP-C24-24.4-compound-884168dd","no clipped titles/overlapping buttons","","no clipped titles/overlapping buttons","UX Requirement","UX / Presentation Requirement","span_member","§24.4 workspace rule — atomic split.","Governance Approved","§24 workspace/responsive UX rule.","DX OSE Governance Review (Gate A.3)","Yes","UI / UX","Workspace & Responsive / Shared UX","","UI / QA",""
"C24-24.4-003","39","39","39","Part VII — Presentation Standards","24","Workspace & Responsive","24.4","SP-C24-24.4-compound-884168dd","create screens primary actions visible @ 1366/100%","","create screens primary actions visible @ 1366/100%","UX Requirement","UX / Presentation Requirement","span_member","§24.4 workspace rule — atomic split.","Governance Approved","§24 workspace/responsive UX rule.","DX OSE Governance Review (Gate A.3)","Yes","UI / UX","Workspace & Responsive / Shared UX","","UI / QA",""
"C24-24.4-004","39","39","39","Part VII — Presentation Standards","24","Workspace & Responsive","24.4","SP-C24-24.4-compound-884168dd","dialogs fit viewport with internal scroll","","dialogs fit viewport with internal scroll","UX Requirement","UX / Presentation Requirement","span_member","§24.4 workspace rule — atomic split.","Governance Approved","§24 workspace/responsive UX rule.","DX OSE Governance Review (Gate A.3)","Yes","UI / UX","Workspace & Responsive / Shared UX","","UI / QA",""
"C24-24.4-005","39","39","39","Part VII — Presentation Standards","24","Workspace & Responsive","24.4","SP-C24-24.4-compound-884168dd","tables scroll internally.","","tables scroll internally.","UX Requirement","UX / Presentation Requirement","span_member","§24.4 workspace rule — atomic split.","Governance Approved","§24 workspace/responsive UX rule.","DX OSE Governance Review (Gate A.3)","Yes","UI / UX","Workspace & Responsive / Shared UX","","UI / QA",""
"C24-24.5-001","39","39","39","Part VII — Presentation Standards","24","Workspace & Responsive","24.5","SP-C24-24.5-d0946b71","Supported browsers per platform browser support matrix (Architecture Guide).","","Supported browsers per platform browser support matrix (Architecture Guide).","UX Requirement","UX / Presentation Requirement","atomic","","Governance Approved","§24 workspace/responsive UX rule.","DX OSE Governance Review (Gate A.3)","Yes","UI / UX","Workspace & Responsive / Shared UX","","UI / QA",""
"C24-24.5-002","39","39","39","Part VII — Presentation Standards","24","Workspace & Responsive","24.5","SP-C24-24.5-076edef1","High DPI (2K/4K) supported.","","High DPI (2K/4K) supported.","UX Requirement","UX / Presentation Requirement","atomic","","Governance Approved","§24 workspace/responsive UX rule.","DX OSE Governance Review (Gate A.3)","Yes","UI / UX","Workspace & Responsive / Shared UX","","UI / QA",""
"C24-24.5-003","39","39","39","Part VII — Presentation Standards","24","Workspace & Responsive","24.5","SP-C24-24.5-230769ef","Multi-monitor consistency.","","Multi-monitor consistency.","UX Requirement","UX / Presentation Requirement","atomic","","Governance Approved","§24 workspace/responsive UX rule.","DX OSE Governance Review (Gate A.3)","Yes","UI / UX","Workspace & Responsive / Shared UX","","UI / QA",""
"C24-24.6-001","39","39","39","Part VII — Presentation Standards","24","Workspace & Responsive","24.6","SP-C24-24.6-compound-4f2abea9","1366×768 @ 80/90/100/110/125%","","1366×768 @ 80/90/100/110/125%","UX Requirement","QA / Release Requirement","span_member","§24.6 responsive test matrix — atomic split.","Governance Corrected","§24 QA/responsive test requirement.","DX OSE Governance Review (Gate A.3)","Yes","QA / Release Gate","Workspace & Responsive / Shared UX","","UI / QA",""
"C24-24.6-002","39","39","39","Part VII — Presentation Standards","24","Workspace & Responsive","24.6","SP-C24-24.6-compound-4f2abea9","1440/1600/1920 @ 100% — Definition of Done (Chapter 29).","","1440/1600/1920 @ 100% — Definition of Done (Chapter 29).","UX Requirement","QA / Release Requirement","span_member","§24.6 responsive test matrix — atomic split.","Governance Corrected","DoD responsive test matrix.","DX OSE Governance Review (Gate A FINAL)","Yes","QA / Release Gate","Workspace & Responsive / Shared UX","","UI / QA",""
"C24-24.7-001","39","39","39","Part VII — Presentation Standards","24","Workspace & Responsive","24.7","SP-C24-24.7-semi-37609bc6","Geometry tokens — UX Constitution","","Geometry tokens — UX Constitution","UX Requirement","UX / Presentation Requirement","span_member","Semicolon-separated rule — atomic split.","Governance Approved","§24 workspace/responsive UX rule.","DX OSE Governance Review (Gate A.3)","Yes","UI / UX","Workspace & Responsive / Shared UX","","UI / QA",""
"C25-25.1-001","40","40","40","Part VII — Presentation Standards","25","Document Layout","25.1","SP-C25-25.1-semi-46dcf482","One document page pattern for create/edit","","One document page pattern for create/edit","UX Requirement","UX / Presentation Requirement","span_member","Semicolon-separated rule — atomic split.","Governance Approved","§25 document layout UX rule.","DX OSE Governance Review (Gate A.3)","Yes","UI / UX","Document Layout / Shared UX","","UI / UX",""
"C25-25.1-002","40","40","40","Part VII — Presentation Standards","25","Document Layout","25.1","SP-C25-25.1-semi-46dcf482","one for detail/workflow.","","one for detail/workflow.","UX Requirement","UX / Presentation Requirement","span_member","Semicolon-separated rule — atomic split.","Governance Approved","§25 document layout UX rule.","DX OSE Governance Review (Gate A.3)","Yes","UI / UX","Document Layout / Shared UX","","UI / UX",""
"C25-25.2-001","40","40","40","Part VII — Presentation Standards","25","Document Layout","25.2","SP-C25-25.2-4f12ccd9","Create/Edit: masthead, alert band, body (header + lines), fixed action area.","","Create/Edit: masthead, alert band, body (header + lines), fixed action area.","UX Requirement","UX / Presentation Requirement","atomic","","Governance Approved","§25 document layout UX rule.","DX OSE Governance Review (Gate A.3)","Yes","UI / UX","Document Layout / Shared UX","","UI / UX",""
"C25-25.2-002","40","40","40","Part VII — Presentation Standards","25","Document Layout","25.2","SP-C25-25.2-4b883b4f","Detail/Workflow: masthead, status, alert band, action bar, content, timeline.","","Detail/Workflow: masthead, status, alert band, action bar, content, timeline.","UX Requirement","UX / Presentation Requirement","atomic","","Governance Approved","§25 document layout UX rule.","DX OSE Governance Review (Gate A.3)","Yes","UI / UX","Document Layout / Shared UX","","UI / UX",""
"C25-25.2-003","40","40","40","Part VII — Presentation Standards","25","Document Layout","25.2","SP-C25-25.2-c0c79e41","Modules must not invent unrelated layouts.","","Modules must not invent unrelated layouts.","UX Requirement","Product Enforceable Requirement","atomic","","Governance Corrected","Must not invent unrelated layouts.","DX OSE Governance Review (Gate A FINAL)","Yes","UI / UX","Document Layout / Shared UX","","UI / UX",""
"C25-25.2-004","40","40","40","Part VII — Presentation Standards","25","Document Layout","25.2","SP-C25-25.2-3acfd653","All modules must declare and follow one archetype.","","All modules must declare and follow one archetype.","UX Requirement","Product Enforceable Requirement","atomic","","Governance Corrected","Must declare and follow one archetype.","DX OSE Governance Review (Gate A FINAL)","Yes","UI / UX","Document Layout / Shared UX","","UI / UX",""
"C25-25.3-001","40","40","40","Part VII — Presentation Standards","25","Document Layout","25.3","SP-C25-25.3-90a410f7","Primary scroll owner defined per archetype — must be consistent (details: UX Constitution + Architecture Guide).","","Primary scroll owner defined per archetype — must be consistent (details: UX Constitution + Architecture Guide).","UX Requirement","UX / Presentation Requirement","atomic","","Governance Approved","§25 document layout UX rule.","DX OSE Governance Review (Gate A.3)","Yes","UI / UX","Document Layout / Shared UX","","UI / UX",""
"C25-25.4-001","40","40","40","Part VII — Presentation Standards","25","Document Layout","25.4","SP-C25-25.4-b7fa0a94","Header, action bar, and primary actions should remain accessible per archetype without losing context.","","Header, action bar, and primary actions should remain accessible per archetype without losing context.","UX Requirement","Strong Recommendation","atomic","","Governance Corrected","Should remain accessible per archetype.","DX OSE Governance Review (Gate A FINAL)","Yes","UI / UX","Document Layout / Shared UX","","UI / UX",""
"C25-25.5-001","40","40","40","Part VII — Presentation Standards","25","Document Layout","25.5","SP-C25-25.5-semi-e259fb19","Unified empty states","","Unified empty states","UX Requirement","UX / Presentation Requirement","span_member","Semicolon-separated rule — atomic split.","Governance Approved","§25 document layout UX rule.","DX OSE Governance Review (Gate A.3)","Yes","UI / UX","Document Layout / Shared UX","","UI / UX",""
"C25-25.5-002","40","40","40","Part VII — Presentation Standards","25","Document Layout","25.5","SP-C25-25.5-semi-e259fb19","spacing/density per UX Constitution.","","spacing/density per UX Constitution.","UX Requirement","UX / Presentation Requirement","span_member","Semicolon-separated rule — atomic split.","Governance Approved","§25 document layout UX rule.","DX OSE Governance Review (Gate A.3)","Yes","UI / UX","Document Layout / Shared UX","","UI / UX",""
"C25-25.6-001","40","40","40","Part VII — Presentation Standards","25","Document Layout","25.6","SP-C25-25.6-ec0b9e32","Collapsible sections behave consistently across modules.","","Collapsible sections behave consistently across modules.","UX Requirement","UX / Presentation Requirement","atomic","","Governance Approved","§25 document layout UX rule.","DX OSE Governance Review (Gate A.3)","Yes","UI / UX","Document Layout / Shared UX","","UI / UX",""
"C25-25.7-001","40","40","40","Part VII — Presentation Standards","25","Document Layout","25.7","SP-C25-25.7-semi-714bd19c","Goods receipt create (after conformance) — create/edit reference","","Goods receipt create (after conformance) — create/edit reference","UX Requirement","UX / Presentation Requirement","span_member","Semicolon-separated rule — atomic split.","Governance Approved","§25 document layout UX rule.","DX OSE Governance Review (Gate A.3)","Yes","UI / UX","Document Layout / Shared UX","","UI / UX",""
"C25-25.8-001","40","40","40","Part VII — Presentation Standards","25","Document Layout","25.8","SP-C25-25.8-9ab9d5d3","Exact pixel tokens — UX Constitution.","","Exact pixel tokens — UX Constitution.","Out of Scope","Out of Scope","atomic","","Governance Approved","Governance approved: Out of Scope.","DX OSE Governance Review (Gate A.3)","No","N/A","Document Layout / Shared UX","","N/A",""
"C26-26.2-001","41","41","41","Part VII — Presentation Standards","26","Printing & Export","26.2","SP-C26-26.2-semi-03556b27","Platform electronic record is authoritative","","Platform electronic record is authoritative","Product Requirement","Product Enforceable Requirement","span_member","Semicolon-separated rule — atomic split.","Governance Approved","§26 print/export authorization rule.","DX OSE Governance Review (Gate A.3)","Yes","Multiple","Printing & Export / Reports","","Code / Runtime / UI",""
"C26-26.2-002","41","41","41","Part VII — Presentation Standards","26","Printing & Export","26.2","SP-C26-26.2-semi-03556b27","printed/exported copies are representations.","","printed/exported copies are representations.","Product Requirement","Product Enforceable Requirement","span_member","Semicolon-separated rule — atomic split.","Governance Approved","§26 print/export authorization rule.","DX OSE Governance Review (Gate A.3)","Yes","Multiple","Printing & Export / Reports","","Code / Runtime / UI",""
"C26-26.3-001","41","41","41","Part VII — Presentation Standards","26","Printing & Export","26.3","SP-C26-26.3-compound-72e4c5d9","Print and export subject to same permission model as view","","Print and export subject to same permission model as view","Product Requirement","Product Enforceable Requirement","span_member","§26.3 print/export rule — atomic split.","Governance Approved","§26 print/export authorization rule.","DX OSE Governance Review (Gate A.3)","Yes","Multiple","Printing & Export / Reports","","Code / Runtime / UI",""
"C26-26.3-002","41","41","41","Part VII — Presentation Standards","26","Printing & Export","26.3","SP-C26-26.3-compound-72e4c5d9","export authorization explicit.","","export authorization explicit.","Product Requirement","Product Enforceable Requirement","span_member","§26.3 print/export rule — atomic split.","Governance Approved","§26 print/export authorization rule.","DX OSE Governance Review (Gate A.3)","Yes","Multiple","Printing & Export / Reports","","Code / Runtime / UI",""
"C26-26.4-001","41","41","41","Part VII — Presentation Standards","26","Printing & Export","26.4","SP-C26-26.4-b590364e","Sensitive data masked per authorization on export/print.","","Sensitive data masked per authorization on export/print.","Product Requirement","Product Enforceable Requirement","atomic","","Governance Approved","§26 sensitive print/export rule.","DX OSE Governance Review (Gate A.3)","Yes","Multiple","Printing & Export / Reports","","Code / Runtime / UI",""
"C26-26.5-001","41","41","41","Part VII — Presentation Standards","26","Printing & Export","26.5","SP-C26-26.5-ab8304a7","May be allowed with unofficial marking.","","May be allowed with unofficial marking.","Product Requirement","Optional Capability","atomic","","Governance Corrected","May be allowed with unofficial marking.","DX OSE Governance Review (Gate A FINAL)","Yes","Runtime Behavior","Printing & Export / Reports","","Code / Runtime / UI",""
"C26-26.6-001","41","41","41","Part VII — Presentation Standards","26","Printing & Export","26.6","SP-C26-26.6-964994e5","Print of sensitive documents should be logged.","","Print of sensitive documents should be logged.","Product Requirement","Strong Recommendation","atomic","","Governance Corrected","Should log sensitive document print.","DX OSE Governance Review (Gate A FINAL)","Yes","Runtime Behavior","Printing & Export / Reports","","Code / Runtime / UI",""
"C26-26.7-001","41","41","41","Part VII — Presentation Standards","26","Printing & Export","26.7","SP-C26-26.7-2885fd90","Arabic and English should be supported per property or user preference.","","Arabic and English should be supported per property or user preference.","Product Requirement","Strong Recommendation","atomic","","Governance Corrected","Should support Arabic and English.","DX OSE Governance Review (Gate A FINAL)","Yes","UI / UX","Printing & Export / Reports","","Code / Runtime / UI",""
"C27-27.1-001","42","42","42","Part VIII — Platform Principles","27","Performance","27.1","SP-C27-27.1-compound-9225c86f","Large lists — paging or virtual presentation","","Large lists — paging or virtual presentation","Performance Requirement","Product Enforceable Requirement","span_member","§27.1 performance principle — atomic split.","Governance Approved","§27 performance principle.","DX OSE Governance Review (Gate A.3)","Yes","Runtime Behavior","Performance / Platform","","Runtime",""
"C27-27.1-002","42","42","42","Part VIII — Platform Principles","27","Performance","27.1","SP-C27-27.1-compound-9225c86f","server-assisted search when warranted","","server-assisted search when warranted","Performance Requirement","Product Enforceable Requirement","span_member","§27.1 performance principle — atomic split.","Governance Approved","§27 performance principle.","DX OSE Governance Review (Gate A.3)","Yes","Runtime Behavior","Performance / Platform","","Runtime",""
"C27-27.1-003","42","42","42","Part VIII — Platform Principles","27","Performance","27.1","SP-C27-27.1-compound-9225c86f","debounce and cancel in-flight requests","","debounce and cancel in-flight requests","Performance Requirement","Product Enforceable Requirement","span_member","§27.1 performance principle — atomic split.","Governance Approved","§27 performance principle.","DX OSE Governance Review (Gate A.3)","Yes","Runtime Behavior","Performance / Platform","","Runtime",""
"C27-27.1-004","42","42","42","Part VIII — Platform Principles","27","Performance","27.1","SP-C27-27.1-compound-9225c86f","heavy export/print asynchronous with user feedback.","","heavy export/print asynchronous with user feedback.","Performance Requirement","Product Enforceable Requirement","span_member","§27.1 performance principle — atomic split.","Governance Approved","§27 performance principle.","DX OSE Governance Review (Gate A.3)","Yes","Runtime Behavior","Performance / Platform","","Runtime",""
"C27-27.2-001","42","42","42","Part VIII — Platform Principles","27","Performance","27.2","SP-C27-27.2-semi-459c7e48","Document entry responsive under normal hotel operations","","Document entry responsive under normal hotel operations","Performance Requirement","Product Enforceable Requirement","span_member","Semicolon-separated rule — atomic split.","Governance Approved","§27 performance principle.","DX OSE Governance Review (Gate A.3)","Yes","Runtime Behavior","Performance / Platform","","Runtime",""
"C27-27.2-002","42","42","42","Part VIII — Platform Principles","27","Performance","27.2","SP-C27-27.2-semi-459c7e48","exact metrics in QA acceptance criteria and Architecture Guide.","","exact metrics in QA acceptance criteria and Architecture Guide.","Performance Requirement","QA / Release Requirement","span_member","Semicolon-separated rule — atomic split.","Governance Corrected","Performance metrics in QA acceptance criteria.","DX OSE Governance Review (Gate A FINAL)","Yes","QA / Release Gate","Performance / Platform","","Runtime",""
"C28-28.1-001","43","43","43","Part VIII — Platform Principles","28","Accessibility","28.1","SP-C28-28.1-compound-1e278357","Interactive elements labeled","","Interactive elements labeled","Accessibility Requirement","UX / Presentation Requirement","span_member","§28.1 accessibility principle — atomic split.","Governance Approved","§28 accessibility UX rule.","DX OSE Governance Review (Gate A.3)","Yes","UI / UX","Accessibility / Shared UX","","QA / Accessibility",""
"C28-28.1-002","43","43","43","Part VIII — Platform Principles","28","Accessibility","28.1","SP-C28-28.1-compound-1e278357","color not sole state indicator","","color not sole state indicator","Accessibility Requirement","UX / Presentation Requirement","span_member","§28.1 accessibility principle — atomic split.","Governance Approved","§28 accessibility UX rule.","DX OSE Governance Review (Gate A.3)","Yes","UI / UX","Accessibility / Shared UX","","QA / Accessibility",""
"C28-28.1-003","43","43","43","Part VIII — Platform Principles","28","Accessibility","28.1","SP-C28-28.1-compound-1e278357","contrast per agreed targets","","contrast per agreed targets","Accessibility Requirement","UX / Presentation Requirement","span_member","§28.1 accessibility principle — atomic split.","Governance Approved","§28 accessibility UX rule.","DX OSE Governance Review (Gate A.3)","Yes","UI / UX","Accessibility / Shared UX","","QA / Accessibility",""
"C28-28.1-004","43","43","43","Part VIII — Platform Principles","28","Accessibility","28.1","SP-C28-28.1-compound-1e278357","accessibility in QA gates.","","accessibility in QA gates.","Accessibility Requirement","QA / Release Requirement","span_member","§28.1 accessibility principle — atomic split.","Governance Corrected","§28 accessibility QA gate.","DX OSE Governance Review (Gate A.3)","Yes","QA / Release Gate","Accessibility / Shared UX","","QA / Accessibility",""
"C28-28.2-001","43","43","43","Part VIII — Platform Principles","28","Accessibility","28.2","SP-C28-28.2-5c3ebd44","Platform shall support screen reader compatibility for governed interactions.","","Platform shall support screen reader compatibility for governed interactions.","Accessibility Requirement","QA / Release Requirement","atomic","","Governance Corrected","§28 accessibility QA gate.","DX OSE Governance Review (Gate A.3)","Yes","QA / Release Gate","Accessibility / Shared UX","","QA / Accessibility",""
"C28-28.3-001","43","43","43","Part VIII — Platform Principles","28","Accessibility","28.3","SP-C28-28.3-be371e4c","Validation and error messages shall be accessible to assistive technology.","","Validation and error messages shall be accessible to assistive technology.","Accessibility Requirement","UX / Presentation Requirement","atomic","","Governance Approved","§28 accessibility UX rule.","DX OSE Governance Review (Gate A.3)","Yes","UI / UX","Accessibility / Shared UX","","QA / Accessibility",""
"C28-28.4-001","43","43","43","Part VIII — Platform Principles","28","Accessibility","28.4","SP-C28-28.4-semi-676783ca","Keyboard/focus — Chapter 17","","Keyboard/focus — Chapter 17","Accessibility Requirement","UX / Presentation Requirement","span_member","Semicolon-separated rule — atomic split.","Governance Approved","§28 accessibility UX rule.","DX OSE Governance Review (Gate A.3)","Yes","UI / UX","Accessibility / Shared UX","","QA / Accessibility",""
"C28-28.5-001","43","43","43","Part VIII — Platform Principles","28","Accessibility","28.5","SP-C28-28.5-62d33073","Full WCAG certification program — separate initiative.","","Full WCAG certification program — separate initiative.","Out of Scope","Out of Scope","atomic","","Governance Approved","Governance approved: Out of Scope.","DX OSE Governance Review (Gate A.3)","No","N/A","Accessibility / Shared UX","","N/A",""
"C29-29.1-001","44","44","44","Part IX — Conformance","29","Constitution Compliance & Ratification","29.1","SP-C29-29.1-3bf80f75","New and revised capabilities must declare applicable chapters and demonstrate compliance before release.","","New and revised capabilities must declare applicable chapters and demonstrate compliance before release.","Governance Process Requirement","Governance Process Requirement","atomic","","Governance Approved","§29 compliance process.","DX OSE Governance Review (Gate A.3)","No","Governance Process","Governance / QA","","Governance QA",""
"C29-29.2-001","44","44","44","Part IX — Conformance","29","Constitution Compliance & Ratification","29.2","SP-C29-29.2-compound-c2e5a787","Fully Compliant","","Fully Compliant","Governance Process Requirement","Governance Definition","span_member","§29.2 compliance level — atomic split.","Governance Corrected","Fully Compliant compliance level label.","DX OSE Governance Review (Gate A FINAL)","No","Governance Process","Governance / QA","","Governance QA",""
"C29-29.2-002","44","44","44","Part IX — Conformance","29","Constitution Compliance & Ratification","29.2","SP-C29-29.2-compound-c2e5a787","Partially Compliant (documented gaps + remediation plan)","","Partially Compliant (documented gaps + remediation plan)","Governance Process Requirement","QA / Release Requirement","span_member","§29.2 compliance level — atomic split.","Governance Corrected","Partially Compliant release level.","DX OSE Governance Review (Gate A FINAL)","Yes","QA / Release Gate","Governance / QA","","Governance QA",""
"C29-29.2-003","44","44","44","Part IX — Conformance","29","Constitution Compliance & Ratification","29.2","SP-C29-29.2-compound-c2e5a787","Non-Compliant (not releasable without waiver).","","Non-Compliant (not releasable without waiver).","Governance Process Requirement","QA / Release Requirement","span_member","§29.2 compliance level — atomic split.","Governance Corrected","Non-Compliant — not releasable without waiver.","DX OSE Governance Review (Gate A FINAL)","Yes","QA / Release Gate","Governance / QA","","Governance QA",""
"C29-29.3-001","44","44","44","Part IX — Conformance","29","Constitution Compliance & Ratification","29.3","SP-C29-29.3-bb01127c","A screen/capability is compliant when all mandatory rules in applicable chapters are satisfied, including responsive test matrix where applicable.","","A screen/capability is compliant when all mandatory rules in applicable chapters are satisfied, including responsive test matrix where applicable.","Governance Process Requirement","Governance Process Requirement","atomic","","Governance Approved","§29 compliance process.","DX OSE Governance Review (Gate A.3)","No","Governance Process","Governance / QA","","Governance QA",""
"C29-29.5-001","44","44","44","Part IX — Conformance","29","Constitution Compliance & Ratification","29.5","SP-C29-29.5-42a22ad7","New operational modules must undergo constitutional review before production approval.","","New operational modules must undergo constitutional review before production approval.","Governance Process Requirement","Governance Process Requirement","atomic","","Governance Approved","§29 compliance process.","DX OSE Governance Review (Gate A.3)","No","Governance Process","Governance / QA","","Governance QA",""
"C29-29.6-001","44","44","44","Part IX — Conformance","29","Constitution Compliance & Ratification","29.6","SP-C29-29.6-37cfa91c","QA validates against this Constitution and UX Constitution.","","QA validates against this Constitution and UX Constitution.","Governance Process Requirement","Governance Process Requirement","atomic","","Governance Approved","§29 compliance process.","DX OSE Governance Review (Gate A.3)","No","Governance Process","Governance / QA","","Governance QA",""
"C29-29.6-002","44","44","44","Part IX — Conformance","29","Constitution Compliance & Ratification","29.6","SP-C29-29.6-7e9935fb","Methods — Architecture Guide.","","Methods — Architecture Guide.","Governance Process Requirement","Governance Process Requirement","atomic","","Governance Approved","§29 compliance process.","DX OSE Governance Review (Gate A.3)","No","Governance Process","Governance / QA","","Governance QA",""
"C29-29.7-001","44","44","44","Part IX — Conformance","29","Constitution Compliance & Ratification","29.7","SP-C29-29.7-semi-78076f7f","Non-compliance tracked","","Non-compliance tracked","Governance Process Requirement","Governance Process Requirement","span_member","Semicolon-separated rule — atomic split.","Governance Approved","§29 compliance process.","DX OSE Governance Review (Gate A.3)","No","Governance Process","Governance / QA","","Governance QA",""
"C29-29.7-002","44","44","44","Part IX — Conformance","29","Constitution Compliance & Ratification","29.7","SP-C29-29.7-semi-78076f7f","backlog does not override Constitution.","","backlog does not override Constitution.","Governance Process Requirement","Governance Process Requirement","span_member","Semicolon-separated rule — atomic split.","Governance Approved","§29 compliance process.","DX OSE Governance Review (Gate A.3)","No","Governance Process","Governance / QA","","Governance QA",""
"C29-29.8-001","44","44","44","Part IX — Conformance","29","Constitution Compliance & Ratification","29.8","SP-C29-29.8-311be842","This Constitution v2.0 Final is ratified upon approval by Product & Governance and Enterprise Architecture.","","This Constitution v2.0 Final is ratified upon approval by Product & Governance and Enterprise Architecture.","Governance Process Requirement","Governance Process Requirement","atomic","","Governance Approved","§29 compliance process.","DX OSE Governance Review (Gate A.3)","No","Governance Process","Governance / QA","","Governance QA",""
"C29-29.8-002","44","44","44","Part IX — Conformance","29","Constitution Compliance & Ratification","29.8","SP-C29-29.8-4389874c","Supersedes: DX OSE Document Constitution v1.0.","","Supersedes: DX OSE Document Constitution v1.0.","Governance Process Requirement","Governance Process Requirement","atomic","","Governance Approved","§29 compliance process.","DX OSE Governance Review (Gate A.3)","No","Governance Process","Governance / QA","","Governance QA",""
"C29-29.8-003","44","44","44","Part IX — Conformance","29","Constitution Compliance & Ratification","29.8","SP-C29-29.8-9cb18a54","Subordinate: Architecture & Implementation Guides, BDR.","","Subordinate: Architecture & Implementation Guides, BDR.","Governance Process Requirement","Governance Process Requirement","atomic","","Governance Approved","§29 compliance process.","DX OSE Governance Review (Gate A.3)","No","Governance Process","Governance / QA","","Governance QA",""
"CA-A-001","45","45","45","Appendix A","A","Business Decision Records (BDR) Index","A","SP-A-BDR-001","BDR- Reject terminates document; Return → edit → Submit; no Re-submit Active","bdr_id=BDR-001; title=Reject terminates document; Return → edit → Submit; no Re-submit; status=Active; number_line=001","BDR index entry BDR-001: Reject terminates document; Return → edit → Submit; no Re-submit (Active)","Reference Index Entry","Reference Index","atomic","Appendix A BDR index row.","Governance Approved","Governance approved: Reference Index.","DX OSE Governance Review (Gate A.3)","No","Governance Documentation","Governance / BDR Index","Appendix B","BDR index review","Reference index; not constitutional clause"
"CA-A-002","45","45","45","Appendix A","A","Business Decision Records (BDR) Index","A","SP-A-BDR-002","BDR- Draft-first for operational documents Active","bdr_id=BDR-002; title=Draft-first for operational documents; status=Active; number_line=002","BDR index entry BDR-002: Draft-first for operational documents (Active)","Reference Index Entry","Reference Index","atomic","Appendix A BDR index row.","Governance Approved","Governance approved: Reference Index.","DX OSE Governance Review (Gate A.3)","No","Governance Documentation","Governance / BDR Index","Appendix B","BDR index review","Reference index; not constitutional clause"
"CA-A-003","45","45","45","Appendix A","A","Business Decision Records (BDR) Index","A","SP-A-BDR-003","BDR- No automatic line merge; duplicate rules per document type Active","bdr_id=BDR-003; title=No automatic line merge; duplicate rules per document type; status=Active; number_line=003","BDR index entry BDR-003: No automatic line merge; duplicate rules per document type (Active)","Reference Index Entry","Reference Index","atomic","Appendix A BDR index row.","Governance Approved","Governance approved: Reference Index.","DX OSE Governance Review (Gate A.3)","No","Governance Documentation","Governance / BDR Index","Appendix B","BDR index review","Reference index; not constitutional clause"
"CA-A-004","45","45","45","Appendix A","A","Business Decision Records (BDR) Index","A","SP-A-BDR-004","BDR- Final Workflow Approval triggers Posting by default Active","bdr_id=BDR-004; title=Final Workflow Approval triggers Posting by default; status=Active; number_line=004","BDR index entry BDR-004: Final Workflow Approval triggers Posting by default (Active)","Reference Index Entry","Reference Index","atomic","Appendix A BDR index row.","Governance Approved","Governance approved: Reference Index.","DX OSE Governance Review (Gate A.3)","No","Governance Documentation","Governance / BDR Index","Appendix B","BDR index review","Reference index; not constitutional clause"
"CA-A-005","45","45","45","Appendix A","A","Business Decision Records (BDR) Index","A","SP-A-BDR-005","BDR- Evidence Package is not a separate permission Active","bdr_id=BDR-005; title=Evidence Package is not a separate permission; status=Active; number_line=005","BDR index entry BDR-005: Evidence Package is not a separate permission (Active)","Reference Index Entry","Reference Index","atomic","Appendix A BDR index row.","Governance Approved","Governance approved: Reference Index.","DX OSE Governance Review (Gate A.3)","No","Governance Documentation","Governance / BDR Index","Appendix B","BDR index review","Reference index; not constitutional clause"
"CA-A-006","45","45","45","Appendix A","A","Business Decision Records (BDR) Index","A","SP-A-BDR-006","BDR- Period Close uses Resolution Workspace Active","bdr_id=BDR-006; title=Period Close uses Resolution Workspace; status=Active; number_line=006","BDR index entry BDR-006: Period Close uses Resolution Workspace (Active)","Reference Index Entry","Reference Index","atomic","Appendix A BDR index row.","Governance Approved","Governance approved: Reference Index.","DX OSE Governance Review (Gate A.3)","No","Governance Documentation","Governance / BDR Index","Appendix B","BDR index review","Reference index; not constitutional clause"
"CA-A-007","45","45","45","Appendix A","A","Business Decision Records (BDR) Index","A","SP-A-BDR-007","BDR- Void vs Cancelled user-facing label Under","bdr_id=BDR-007; title=Void vs Cancelled user-facing label; status=Under Review; number_line=007","BDR index entry BDR-007: Void vs Cancelled user-facing label (Under Review)","Reference Index Entry","Reference Index","atomic","Appendix A BDR index row.","Governance Approved","Governance approved: Reference Index.","DX OSE Governance Review (Gate A.3)","No","Governance Documentation","Governance / BDR Index","Appendix B","BDR index review","Reference index; not constitutional clause"
"CA-A-008","45","45","45","Appendix A","A","Business Decision Records (BDR) Index","A","SP-A-BDR-008","BDR- Approved state optional — distinct stage before Posting only Active","bdr_id=BDR-008; title=Approved state optional — distinct stage before Posting only; status=Active; number_line=008","BDR index entry BDR-008: Approved state optional — distinct stage before Posting only (Active)","Reference Index Entry","Reference Index","atomic","Appendix A BDR index row.","Governance Approved","Governance approved: Reference Index.","DX OSE Governance Review (Gate A.3)","No","Governance Documentation","Governance / BDR Index","Appendix B","BDR index review","Reference index; not constitutional clause"
"CA-A-009","45","45","45","Appendix A","A","Business Decision Records (BDR) Index","A","SP-A-BDR-009","BDR- Item Business Rules (v1 ITM-1): duplicate messaging, supplier/warehouse change, Active","bdr_id=BDR-009; title=Item Business Rules (v1 ITM-1): duplicate messaging, supplier/warehouse change, base unit immutability after first movement; status=Active; number_line=009","BDR index entry BDR-009: Item Business Rules (v1 ITM-1): duplicate messaging, supplier/warehouse change, base unit immutability after first movement (Active)","Reference Index Entry","Reference Index","atomic","Appendix A BDR index row.","Governance Approved","Governance approved: Reference Index.","DX OSE Governance Review (Gate A.3)","No","Governance Documentation","Governance / BDR Index","Appendix B","BDR index review","Reference index; not constitutional clause"
"CB-B-002","46","46","46","Appendix B","B","Open Governance Notes","B","SP-B-BDR-007","BDR-007 — Void vs Cancelled user-facing label — Under Review","","BDR-007 excluded pending ratification","Explicitly Excluded Pending Ratification","Excluded Pending Ratification","atomic","Appendix B explicit BDR-007 exclusion.","Governance Approved","Governance approved: Excluded Pending Ratification.","DX OSE Governance Review (Gate A.3)","No","Governance Documentation","User-facing lifecycle labeling","2.2","Exclusion register","BDR-007 excluded from enforceable requirements"
